timestamp,pm25,pm25_fa,cal_pm25_fa
1605687840,38.6,49.5,34.518635
1605687841,38.598333333333336,49.75,34.7144
1605687842,38.596666666666664,49.75,34.7144
1605687843,38.595,49.75,34.7144
1605687844,38.593333333333334,49.5,34.518635
1605687845,38.59166666666667,49.5,34.518635
1605687846,38.59,49.75,34.7144
1605687847,38.58833333333333,50.0,34.90683
1605687848,38.586666666666666,50.0,34.90683
1605687849,38.585,50.0,34.90683
1605687850,38.583333333333336,49.5,34.518635
1605687851,38.58166666666666,49.5,34.518635
1605687852,38.58,49.75,34.7144
1605687853,38.57833333333333,49.5,34.518635
1605687854,38.57666666666667,49.25,34.10531
1605687855,38.575,49.25,34.10531
1605687856,38.57333333333333,49.25,34.10531
1605687857,38.571666666666665,49.25,34.10531
1605687858,38.57,49.0,34.23505
1605687859,38.568333333333335,49.0,34.23505
1605687860,38.56666666666667,49.0,34.23505
1605687861,38.565,48.75,33.739666
1605687862,38.56333333333333,48.5,33.59271
1605687863,38.56166666666667,48.5,33.59271
1605687864,38.56,49.0,34.23505
1605687865,38.55833333333334,49.0,34.23505
1605687866,38.556666666666665,49.25,34.10531
1605687867,38.555,49.25,34.10531
1605687868,38.553333333333335,49.25,34.10531
1605687869,38.55166666666667,49.75,34.7144
1605687870,38.55,49.75,34.7144
1605687871,38.54833333333333,50.0,34.90683
1605687872,38.54666666666667,50.0,34.90683
1605687873,38.545,50.0,34.90683
1605687874,38.54333333333334,51.0,34.384922
1605687875,38.541666666666664,50.75,34.614666
1605687876,38.54,50.75,34.614666
1605687877,38.538333333333334,50.75,34.614666
1605687878,38.53666666666667,51.0,34.384922
1605687879,38.535,51.25,34.8662
1605687880,38.53333333333333,50.75,34.614666
1605687881,38.531666666666666,50.75,34.614666
1605687882,38.53,50.75,34.614666
1605687883,38.528333333333336,50.5,34.24006
1605687884,38.526666666666664,50.75,34.614666
1605687885,38.525,50.75,34.614666
1605687886,38.52333333333333,50.5,34.24006
1605687887,38.52166666666667,50.5,34.24006
1605687888,38.52,50.5,34.24006
1605687889,38.51833333333333,50.25,34.93225
1605687890,38.516666666666666,50.25,34.93225
1605687891,38.515,49.75,34.7144
1605687892,38.513333333333335,49.75,34.7144
1605687893,38.51166666666667,49.75,34.7144
1605687894,38.51,49.75,34.7144
1605687895,38.50833333333333,49.5,34.518635
1605687896,38.50666666666667,49.25,34.10531
1605687897,38.505,49.25,34.10531
1605687898,38.50333333333333,49.0,34.23505
1605687899,38.501666666666665,49.0,34.23505
1605687900,38.5,49.25,34.10531
1605687901,38.498333333333335,49.0,34.23505
1605687902,38.49666666666667,49.0,34.23505
1605687903,38.495,49.0,34.23505
1605687904,38.49333333333333,49.0,34.23505
1605687905,38.49166666666667,49.0,34.23505
1605687906,38.49,49.0,34.23505
1605687907,38.48833333333333,49.5,34.518635
1605687908,38.486666666666665,49.5,34.518635
1605687909,38.485,49.5,34.518635
1605687910,38.483333333333334,49.5,34.518635
1605687911,38.48166666666667,49.75,34.7144
1605687912,38.48,49.75,34.7144
1605687913,38.47833333333333,49.75,34.7144
1605687914,38.47666666666667,50.0,34.90683
1605687915,38.475,49.75,34.7144
1605687916,38.473333333333336,49.75,34.7144
1605687917,38.471666666666664,49.75,34.7144
1605687918,38.47,49.75,34.7144
1605687919,38.468333333333334,49.75,34.7144
1605687920,38.46666666666667,49.5,34.518635
1605687921,38.465,49.25,34.10531
1605687922,38.46333333333333,49.25,34.10531
1605687923,38.461666666666666,49.0,34.23505
1605687924,38.46,49.25,34.10531
1605687925,38.458333333333336,49.0,34.23505
1605687926,38.45666666666666,49.0,34.23505
1605687927,38.455,49.25,34.10531
1605687928,38.45333333333333,49.25,34.10531
1605687929,38.45166666666667,49.25,34.10531
1605687930,38.45,49.25,34.10531
1605687931,38.44833333333333,49.25,34.10531
1605687932,38.446666666666665,49.0,34.23505
1605687933,38.445,49.0,34.23505
1605687934,38.443333333333335,49.0,34.23505
1605687935,38.44166666666667,49.0,34.23505
1605687936,38.44,49.0,34.23505
1605687937,38.43833333333333,49.0,34.23505
1605687938,38.43666666666667,49.25,34.10531
1605687939,38.435,49.0,34.23505
1605687940,38.43333333333334,49.0625,34.23505
1605687941,38.431666666666665,49.125,34.23505
1605687942,38.43,49.1875,34.23505
1605687943,38.428333333333335,49.25,34.10531
1605687944,38.42666666666667,49.3125,34.10531
1605687945,38.425,49.375,34.10531
1605687946,38.42333333333333,49.4375,34.10531
1605687947,38.42166666666667,49.5,34.518635
1605687948,38.42,49.0,34.23505
1605687949,38.41833333333334,49.25,34.10531
1605687950,38.416666666666664,49.0,34.23505
1605687951,38.415,48.75,33.739666
1605687952,38.413333333333334,49.0,34.23505
1605687953,38.41166666666667,48.75,33.739666
1605687954,38.41,48.75,33.739666
1605687955,38.40833333333333,49.0,34.23505
1605687956,38.406666666666666,48.75,33.739666
1605687957,38.405,49.0,34.23505
1605687958,38.403333333333336,48.75,33.739666
1605687959,38.401666666666664,49.25,34.10531
1605687960,38.4,49.25,34.10531
1605687961,38.39833333333333,49.25,34.10531
1605687962,38.39666666666667,49.25,34.10531
1605687963,38.395,49.25,34.10531
1605687964,38.39333333333333,49.25,34.10531
1605687965,38.391666666666666,49.5,34.518635
1605687966,38.39,49.5,34.518635
1605687967,38.388333333333335,49.5,34.518635
1605687968,38.38666666666667,49.25,34.10531
1605687969,38.385,49.5,34.518635
1605687970,38.38333333333333,49.5,34.518635
1605687971,38.38166666666667,49.25,34.10531
1605687972,38.38,49.0,34.23505
1605687973,38.37833333333333,49.0,34.23505
1605687974,38.376666666666665,49.25,34.10531
1605687975,38.375,49.25,34.10531
1605687976,38.373333333333335,49.75,34.7144
1605687977,38.37166666666667,49.75,34.7144
1605687978,38.37,49.75,34.7144
1605687979,38.36833333333333,50.0,34.90683
1605687980,38.36666666666667,50.25,34.93225
1605687981,38.365,50.25,34.93225
1605687982,38.36333333333333,50.5,34.24006
1605687983,38.361666666666665,50.5,34.24006
1605687984,38.36,50.75,34.614666
1605687985,38.358333333333334,50.5,34.24006
1605687986,38.35666666666667,50.0,34.90683
1605687987,38.355,50.0,34.90683
1605687988,38.35333333333333,49.75,34.7144
1605687989,38.35166666666667,49.75,34.7144
1605687990,38.35,49.5,34.518635
1605687991,38.348333333333336,49.25,34.10531
1605687992,38.346666666666664,49.25,34.10531
1605687993,38.345,49.0,34.23505
1605687994,38.343333333333334,49.0,34.23505
1605687995,38.34166666666667,49.0,34.23505
1605687996,38.34,49.25,34.10531
1605687997,38.33833333333333,49.25,34.10531
1605687998,38.336666666666666,49.75,34.7144
1605687999,38.335,49.75,34.7144
1605688000,38.333333333333336,50.0,34.90683
1605688001,38.33166666666666,50.25,34.93225
1605688002,38.33,50.5,34.24006
1605688003,38.32833333333333,50.5,34.24006
1605688004,38.32666666666667,50.5,34.24006
1605688005,38.325,50.5,34.24006
1605688006,38.32333333333333,50.5,34.24006
1605688007,38.321666666666665,50.5,34.24006
1605688008,38.32,50.5,34.24006
1605688009,38.318333333333335,50.25,34.93225
1605688010,38.31666666666667,50.0,34.90683
1605688011,38.315,50.0,34.90683
1605688012,38.31333333333333,49.75,34.7144
1605688013,38.31166666666667,49.75,34.7144
1605688014,38.31,49.25,34.10531
1605688015,38.30833333333334,49.25,34.10531
1605688016,38.306666666666665,49.25,34.10531
1605688017,38.305,49.5,34.518635
1605688018,38.303333333333335,49.75,34.7144
1605688019,38.30166666666667,49.75,34.7144
1605688020,38.3,49.75,34.7144
1605688021,38.29833333333333,49.5,34.518635
1605688022,38.29666666666667,49.75,34.7144
1605688023,38.295,49.75,34.7144
1605688024,38.29333333333334,49.75,34.7144
1605688025,38.291666666666664,49.75,34.7144
1605688026,38.29,49.75,34.7144
1605688027,38.288333333333334,49.75,34.7144
1605688028,38.28666666666667,49.5,34.518635
1605688029,38.285,49.25,34.10531
1605688030,38.28333333333333,49.25,34.10531
1605688031,38.281666666666666,49.0,34.23505
1605688032,38.28,48.75,33.739666
1605688033,38.278333333333336,49.0,34.23505
1605688034,38.276666666666664,49.0,34.23505
1605688035,38.275,49.25,34.10531
1605688036,38.27333333333333,49.5,34.518635
1605688037,38.27166666666667,49.5,34.518635
1605688038,38.27,49.5,34.518635
1605688039,38.26833333333333,50.0,34.90683
1605688040,38.266666666666666,50.0,34.90683
1605688041,38.265,50.0,34.90683
1605688042,38.263333333333335,50.25,34.93225
1605688043,38.26166666666667,50.25,34.93225
1605688044,38.26,50.5,34.24006
1605688045,38.25833333333333,50.5,34.24006
1605688046,38.25666666666667,50.75,34.614666
1605688047,38.255,50.75,34.614666
1605688048,38.25333333333333,51.0,34.384922
1605688049,38.251666666666665,50.75,34.614666
1605688050,38.25,51.0,34.384922
1605688051,38.248333333333335,51.25,34.8662
1605688052,38.24666666666667,51.25,34.8662
1605688053,38.245,51.25,34.8662
1605688054,38.24333333333333,51.25,34.8662
1605688055,38.24166666666667,51.0,34.384922
1605688056,38.24,51.125,34.384922
1605688057,38.23833333333333,51.25,34.8662
1605688058,38.236666666666665,51.25,34.8662
1605688059,38.235,51.0,34.384922
1605688060,38.233333333333334,51.25,34.8662
1605688061,38.23166666666667,51.25,34.8662
1605688062,38.23,51.25,34.8662
1605688063,38.22833333333333,51.0,34.384922
1605688064,38.22666666666667,51.25,34.8662
1605688065,38.225,51.0,34.384922
1605688066,38.223333333333336,51.0,34.384922
1605688067,38.221666666666664,50.75,34.614666
1605688068,38.22,50.75,34.614666
1605688069,38.218333333333334,50.5,34.24006
1605688070,38.21666666666667,50.25,34.93225
1605688071,38.215,50.25,34.93225
1605688072,38.21333333333333,50.0,34.90683
1605688073,38.211666666666666,49.75,34.7144
1605688074,38.21,50.0,34.90683
1605688075,38.208333333333336,50.0,34.90683
1605688076,38.20666666666666,50.25,34.93225
1605688077,38.205,50.25,34.93225
1605688078,38.20333333333333,50.75,34.614666
1605688079,38.20166666666667,50.75,34.614666
1605688080,38.2,50.75,34.614666
1605688081,38.19833333333333,51.0,34.384922
1605688082,38.196666666666665,51.25,34.8662
1605688083,38.195,51.25,34.8662
1605688084,38.193333333333335,51.25,34.8662
1605688085,38.19166666666667,51.25,34.8662
1605688086,38.19,51.25,34.8662
1605688087,38.18833333333333,51.25,34.8662
1605688088,38.18666666666667,51.25,34.8662
1605688089,38.185,51.25,34.8662
1605688090,38.18333333333334,51.25,34.8662
1605688091,38.181666666666665,51.25,34.8662
1605688092,38.18,51.0,34.384922
1605688093,38.178333333333335,51.0,34.384922
1605688094,38.17666666666667,51.0,34.384922
1605688095,38.175,50.75,34.614666
1605688096,38.17333333333333,50.75,34.614666
1605688097,38.17166666666667,51.25,34.8662
1605688098,38.17,51.25,34.8662
1605688099,38.16833333333334,51.5,34.864243
1605688100,38.166666666666664,51.5,34.864243
1605688101,38.165,51.5,34.864243
1605688102,38.163333333333334,51.5,34.864243
1605688103,38.16166666666667,51.5,34.864243
1605688104,38.16,52.0,36.793793
1605688105,38.15833333333333,52.0,36.793793
1605688106,38.156666666666666,52.25,37.439877
1605688107,38.155,52.5,37.525616
1605688108,38.153333333333336,52.25,37.439877
1605688109,38.151666666666664,52.25,37.439877
1605688110,38.15,52.5,37.525616
1605688111,38.14833333333333,52.0,36.793793
1605688112,38.14666666666667,52.0,36.793793
1605688113,38.145,52.0,36.793793
1605688114,38.14333333333333,52.0,36.793793
1605688115,38.141666666666666,51.5,34.864243
1605688116,38.14,51.5,34.864243
1605688117,38.138333333333335,51.25,34.8662
1605688118,38.13666666666667,51.0,34.384922
1605688119,38.135,51.0,34.384922
1605688120,38.13333333333333,50.5,34.24006
1605688121,38.13166666666667,50.5,34.24006
1605688122,38.13,50.75,34.614666
1605688123,38.12833333333333,50.25,34.93225
1605688124,38.126666666666665,50.25,34.93225
1605688125,38.125,49.75,34.7144
1605688126,38.123333333333335,49.75,34.7144
1605688127,38.12166666666667,49.75,34.7144
1605688128,38.12,49.75,34.7144
1605688129,38.11833333333333,49.75,34.7144
1605688130,38.11666666666667,49.75,34.7144
1605688131,38.115,49.75,34.7144
1605688132,38.11333333333333,49.75,34.7144
1605688133,38.111666666666665,49.75,34.7144
1605688134,38.11,49.75,34.7144
1605688135,38.108333333333334,49.75,34.7144
1605688136,38.10666666666667,50.0,34.90683
1605688137,38.105,50.0,34.90683
1605688138,38.10333333333333,49.5,34.518635
1605688139,38.10166666666667,49.75,34.7144
1605688140,38.1,50.25,34.93225
1605688141,38.098333333333336,50.25,34.93225
1605688142,38.096666666666664,50.25,34.93225
1605688143,38.095,50.25,34.93225
1605688144,38.093333333333334,50.5,34.24006
1605688145,38.09166666666667,50.75,34.614666
1605688146,38.09,50.75,34.614666
1605688147,38.08833333333333,51.0,34.384922
1605688148,38.086666666666666,51.25,34.8662
1605688149,38.085,51.25,34.8662
1605688150,38.083333333333336,51.25,34.8662
1605688151,38.08166666666666,50.75,34.614666
1605688152,38.08,50.75,34.614666
1605688153,38.07833333333333,50.75,34.614666
1605688154,38.07666666666667,51.0,34.384922
1605688155,38.075,51.0,34.384922
1605688156,38.07333333333333,51.25,34.8662
1605688157,38.071666666666665,51.0,34.384922
1605688158,38.07,51.0,34.384922
1605688159,38.068333333333335,51.0,34.384922
1605688160,38.06666666666667,51.0,34.384922
1605688161,38.065,51.0,34.384922
1605688162,38.06333333333333,51.0,34.384922
1605688163,38.06166666666667,51.25,34.8662
1605688164,38.06,51.0,34.384922
1605688165,38.05833333333334,50.75,34.614666
1605688166,38.056666666666665,50.75,34.614666
1605688167,38.055,50.25,34.93225
1605688168,38.053333333333335,50.25,34.93225
1605688169,38.05166666666667,50.25,34.93225
1605688170,38.05,50.25,34.93225
1605688171,38.04833333333333,50.0,34.90683
1605688172,38.04666666666667,49.75,34.7144
1605688173,38.045,50.0,34.90683
1605688174,38.04333333333334,49.75,34.7144
1605688175,38.041666666666664,50.0,34.90683
1605688176,38.04,50.0,34.90683
1605688177,38.038333333333334,50.25,34.93225
1605688178,38.03666666666667,50.25,34.93225
1605688179,38.035,50.25,34.93225
1605688180,38.03333333333333,50.5,34.24006
1605688181,38.031666666666666,50.5,34.24006
1605688182,38.03,50.75,34.614666
1605688183,38.028333333333336,51.0,34.384922
1605688184,38.026666666666664,51.0,34.384922
1605688185,38.025,51.25,34.8662
1605688186,38.02333333333333,51.0,34.384922
1605688187,38.02166666666667,51.25,34.8662
1605688188,38.02,51.25,34.8662
1605688189,38.01833333333333,51.25,34.8662
1605688190,38.016666666666666,51.25,34.8662
1605688191,38.015,50.75,34.614666
1605688192,38.013333333333335,50.75,34.614666
1605688193,38.01166666666667,50.75,34.614666
1605688194,38.01,50.75,34.614666
1605688195,38.00833333333333,50.75,34.614666
1605688196,38.00666666666667,50.75,34.614666
1605688197,38.005,50.75,34.614666
1605688198,38.00333333333333,50.0,34.90683
1605688199,38.001666666666665,50.25,34.93225
1605688200,38.0,50.5,34.24006
1605688201,37.998333333333335,50.75,34.614666
1605688202,37.99666666666667,50.5,34.24006
1605688203,37.995,50.75,34.614666
1605688204,37.99333333333333,50.75,34.614666
1605688205,37.99166666666667,51.0,34.384922
1605688206,37.99,51.0,34.384922
1605688207,37.98833333333334,51.0,34.384922
1605688208,37.986666666666665,51.25,34.8662
1605688209,37.985,51.5,34.864243
1605688210,37.983333333333334,51.75,35.930943
1605688211,37.98166666666667,51.75,35.930943
1605688212,37.98,52.0,36.793793
1605688213,37.97833333333333,52.0,36.793793
1605688214,37.97666666666667,52.5,37.525616
1605688215,37.975,52.5,37.525616
1605688216,37.973333333333336,52.5,37.525616
1605688217,37.971666666666664,52.5,37.525616
1605688218,37.97,52.5,37.525616
1605688219,37.968333333333334,52.75,38.271393
1605688220,37.96666666666667,52.75,38.271393
1605688221,37.965,53.25,38.217487
1605688222,37.96333333333333,53.25,38.217487
1605688223,37.961666666666666,53.0,38.271393
1605688224,37.96,52.5,37.525616
1605688225,37.958333333333336,52.5,37.525616
1605688226,37.95666666666666,52.0,36.793793
1605688227,37.955,51.75,35.930943
1605688228,37.95333333333333,51.25,34.8662
1605688229,37.95166666666667,51.5,34.864243
1605688230,37.95,51.25,34.8662
1605688231,37.94833333333333,50.25,34.93225
1605688232,37.946666666666665,49.75,34.7144
1605688233,37.945,49.75,34.7144
1605688234,37.943333333333335,49.5,34.518635
1605688235,37.94166666666667,49.0,34.23505
1605688236,37.94,49.0,34.23505
1605688237,37.93833333333333,49.0,34.23505
1605688238,37.93666666666667,49.5,34.518635
1605688239,37.935,49.5,34.518635
1605688240,37.93333333333334,49.5,34.518635
1605688241,37.931666666666665,49.75,34.7144
1605688242,37.93,50.5,34.24006
1605688243,37.928333333333335,50.5,34.24006
1605688244,37.92666666666667,50.75,34.614666
1605688245,37.925,50.75,34.614666
1605688246,37.92333333333333,51.25,34.8662
1605688247,37.92166666666667,51.25,34.8662
1605688248,37.92,51.0,34.384922
1605688249,37.91833333333334,51.0,34.384922
1605688250,37.916666666666664,51.0,34.384922
1605688251,37.915,51.0,34.384922
1605688252,37.913333333333334,51.0,34.384922
1605688253,37.91166666666667,51.0,34.384922
1605688254,37.91,51.0,34.384922
1605688255,37.90833333333333,51.25,34.8662
1605688256,37.906666666666666,51.5,34.864243
1605688257,37.905,51.75,35.930943
1605688258,37.903333333333336,51.75,35.930943
1605688259,37.901666666666664,51.75,35.930943
1605688260,37.9,52.0,36.793793
1605688261,37.89833333333333,52.0,36.793793
1605688262,37.89666666666667,52.0,36.793793
1605688263,37.895,51.5,34.864243
1605688264,37.89333333333333,51.5,34.864243
1605688265,37.891666666666666,51.75,35.930943
1605688266,37.89,51.5,34.864243
1605688267,37.888333333333335,51.5,34.864243
1605688268,37.88666666666667,51.5,34.864243
1605688269,37.885,51.5,34.864243
1605688270,37.88333333333333,51.5,34.864243
1605688271,37.88166666666667,51.25,34.8662
1605688272,37.88,51.25,34.8662
1605688273,37.87833333333333,51.5,34.864243
1605688274,37.876666666666665,51.25,34.8662
1605688275,37.875,51.25,34.8662
1605688276,37.873333333333335,51.0,34.384922
1605688277,37.87166666666667,51.0,34.384922
1605688278,37.87,50.75,34.614666
1605688279,37.86833333333333,50.75,34.614666
1605688280,37.86666666666667,50.75,34.614666
1605688281,37.865,51.0,34.384922
1605688282,37.86333333333334,50.5,34.24006
1605688283,37.861666666666665,50.75,34.614666
1605688284,37.86,50.5,34.24006
1605688285,37.858333333333334,50.75,34.614666
1605688286,37.85666666666667,50.75,34.614666
1605688287,37.855,50.5,34.24006
1605688288,37.85333333333333,50.75,34.614666
1605688289,37.85166666666667,51.0,34.384922
1605688290,37.85,51.0,34.384922
1605688291,37.848333333333336,51.0,34.384922
1605688292,37.846666666666664,50.5,34.24006
1605688293,37.845,50.75,34.614666
1605688294,37.843333333333334,50.75,34.614666
1605688295,37.84166666666667,50.75,34.614666
1605688296,37.84,50.75,34.614666
1605688297,37.83833333333333,50.75,34.614666
1605688298,37.836666666666666,50.75,34.614666
1605688299,37.835,50.75,34.614666
1605688300,37.833333333333336,50.5,34.24006
1605688301,37.83166666666666,50.5,34.24006
1605688302,37.83,50.5,34.24006
1605688303,37.82833333333333,50.25,34.93225
1605688304,37.82666666666667,50.0,34.90683
1605688305,37.825,50.0,34.90683
1605688306,37.82333333333333,50.0,34.90683
1605688307,37.821666666666665,49.5,34.518635
1605688308,37.82,49.5,34.518635
1605688309,37.818333333333335,50.0,34.90683
1605688310,37.81666666666667,50.0,34.90683
1605688311,37.815,50.0,34.90683
1605688312,37.81333333333333,50.5,34.24006
1605688313,37.81166666666667,50.5,34.24006
1605688314,37.81,50.5,34.24006
1605688315,37.80833333333334,50.5,34.24006
1605688316,37.806666666666665,50.5,34.24006
1605688317,37.805,50.4375,34.93225
1605688318,37.803333333333335,50.375,34.93225
1605688319,37.80166666666667,50.3125,34.93225
1605688320,37.8,50.25,34.93225
1605688321,37.79833333333333,50.1875,34.90683
1605688322,37.79666666666667,50.125,34.90683
1605688323,37.795,50.0625,34.90683
1605688324,37.79333333333334,50.0,34.90683
1605688325,37.791666666666664,50.0,34.90683
1605688326,37.79,50.0,34.90683
1605688327,37.788333333333334,50.25,34.93225
1605688328,37.78666666666667,50.5,34.24006
1605688329,37.785,51.0,34.384922
1605688330,37.78333333333333,51.0,34.384922
1605688331,37.781666666666666,51.0,34.384922
1605688332,37.78,51.25,34.8662
1605688333,37.778333333333336,52.0,36.793793
1605688334,37.776666666666664,52.25,37.439877
1605688335,37.775,52.25,37.439877
1605688336,37.77333333333333,52.5,37.525616
1605688337,37.77166666666667,52.75,38.271393
1605688338,37.77,52.75,38.271393
1605688339,37.76833333333333,52.75,38.271393
1605688340,37.766666666666666,53.0,38.271393
1605688341,37.765,52.75,38.271393
1605688342,37.763333333333335,52.75,38.271393
1605688343,37.76166666666667,52.75,38.271393
1605688344,37.76,52.5,37.525616
1605688345,37.75833333333333,52.25,37.439877
1605688346,37.75666666666667,52.25,37.439877
1605688347,37.755,52.25,37.439877
1605688348,37.75333333333333,52.0,36.793793
1605688349,37.751666666666665,52.0,36.793793
1605688350,37.75,52.0,36.793793
1605688351,37.748333333333335,52.25,37.439877
1605688352,37.74666666666667,52.0,36.793793
1605688353,37.745,52.0,36.793793
1605688354,37.74333333333333,52.0,36.793793
1605688355,37.74166666666667,51.75,35.930943
1605688356,37.74,51.75,35.930943
1605688357,37.73833333333334,51.5,34.864243
1605688358,37.736666666666665,51.0,34.384922
1605688359,37.735,51.0,34.384922
1605688360,37.733333333333334,50.75,34.614666
1605688361,37.73166666666667,50.75,34.614666
1605688362,37.73,50.5,34.24006
1605688363,37.72833333333333,50.5,34.24006
1605688364,37.72666666666667,50.5,34.24006
1605688365,37.725,50.5,34.24006
1605688366,37.723333333333336,50.5,34.24006
1605688367,37.721666666666664,50.25,34.93225
1605688368,37.72,50.25,34.93225
1605688369,37.718333333333334,50.5,34.24006
1605688370,37.71666666666667,50.5,34.24006
1605688371,37.715,50.75,34.614666
1605688372,37.71333333333333,50.75,34.614666
1605688373,37.711666666666666,50.75,34.614666
1605688374,37.71,50.75,34.614666
1605688375,37.708333333333336,50.5,34.24006
1605688376,37.70666666666666,50.5,34.24006
1605688377,37.705,50.75,34.614666
1605688378,37.70333333333333,50.75,34.614666
1605688379,37.70166666666667,51.0,34.384922
1605688380,37.7,51.25,34.8662
1605688381,37.69833333333333,51.0,34.384922
1605688382,37.696666666666665,51.5,34.864243
1605688383,37.695,51.75,35.930943
1605688384,37.693333333333335,51.75,35.930943
1605688385,37.69166666666667,51.75,35.930943
1605688386,37.69,52.25,37.439877
1605688387,37.68833333333333,52.75,38.271393
1605688388,37.68666666666667,52.5,37.525616
1605688389,37.685,52.5,37.525616
1605688390,37.68333333333334,52.25,37.439877
1605688391,37.681666666666665,52.5,37.525616
1605688392,37.68,52.5,37.525616
1605688393,37.678333333333335,52.25,37.439877
1605688394,37.67666666666667,51.75,35.930943
1605688395,37.675,51.5,34.864243
1605688396,37.67333333333333,51.5,34.864243
1605688397,37.67166666666667,51.25,34.8662
1605688398,37.67,51.25,34.8662
1605688399,37.66833333333334,51.0,34.384922
1605688400,37.666666666666664,51.0,34.384922
1605688401,37.665,50.5,34.24006
1605688402,37.663333333333334,50.25,34.93225
1605688403,37.66166666666667,50.0,34.90683
1605688404,37.66,50.25,34.93225
1605688405,37.65833333333333,50.25,34.93225
1605688406,37.656666666666666,50.25,34.93225
1605688407,37.655,50.5,34.24006
1605688408,37.653333333333336,50.5,34.24006
1605688409,37.651666666666664,50.25,34.93225
1605688410,37.65,50.5,34.24006
1605688411,37.64833333333333,50.75,34.614666
1605688412,37.64666666666667,51.0,34.384922
1605688413,37.645,51.0,34.384922
1605688414,37.64333333333333,51.25,34.8662
1605688415,37.641666666666666,51.5,34.864243
1605688416,37.64,51.25,34.8662
1605688417,37.638333333333335,51.25,34.8662
1605688418,37.63666666666667,51.25,34.8662
1605688419,37.635,51.25,34.8662
1605688420,37.63333333333333,51.5,34.864243
1605688421,37.63166666666667,51.25,34.8662
1605688422,37.63,51.0,34.384922
1605688423,37.62833333333333,51.0,34.384922
1605688424,37.626666666666665,51.0,34.384922
1605688425,37.625,51.0,34.384922
1605688426,37.623333333333335,51.0,34.384922
1605688427,37.62166666666667,51.0,34.384922
1605688428,37.62,51.0,34.384922
1605688429,37.61833333333333,51.0,34.384922
1605688430,37.61666666666667,51.0,34.384922
1605688431,37.615,51.25,34.8662
1605688432,37.61333333333334,51.0,34.384922
1605688433,37.611666666666665,51.0,34.384922
1605688434,37.61,51.0,34.384922
1605688435,37.608333333333334,51.0,34.384922
1605688436,37.60666666666667,51.25,34.8662
1605688437,37.605000000000004,51.5,34.864243
1605688438,37.60333333333333,51.5,34.864243
1605688439,37.60166666666667,51.5,34.864243
1605688440,37.6,51.5,34.864243
1605688441,37.598333333333336,51.5,34.864243
1605688442,37.596666666666664,51.75,35.930943
1605688443,37.595,51.75,35.930943
1605688444,37.593333333333334,51.5,34.864243
1605688445,37.59166666666667,51.5,34.864243
1605688446,37.59,51.5,34.864243
1605688447,37.58833333333333,51.25,34.8662
1605688448,37.586666666666666,51.25,34.8662
1605688449,37.585,51.25,34.8662
1605688450,37.583333333333336,51.5,34.864243
1605688451,37.58166666666666,51.0,34.384922
1605688452,37.58,51.0,34.384922
1605688453,37.57833333333333,51.0,34.384922
1605688454,37.57666666666667,51.0,34.384922
1605688455,37.575,51.25,34.8662
1605688456,37.57333333333333,51.25,34.8662
1605688457,37.571666666666665,51.25,34.8662
1605688458,37.57,51.25,34.8662
1605688459,37.568333333333335,51.25,34.8662
1605688460,37.56666666666667,51.0,34.384922
1605688461,37.565,51.0,34.384922
1605688462,37.56333333333333,51.0,34.384922
1605688463,37.56166666666667,51.25,34.8662
1605688464,37.56,51.5,34.864243
1605688465,37.55833333333334,51.5,34.864243
1605688466,37.556666666666665,51.5,34.864243
1605688467,37.555,51.75,35.930943
1605688468,37.553333333333335,51.75,35.930943
1605688469,37.55166666666667,51.75,35.930943
1605688470,37.55,51.75,35.930943
1605688471,37.54833333333333,51.75,35.930943
1605688472,37.54666666666667,51.75,35.930943
1605688473,37.545,51.75,35.930943
1605688474,37.54333333333334,51.5,34.864243
1605688475,37.541666666666664,51.25,34.8662
1605688476,37.54,51.25,34.8662
1605688477,37.538333333333334,51.5,34.864243
1605688478,37.53666666666667,51.0,34.384922
1605688479,37.535,50.75,34.614666
1605688480,37.53333333333333,50.75,34.614666
1605688481,37.531666666666666,51.0,34.384922
1605688482,37.53,51.0,34.384922
1605688483,37.528333333333336,51.0,34.384922
1605688484,37.526666666666664,51.0,34.384922
1605688485,37.525,51.0,34.384922
1605688486,37.52333333333333,51.25,34.8662
1605688487,37.52166666666667,51.25,34.8662
1605688488,37.52,50.75,34.614666
1605688489,37.51833333333333,50.75,34.614666
1605688490,37.516666666666666,50.75,34.614666
1605688491,37.515,50.5,34.24006
1605688492,37.513333333333335,50.0,34.90683
1605688493,37.51166666666667,50.0,34.90683
1605688494,37.51,49.75,34.7144
1605688495,37.50833333333333,50.0,34.90683
1605688496,37.50666666666667,49.75,34.7144
1605688497,37.505,49.75,34.7144
1605688498,37.50333333333333,50.0,34.90683
1605688499,37.501666666666665,50.0,34.90683
1605688500,37.5,49.75,34.7144
1605688501,37.498333333333335,49.75,34.7144
1605688502,37.49666666666667,50.0,34.90683
1605688503,37.495,50.25,34.93225
1605688504,37.49333333333333,49.75,34.7144
1605688505,37.49166666666667,49.8125,34.7144
1605688506,37.49,49.875,34.7144
1605688507,37.48833333333334,49.9375,34.7144
1605688508,37.486666666666665,50.0,34.90683
1605688509,37.485,50.0625,34.90683
1605688510,37.483333333333334,50.125,34.90683
1605688511,37.48166666666667,50.1875,34.90683
1605688512,37.480000000000004,50.25,34.93225
1605688513,37.47833333333333,50.5,34.24006
1605688514,37.47666666666667,49.75,34.7144
1605688515,37.475,49.75,34.7144
1605688516,37.473333333333336,50.0,34.90683
1605688517,37.471666666666664,49.75,34.7144
1605688518,37.47,50.25,34.93225
1605688519,37.468333333333334,50.5,34.24006
1605688520,37.46666666666667,50.25,34.93225
1605688521,37.465,50.25,34.93225
1605688522,37.46333333333333,50.25,34.93225
1605688523,37.461666666666666,50.25,34.93225
1605688524,37.46,50.0,34.90683
1605688525,37.458333333333336,50.0,34.90683
1605688526,37.45666666666666,50.0,34.90683
1605688527,37.455,50.0,34.90683
1605688528,37.45333333333333,50.0,34.90683
1605688529,37.45166666666667,50.0,34.90683
1605688530,37.45,50.25,34.93225
1605688531,37.44833333333333,50.75,34.614666
1605688532,37.446666666666665,51.0,34.384922
1605688533,37.445,50.75,34.614666
1605688534,37.443333333333335,50.75,34.614666
1605688535,37.44166666666667,50.75,34.614666
1605688536,37.44,50.75,34.614666
1605688537,37.43833333333333,50.75,34.614666
1605688538,37.43666666666667,51.25,34.8662
1605688539,37.435,51.0,34.384922
1605688540,37.43333333333334,50.5,34.24006
1605688541,37.431666666666665,50.75,34.614666
1605688542,37.43,50.25,34.93225
1605688543,37.428333333333335,50.25,34.93225
1605688544,37.42666666666667,50.25,34.93225
1605688545,37.425,50.25,34.93225
1605688546,37.42333333333333,50.25,34.93225
1605688547,37.42166666666667,50.25,34.93225
1605688548,37.42,50.5,34.24006
1605688549,37.41833333333334,50.25,34.93225
1605688550,37.416666666666664,50.75,34.614666
1605688551,37.415,50.75,34.614666
1605688552,37.413333333333334,51.0,34.384922
1605688553,37.41166666666667,51.0,34.384922
1605688554,37.41,51.0,34.384922
1605688555,37.40833333333333,51.25,34.8662
1605688556,37.406666666666666,51.0,34.384922
1605688557,37.405,50.75,34.614666
1605688558,37.403333333333336,51.25,34.8662
1605688559,37.401666666666664,51.25,34.8662
1605688560,37.4,51.0,34.384922
1605688561,37.39833333333333,51.0,34.384922
1605688562,37.39666666666667,51.0,34.384922
1605688563,37.395,51.0,34.384922
1605688564,37.39333333333333,51.5,34.864243
1605688565,37.391666666666666,51.5,34.864243
1605688566,37.39,51.5,34.864243
1605688567,37.388333333333335,52.0,36.793793
1605688568,37.38666666666667,52.0,36.793793
1605688569,37.385,51.75,35.930943
1605688570,37.38333333333333,51.5,34.864243
1605688571,37.38166666666667,51.0,34.384922
1605688572,37.38,51.0,34.384922
1605688573,37.37833333333333,50.75,34.614666
1605688574,37.376666666666665,50.75,34.614666
1605688575,37.375,50.5,34.24006
1605688576,37.373333333333335,50.25,34.93225
1605688577,37.37166666666667,50.5,34.24006
1605688578,37.37,50.5,34.24006
1605688579,37.36833333333333,51.0,34.384922
1605688580,37.36666666666667,51.0,34.384922
1605688581,37.365,51.25,34.8662
1605688582,37.36333333333334,51.75,35.930943
1605688583,37.361666666666665,52.0,36.793793
1605688584,37.36,52.0,36.793793
1605688585,37.358333333333334,52.0,36.793793
1605688586,37.35666666666667,52.5,37.525616
1605688587,37.355000000000004,52.25,37.439877
1605688588,37.35333333333333,52.25,37.439877
1605688589,37.35166666666667,52.25,37.439877
1605688590,37.35,52.25,37.439877
1605688591,37.348333333333336,51.75,35.930943
1605688592,37.346666666666664,51.75,35.930943
1605688593,37.345,51.75,35.930943
1605688594,37.343333333333334,51.75,35.930943
1605688595,37.34166666666667,51.5,34.864243
1605688596,37.34,51.5,34.864243
1605688597,37.33833333333333,51.0,34.384922
1605688598,37.336666666666666,51.0,34.384922
1605688599,37.335,51.0,34.384922
1605688600,37.333333333333336,50.75,34.614666
1605688601,37.33166666666666,50.75,34.614666
1605688602,37.33,50.75,34.614666
1605688603,37.32833333333333,50.75,34.614666
1605688604,37.32666666666667,50.5,34.24006
1605688605,37.325,50.5,34.24006
1605688606,37.32333333333333,50.0,34.90683
1605688607,37.321666666666665,50.25,34.93225
1605688608,37.32,50.0,34.90683
1605688609,37.318333333333335,50.25,34.93225
1605688610,37.31666666666667,50.0,34.90683
1605688611,37.315,49.75,34.7144
1605688612,37.31333333333333,49.75,34.7144
1605688613,37.31166666666667,49.75,34.7144
1605688614,37.31,49.75,34.7144
1605688615,37.30833333333334,50.0,34.90683
1605688616,37.306666666666665,50.0,34.90683
1605688617,37.305,50.25,34.93225
1605688618,37.303333333333335,50.75,34.614666
1605688619,37.30166666666667,50.75,34.614666
1605688620,37.3,50.75,34.614666
1605688621,37.29833333333333,51.5,34.864243
1605688622,37.29666666666667,51.5,34.864243
1605688623,37.295,51.5,34.864243
1605688624,37.29333333333334,51.0,34.384922
1605688625,37.291666666666664,50.75,34.614666
1605688626,37.29,50.5,34.24006
1605688627,37.288333333333334,50.75,34.614666
1605688628,37.28666666666667,50.75,34.614666
1605688629,37.285,50.5,34.24006
1605688630,37.28333333333333,50.25,34.93225
1605688631,37.281666666666666,50.25,34.93225
1605688632,37.28,50.25,34.93225
1605688633,37.278333333333336,50.25,34.93225
1605688634,37.276666666666664,50.5,34.24006
1605688635,37.275,50.75,34.614666
1605688636,37.27333333333333,50.75,34.614666
1605688637,37.27166666666667,50.5,34.24006
1605688638,37.27,50.25,34.93225
1605688639,37.26833333333333,50.0,34.90683
1605688640,37.266666666666666,49.5,34.518635
1605688641,37.265,49.5,34.518635
1605688642,37.263333333333335,49.25,34.10531
1605688643,37.26166666666667,49.25,34.10531
1605688644,37.26,49.0,34.23505
1605688645,37.25833333333333,49.0,34.23505
1605688646,37.25666666666667,49.25,34.10531
1605688647,37.255,49.5,34.518635
1605688648,37.25333333333333,49.5,34.518635
1605688649,37.251666666666665,49.5,34.518635
1605688650,37.25,49.5,34.518635
1605688651,37.248333333333335,49.5,34.518635
1605688652,37.24666666666667,49.5,34.518635
1605688653,37.245,49.5,34.518635
1605688654,37.24333333333333,49.75,34.7144
1605688655,37.24166666666667,49.5,34.518635
1605688656,37.24,49.5,34.518635
1605688657,37.23833333333334,49.75,34.7144
1605688658,37.236666666666665,49.5,34.518635
1605688659,37.235,49.5,34.518635
1605688660,37.233333333333334,49.5,34.518635
1605688661,37.23166666666667,49.5,34.518635
1605688662,37.230000000000004,49.25,34.10531
1605688663,37.22833333333333,49.25,34.10531
1605688664,37.22666666666667,49.0,34.23505
1605688665,37.225,49.0,34.23505
1605688666,37.223333333333336,49.5,34.518635
1605688667,37.221666666666664,49.25,34.10531
1605688668,37.22,49.25,34.10531
1605688669,37.218333333333334,49.25,34.10531
1605688670,37.21666666666667,49.5,34.518635
1605688671,37.215,50.0,34.90683
1605688672,37.21333333333333,50.25,34.93225
1605688673,37.211666666666666,50.5,34.24006
1605688674,37.21,50.75,34.614666
1605688675,37.208333333333336,50.75,34.614666
1605688676,37.20666666666666,51.25,34.8662
1605688677,37.205,51.0,34.384922
1605688678,37.20333333333333,51.25,34.8662
1605688679,37.20166666666667,51.25,34.8662
1605688680,37.2,51.25,34.8662
1605688681,37.19833333333333,51.25,34.8662
1605688682,37.196666666666665,51.5,34.864243
1605688683,37.195,51.5,34.864243
1605688684,37.193333333333335,51.5,34.864243
1605688685,37.19166666666667,51.5,34.864243
1605688686,37.19,52.0,36.793793
1605688687,37.18833333333333,51.75,35.930943
1605688688,37.18666666666667,51.75,35.930943
1605688689,37.185,51.75,35.930943
1605688690,37.18333333333334,51.75,35.930943
1605688691,37.181666666666665,51.75,35.930943
1605688692,37.18,51.75,35.930943
1605688693,37.178333333333335,51.75,35.930943
1605688694,37.17666666666667,51.75,35.930943
1605688695,37.175,51.75,35.930943
1605688696,37.17333333333333,51.75,35.930943
1605688697,37.17166666666667,51.75,35.930943
1605688698,37.17,51.75,35.930943
1605688699,37.16833333333334,51.75,35.930943
1605688700,37.166666666666664,51.75,35.930943
1605688701,37.165,51.75,35.930943
1605688702,37.163333333333334,51.5,34.864243
1605688703,37.16166666666667,51.5,34.864243
1605688704,37.16,51.75,35.930943
1605688705,37.15833333333333,51.0,34.384922
1605688706,37.156666666666666,51.25,34.8662
1605688707,37.155,51.0,34.384922
1605688708,37.153333333333336,51.0,34.384922
1605688709,37.151666666666664,50.5,34.24006
1605688710,37.15,51.0,34.384922
1605688711,37.14833333333333,50.5,34.24006
1605688712,37.14666666666667,50.5,34.24006
1605688713,37.145,50.5,34.24006
1605688714,37.14333333333333,50.75,34.614666
1605688715,37.141666666666666,50.5,34.24006
1605688716,37.14,50.5,34.24006
1605688717,37.138333333333335,50.5,34.24006
1605688718,37.13666666666667,50.5,34.24006
1605688719,37.135,50.25,34.93225
1605688720,37.13333333333333,50.5,34.24006
1605688721,37.13166666666667,50.25,34.93225
1605688722,37.13,50.5,34.24006
1605688723,37.12833333333333,50.5,34.24006
1605688724,37.126666666666665,50.5,34.24006
1605688725,37.125,50.25,34.93225
1605688726,37.123333333333335,50.5,34.24006
1605688727,37.12166666666667,50.625,34.24006
1605688728,37.12,50.75,34.614666
1605688729,37.11833333333333,50.75,34.614666
1605688730,37.11666666666667,50.75,34.614666
1605688731,37.115,51.25,34.8662
1605688732,37.11333333333334,51.25,34.8662
1605688733,37.111666666666665,51.25,34.8662
1605688734,37.11,51.25,34.8662
1605688735,37.108333333333334,51.5,34.864243
1605688736,37.10666666666667,51.25,34.8662
1605688737,37.105000000000004,51.25,34.8662
1605688738,37.10333333333333,51.5,34.864243
1605688739,37.10166666666667,51.5,34.864243
1605688740,37.1,51.5,34.864243
1605688741,37.098333333333336,51.75,35.930943
1605688742,37.096666666666664,51.75,35.930943
1605688743,37.095,52.0,36.793793
1605688744,37.093333333333334,52.0,36.793793
1605688745,37.09166666666667,52.0,36.793793
1605688746,37.09,52.5,37.525616
1605688747,37.08833333333333,52.5,37.525616
1605688748,37.086666666666666,52.25,37.439877
1605688749,37.085,51.75,35.930943
1605688750,37.083333333333336,51.5,34.864243
1605688751,37.08166666666666,51.0,34.384922
1605688752,37.08,50.75,34.614666
1605688753,37.07833333333333,50.75,34.614666
1605688754,37.07666666666667,50.25,34.93225
1605688755,37.075,50.0,34.90683
1605688756,37.07333333333333,49.5,34.518635
1605688757,37.071666666666665,49.25,34.10531
1605688758,37.07,49.25,34.10531
1605688759,37.068333333333335,49.25,34.10531
1605688760,37.06666666666667,49.0,34.23505
1605688761,37.065,49.0,34.23505
1605688762,37.06333333333333,49.0,34.23505
1605688763,37.06166666666667,49.0,34.23505
1605688764,37.06,49.25,34.10531
1605688765,37.05833333333334,49.25,34.10531
1605688766,37.056666666666665,49.25,34.10531
1605688767,37.055,49.25,34.10531
1605688768,37.053333333333335,49.25,34.10531
1605688769,37.05166666666667,49.75,34.7144
1605688770,37.05,49.75,34.7144
1605688771,37.04833333333333,49.75,34.7144
1605688772,37.04666666666667,50.25,34.93225
1605688773,37.045,50.25,34.93225
1605688774,37.04333333333334,50.0,34.90683
1605688775,37.041666666666664,50.0,34.90683
1605688776,37.04,50.0,34.90683
1605688777,37.038333333333334,50.0,34.90683
1605688778,37.03666666666667,49.75,34.7144
1605688779,37.035,49.75,34.7144
1605688780,37.03333333333333,49.5,34.518635
1605688781,37.031666666666666,49.5,34.518635
1605688782,37.03,49.5,34.518635
1605688783,37.028333333333336,49.25,34.10531
1605688784,37.026666666666664,49.25,34.10531
1605688785,37.025,49.25,34.10531
1605688786,37.02333333333333,49.25,34.10531
1605688787,37.02166666666667,49.25,34.10531
1605688788,37.02,49.0,34.23505
1605688789,37.01833333333333,49.0,34.23505
1605688790,37.016666666666666,48.75,33.739666
1605688791,37.015,48.5,33.59271
1605688792,37.013333333333335,48.25,33.439037
1605688793,37.01166666666667,49.0,34.23505
1605688794,37.01,48.75,33.739666
1605688795,37.00833333333333,48.75,33.739666
1605688796,37.00666666666667,48.5,33.59271
1605688797,37.005,48.5,33.59271
1605688798,37.00333333333333,48.5,33.59271
1605688799,37.001666666666665,49.0,34.23505
1605688800,37.0,49.0,34.23505
1605688801,36.998333333333335,48.75,33.739666
1605688802,36.99666666666667,48.75,33.739666
1605688803,36.995,49.0,34.23505
1605688804,36.99333333333333,49.0,34.23505
1605688805,36.99166666666667,49.0,34.23505
1605688806,36.99,49.0,34.23505
1605688807,36.98833333333333,49.0,34.23505
1605688808,36.986666666666665,49.25,34.10531
1605688809,36.985,49.25,34.10531
1605688810,36.983333333333334,49.5,34.518635
1605688811,36.98166666666667,49.75,34.7144
1605688812,36.980000000000004,49.75,34.7144
1605688813,36.97833333333333,50.0,34.90683
1605688814,36.97666666666667,50.0,34.90683
1605688815,36.975,50.25,34.93225
1605688816,36.973333333333336,50.25,34.93225
1605688817,36.971666666666664,50.0,34.90683
1605688818,36.97,50.0,34.90683
1605688819,36.968333333333334,50.0,34.90683
1605688820,36.96666666666667,49.75,34.7144
1605688821,36.965,49.75,34.7144
1605688822,36.96333333333333,50.0,34.90683
1605688823,36.961666666666666,50.0,34.90683
1605688824,36.96,50.0,34.90683
1605688825,36.958333333333336,50.25,34.93225
1605688826,36.95666666666666,50.0,34.90683
1605688827,36.955,50.25,34.93225
1605688828,36.95333333333333,50.25,34.93225
1605688829,36.95166666666667,50.25,34.93225
1605688830,36.95,50.25,34.93225
1605688831,36.94833333333333,50.5,34.24006
1605688832,36.946666666666665,50.5,34.24006
1605688833,36.945,50.25,34.93225
1605688834,36.943333333333335,50.25,34.93225
1605688835,36.94166666666667,50.0,34.90683
1605688836,36.94,50.0,34.90683
1605688837,36.93833333333333,49.75,34.7144
1605688838,36.93666666666667,49.75,34.7144
1605688839,36.935,49.5,34.518635
1605688840,36.93333333333334,49.0,34.23505
1605688841,36.931666666666665,48.75,33.739666
1605688842,36.93,48.5,33.59271
1605688843,36.928333333333335,48.25,33.439037
1605688844,36.92666666666667,48.75,33.739666
1605688845,36.925,48.75,33.739666
1605688846,36.92333333333333,48.75,33.739666
1605688847,36.92166666666667,48.5,33.59271
1605688848,36.92,48.5,33.59271
1605688849,36.91833333333334,48.5,33.59271
1605688850,36.916666666666664,48.25,33.439037
1605688851,36.915,48.25,33.439037
1605688852,36.913333333333334,48.25,33.439037
1605688853,36.91166666666667,48.25,33.439037
1605688854,36.91,48.5,33.59271
1605688855,36.90833333333333,48.5,33.59271
1605688856,36.906666666666666,48.5,33.59271
1605688857,36.905,48.5,33.59271
1605688858,36.903333333333336,48.75,33.739666
1605688859,36.90166666666667,48.75,33.739666
1605688860,36.9,48.5,33.59271
1605688861,36.89833333333333,48.5,33.59271
1605688862,36.89666666666667,48.75,33.739666
1605688863,36.895,48.75,33.739666
1605688864,36.89333333333333,48.75,33.739666
1605688865,36.891666666666666,48.75,33.739666
1605688866,36.89,48.75,33.739666
1605688867,36.888333333333335,48.75,33.739666
1605688868,36.88666666666667,48.5,33.59271
1605688869,36.885,48.5,33.59271
1605688870,36.88333333333333,48.5,33.59271
1605688871,36.88166666666667,48.5,33.59271
1605688872,36.88,48.5,33.59271
1605688873,36.87833333333333,48.0,33.432915
1605688874,36.876666666666665,48.25,33.439037
1605688875,36.875,48.25,33.439037
1605688876,36.873333333333335,48.0,33.432915
1605688877,36.87166666666667,48.5,33.59271
1605688878,36.87,48.5,33.59271
1605688879,36.86833333333333,48.75,33.739666
1605688880,36.86666666666667,48.77777777777778,33.739666
1605688881,36.865,48.80555555555556,33.739666
1605688882,36.86333333333333,48.833333333333336,33.739666
1605688883,36.861666666666665,48.861111111111114,33.739666
1605688884,36.86,48.888888888888886,33.739666
1605688885,36.858333333333334,48.916666666666664,33.739666
1605688886,36.85666666666667,48.94444444444444,33.739666
1605688887,36.855000000000004,48.97222222222222,33.739666
1605688888,36.85333333333333,49.0,34.23505
1605688889,36.85166666666667,49.0,34.23505
1605688890,36.85,49.25,34.10531
1605688891,36.848333333333336,49.5,34.518635
1605688892,36.846666666666664,49.25,34.10531
1605688893,36.845,49.25,34.10531
1605688894,36.843333333333334,49.5,34.518635
1605688895,36.84166666666667,49.75,34.7144
1605688896,36.84,49.75,34.7144
1605688897,36.83833333333333,49.25,34.10531
1605688898,36.836666666666666,49.5,34.518635
1605688899,36.835,49.5,34.518635
1605688900,36.833333333333336,49.5,34.518635
1605688901,36.83166666666666,49.25,34.10531
1605688902,36.83,49.5,34.518635
1605688903,36.82833333333333,49.5,34.518635
1605688904,36.82666666666667,49.25,34.10531
1605688905,36.825,49.25,34.10531
1605688906,36.82333333333333,49.25,34.10531
1605688907,36.821666666666665,49.0,34.23505
1605688908,36.82,49.0,34.23505
1605688909,36.818333333333335,49.0,34.23505
1605688910,36.81666666666667,49.0,34.23505
1605688911,36.815,49.0,34.23505
1605688912,36.81333333333333,49.25,34.10531
1605688913,36.81166666666667,49.25,34.10531
1605688914,36.81,49.0,34.23505
1605688915,36.80833333333334,49.0,34.23505
1605688916,36.806666666666665,49.0,34.23505
1605688917,36.805,49.0,34.23505
1605688918,36.803333333333335,49.0,34.23505
1605688919,36.80166666666667,49.5,34.518635
1605688920,36.8,49.5,34.518635
1605688921,36.79833333333333,49.5,34.518635
1605688922,36.79666666666667,49.75,34.7144
1605688923,36.795,50.0,34.90683
1605688924,36.79333333333334,50.25,34.93225
1605688925,36.791666666666664,50.75,34.614666
1605688926,36.79,51.25,34.8662
1605688927,36.788333333333334,51.25,34.8662
1605688928,36.78666666666667,51.0,34.384922
1605688929,36.785,51.25,34.8662
1605688930,36.78333333333333,51.5,34.864243
1605688931,36.781666666666666,51.25,34.8662
1605688932,36.78,51.0,34.384922
1605688933,36.778333333333336,50.75,34.614666
1605688934,36.77666666666667,50.5,34.24006
1605688935,36.775,50.25,34.93225
1605688936,36.77333333333333,50.0,34.90683
1605688937,36.77166666666667,49.75,34.7144
1605688938,36.77,49.5,34.518635
1605688939,36.76833333333333,49.5,34.518635
1605688940,36.766666666666666,49.25,34.10531
1605688941,36.765,49.75,34.7144
1605688942,36.763333333333335,49.75,34.7144
1605688943,36.76166666666667,50.0,34.90683
1605688944,36.76,50.0,34.90683
1605688945,36.75833333333333,50.25,34.93225
1605688946,36.75666666666667,50.25,34.93225
1605688947,36.755,50.0,34.90683
1605688948,36.75333333333333,50.5,34.24006
1605688949,36.751666666666665,50.5,34.24006
1605688950,36.75,50.5,34.24006
1605688951,36.748333333333335,50.5,34.24006
1605688952,36.74666666666667,50.75,34.614666
1605688953,36.745,50.75,34.614666
1605688954,36.74333333333333,51.0,34.384922
1605688955,36.74166666666667,51.0,34.384922
1605688956,36.74,51.0,34.384922
1605688957,36.73833333333333,51.25,34.8662
1605688958,36.736666666666665,51.25,34.8662
1605688959,36.735,51.5,34.864243
1605688960,36.733333333333334,51.25,34.8662
1605688961,36.73166666666667,51.5,34.864243
1605688962,36.730000000000004,51.25,34.8662
1605688963,36.72833333333333,51.0,34.384922
1605688964,36.72666666666667,51.0,34.384922
1605688965,36.725,50.75,34.614666
1605688966,36.723333333333336,51.0,34.384922
1605688967,36.721666666666664,50.75,34.614666
1605688968,36.72,50.5,34.24006
1605688969,36.718333333333334,50.5,34.24006
1605688970,36.71666666666667,50.25,34.93225
1605688971,36.715,50.25,34.93225
1605688972,36.71333333333333,50.25,34.93225
1605688973,36.711666666666666,49.75,34.7144
1605688974,36.71,49.75,34.7144
1605688975,36.708333333333336,50.0,34.90683
1605688976,36.70666666666666,49.75,34.7144
1605688977,36.705,49.75,34.7144
1605688978,36.70333333333333,50.0,34.90683
1605688979,36.70166666666667,50.0,34.90683
1605688980,36.7,50.0,34.90683
1605688981,36.69833333333333,50.25,34.93225
1605688982,36.696666666666665,50.25,34.93225
1605688983,36.695,50.5,34.24006
1605688984,36.693333333333335,50.75,34.614666
1605688985,36.69166666666667,50.75,34.614666
1605688986,36.69,50.75,34.614666
1605688987,36.68833333333333,50.5,34.24006
1605688988,36.68666666666667,50.75,34.614666
1605688989,36.685,50.75,34.614666
1605688990,36.68333333333334,50.75,34.614666
1605688991,36.681666666666665,50.75,34.614666
1605688992,36.68,50.75,34.614666
1605688993,36.678333333333335,50.75,34.614666
1605688994,36.67666666666667,50.75,34.614666
1605688995,36.675,50.5,34.24006
1605688996,36.67333333333333,50.25,34.93225
1605688997,36.67166666666667,50.25,34.93225
1605688998,36.67,50.75,34.614666
1605688999,36.66833333333334,50.75,34.614666
1605689000,36.666666666666664,50.75,34.614666
1605689001,36.665,50.25,34.93225
1605689002,36.663333333333334,50.25,34.93225
1605689003,36.66166666666667,50.5,34.24006
1605689004,36.66,50.0,34.90683
1605689005,36.65833333333333,50.0,34.90683
1605689006,36.656666666666666,50.0,34.90683
1605689007,36.655,49.75,34.7144
1605689008,36.653333333333336,49.75,34.7144
1605689009,36.65166666666667,49.5,34.518635
1605689010,36.65,49.5,34.518635
1605689011,36.64833333333333,49.5,34.518635
1605689012,36.64666666666667,49.5,34.518635
1605689013,36.645,49.5,34.518635
1605689014,36.64333333333333,49.25,34.10531
1605689015,36.641666666666666,49.5,34.518635
1605689016,36.64,49.5,34.518635
1605689017,36.638333333333335,49.75,34.7144
1605689018,36.63666666666667,50.25,34.93225
1605689019,36.635,50.25,34.93225
1605689020,36.63333333333333,50.25,34.93225
1605689021,36.63166666666667,50.25,34.93225
1605689022,36.63,50.5,34.24006
1605689023,36.62833333333333,50.5,34.24006
1605689024,36.626666666666665,50.25,34.93225
1605689025,36.625,50.25,34.93225
1605689026,36.623333333333335,50.0,34.90683
1605689027,36.62166666666667,49.75,34.7144
1605689028,36.62,49.75,34.7144
1605689029,36.61833333333333,49.75,34.7144
1605689030,36.61666666666667,49.5,34.518635
1605689031,36.615,49.5,34.518635
1605689032,36.61333333333333,49.5,34.518635
1605689033,36.611666666666665,49.75,34.7144
1605689034,36.61,49.75,34.7144
1605689035,36.608333333333334,50.0,34.90683
1605689036,36.60666666666667,50.0,34.90683
1605689037,36.605000000000004,50.5,34.24006
1605689038,36.60333333333333,50.5,34.24006
1605689039,36.60166666666667,51.0,34.384922
1605689040,36.6,50.5,34.24006
1605689041,36.598333333333336,50.5,34.24006
1605689042,36.596666666666664,50.25,34.93225
1605689043,36.595,50.5,34.24006
1605689044,36.593333333333334,49.5,34.518635
1605689045,36.59166666666667,49.25,34.10531
1605689046,36.59,49.0,34.23505
1605689047,36.58833333333333,49.0,34.23505
1605689048,36.586666666666666,49.0,34.23505
1605689049,36.585,49.0,34.23505
1605689050,36.583333333333336,49.25,34.10531
1605689051,36.58166666666666,49.25,34.10531
1605689052,36.58,49.5,34.518635
1605689053,36.57833333333333,50.0,34.90683
1605689054,36.57666666666667,50.5,34.24006
1605689055,36.575,50.5,34.24006
1605689056,36.57333333333333,50.75,34.614666
1605689057,36.571666666666665,50.75,34.614666
1605689058,36.57,50.75,34.614666
1605689059,36.568333333333335,50.75,34.614666
1605689060,36.56666666666667,51.0,34.384922
1605689061,36.565,51.0,34.384922
1605689062,36.56333333333333,51.25,34.8662
1605689063,36.56166666666667,51.5,34.864243
1605689064,36.56,51.75,35.930943
1605689065,36.55833333333334,51.75,35.930943
1605689066,36.556666666666665,51.75,35.930943
1605689067,36.555,51.75,35.930943
1605689068,36.553333333333335,51.75,35.930943
1605689069,36.55166666666667,51.75,35.930943
1605689070,36.55,51.75,35.930943
1605689071,36.54833333333333,51.75,35.930943
1605689072,36.54666666666667,51.75,35.930943
1605689073,36.545,51.75,35.930943
1605689074,36.54333333333334,51.75,35.930943
1605689075,36.541666666666664,51.75,35.930943
1605689076,36.54,51.75,35.930943
1605689077,36.538333333333334,51.75,35.930943
1605689078,36.53666666666667,51.75,35.930943
1605689079,36.535,51.75,35.930943
1605689080,36.53333333333333,51.75,35.930943
1605689081,36.531666666666666,52.0,36.793793
1605689082,36.53,52.0,36.793793
1605689083,36.528333333333336,52.0,36.793793
1605689084,36.52666666666667,52.0,36.793793
1605689085,36.525,51.75,35.930943
1605689086,36.52333333333333,51.75,35.930943
1605689087,36.52166666666667,52.0,36.793793
1605689088,36.52,52.0,36.793793
1605689089,36.51833333333333,52.25,37.439877
1605689090,36.516666666666666,52.25,37.439877
1605689091,36.515,52.0,36.793793
1605689092,36.513333333333335,51.75,35.930943
1605689093,36.51166666666667,51.5,34.864243
1605689094,36.51,51.5,34.864243
1605689095,36.50833333333333,51.25,34.8662
1605689096,36.50666666666667,51.0,34.384922
1605689097,36.505,50.5,34.24006
1605689098,36.50333333333333,50.5,34.24006
1605689099,36.501666666666665,50.0,34.90683
1605689100,36.5,49.75,34.7144
1605689101,36.498333333333335,49.75,34.7144
1605689102,36.49666666666667,49.5,34.518635
1605689103,36.495,49.5,34.518635
1605689104,36.49333333333333,49.75,34.7144
1605689105,36.49166666666667,49.75,34.7144
1605689106,36.49,50.0,34.90683
1605689107,36.48833333333333,50.25,34.93225
1605689108,36.486666666666665,50.0,34.90683
1605689109,36.485,50.25,34.93225
1605689110,36.483333333333334,50.25,34.93225
1605689111,36.48166666666667,50.75,34.614666
1605689112,36.480000000000004,51.25,34.8662
1605689113,36.47833333333333,51.25,34.8662
1605689114,36.47666666666667,51.5,34.864243
1605689115,36.475,52.0,36.793793
1605689116,36.473333333333336,52.0,36.793793
1605689117,36.471666666666664,52.0,36.793793
1605689118,36.47,52.0,36.793793
1605689119,36.468333333333334,52.0,36.793793
1605689120,36.46666666666667,51.75,35.930943
1605689121,36.465,51.75,35.930943
1605689122,36.46333333333333,51.5,34.864243
1605689123,36.461666666666666,51.5,34.864243
1605689124,36.46,51.0,34.384922
1605689125,36.458333333333336,50.5,34.24006
1605689126,36.45666666666666,50.5,34.24006
1605689127,36.455,50.0,34.90683
1605689128,36.45333333333333,50.0,34.90683
1605689129,36.45166666666667,49.75,34.7144
1605689130,36.45,49.75,34.7144
1605689131,36.44833333333333,49.75,34.7144
1605689132,36.446666666666665,49.5,34.518635
1605689133,36.445,49.75,34.7144
1605689134,36.443333333333335,49.75,34.7144
1605689135,36.44166666666667,50.0,34.90683
1605689136,36.44,50.0,34.90683
1605689137,36.43833333333333,50.0,34.90683
1605689138,36.43666666666667,50.75,34.614666
1605689139,36.435,51.0,34.384922
1605689140,36.43333333333334,51.0,34.384922
1605689141,36.431666666666665,51.25,34.8662
1605689142,36.43,51.75,35.930943
1605689143,36.428333333333335,52.0,36.793793
1605689144,36.42666666666667,52.25,37.439877
1605689145,36.425,52.5,37.525616
1605689146,36.42333333333333,52.5,37.525616
1605689147,36.42166666666667,52.25,37.439877
1605689148,36.42,52.75,38.271393
1605689149,36.41833333333334,52.75,38.271393
1605689150,36.416666666666664,52.5,37.525616
1605689151,36.415,52.25,37.439877
1605689152,36.413333333333334,52.75,38.271393
1605689153,36.41166666666667,52.75,38.271393
1605689154,36.41,52.75,38.271393
1605689155,36.40833333333333,52.75,38.271393
1605689156,36.406666666666666,52.5,37.525616
1605689157,36.405,52.5,37.525616
1605689158,36.403333333333336,52.25,37.439877
1605689159,36.40166666666667,52.25,37.439877
1605689160,36.4,52.0,36.793793
1605689161,36.39833333333333,51.75,35.930943
1605689162,36.39666666666667,51.5,34.864243
1605689163,36.395,51.5,34.864243
1605689164,36.39333333333333,51.5,34.864243
1605689165,36.391666666666666,51.5,34.864243
1605689166,36.39,51.75,35.930943
1605689167,36.388333333333335,51.75,35.930943
1605689168,36.38666666666667,51.5,34.864243
1605689169,36.385,51.5,34.864243
1605689170,36.38333333333333,51.5,34.864243
1605689171,36.38166666666667,51.5,34.864243
1605689172,36.38,51.25,34.8662
1605689173,36.37833333333333,51.0,34.384922
1605689174,36.376666666666665,51.0,34.384922
1605689175,36.375,51.0,34.384922
1605689176,36.373333333333335,51.0,34.384922
1605689177,36.37166666666667,51.0,34.384922
1605689178,36.37,50.5,34.24006
1605689179,36.36833333333333,50.5,34.24006
1605689180,36.36666666666667,50.75,34.614666
1605689181,36.365,50.5,34.24006
1605689182,36.36333333333333,50.5,34.24006
1605689183,36.361666666666665,50.5,34.24006
1605689184,36.36,50.5,34.24006
1605689185,36.358333333333334,50.5,34.24006
1605689186,36.35666666666667,50.75,34.614666
1605689187,36.355000000000004,50.5,34.24006
1605689188,36.35333333333333,51.0,34.384922
1605689189,36.35166666666667,51.0,34.384922
1605689190,36.35,51.0,34.384922
1605689191,36.348333333333336,50.75,34.614666
1605689192,36.346666666666664,51.25,34.8662
1605689193,36.345,51.25,34.8662
1605689194,36.343333333333334,51.75,35.930943
1605689195,36.34166666666667,51.75,35.930943
1605689196,36.34,51.75,35.930943
1605689197,36.33833333333333,51.75,35.930943
1605689198,36.336666666666666,51.5,34.864243
1605689199,36.335,51.5,34.864243
1605689200,36.333333333333336,51.5,34.864243
1605689201,36.33166666666666,51.75,35.930943
1605689202,36.33,51.25,34.8662
1605689203,36.32833333333333,51.5,34.864243
1605689204,36.32666666666667,51.5,34.864243
1605689205,36.325,50.75,34.614666
1605689206,36.32333333333333,51.0,34.384922
1605689207,36.321666666666665,50.75,34.614666
1605689208,36.32,50.5,34.24006
1605689209,36.318333333333335,50.5,34.24006
1605689210,36.31666666666667,50.5,34.24006
1605689211,36.315,50.25,34.93225
1605689212,36.31333333333333,50.25,34.93225
1605689213,36.31166666666667,50.25,34.93225
1605689214,36.31,50.25,34.93225
1605689215,36.30833333333334,50.25,34.93225
1605689216,36.306666666666665,50.0,34.90683
1605689217,36.305,50.0,34.90683
1605689218,36.303333333333335,50.0,34.90683
1605689219,36.30166666666667,50.0,34.90683
1605689220,36.3,49.75,34.7144
1605689221,36.29833333333333,49.75,34.7144
1605689222,36.29666666666667,49.75,34.7144
1605689223,36.295,49.75,34.7144
1605689224,36.29333333333334,49.25,34.10531
1605689225,36.291666666666664,49.25,34.10531
1605689226,36.29,49.25,34.10531
1605689227,36.288333333333334,49.0,34.23505
1605689228,36.28666666666667,49.0,34.23505
1605689229,36.285,49.5,34.518635
1605689230,36.28333333333333,49.5,34.518635
1605689231,36.281666666666666,49.25,34.10531
1605689232,36.28,49.5,34.518635
1605689233,36.278333333333336,49.5,34.518635
1605689234,36.27666666666667,49.75,34.7144
1605689235,36.275,49.5,34.518635
1605689236,36.27333333333333,50.0,34.90683
1605689237,36.27166666666667,49.75,34.7144
1605689238,36.27,49.75,34.7144
1605689239,36.26833333333333,50.0,34.90683
1605689240,36.266666666666666,50.0,34.90683
1605689241,36.265,49.75,34.7144
1605689242,36.263333333333335,49.75,34.7144
1605689243,36.26166666666667,49.75,34.7144
1605689244,36.26,49.75,34.7144
1605689245,36.25833333333333,49.75,34.7144
1605689246,36.25666666666667,49.5,34.518635
1605689247,36.255,49.5,34.518635
1605689248,36.25333333333333,49.0,34.23505
1605689249,36.251666666666665,49.75,34.7144
1605689250,36.25,49.75,34.7144
1605689251,36.248333333333335,49.5,34.518635
1605689252,36.24666666666667,49.75,34.7144
1605689253,36.245,49.75,34.7144
1605689254,36.24333333333333,49.75,34.7144
1605689255,36.24166666666667,49.75,34.7144
1605689256,36.24,49.71875,34.518635
1605689257,36.23833333333333,49.6875,34.518635
1605689258,36.236666666666665,49.65625,34.518635
1605689259,36.235,49.625,34.518635
1605689260,36.233333333333334,49.59375,34.518635
1605689261,36.23166666666667,49.5625,34.518635
1605689262,36.230000000000004,49.53125,34.518635
1605689263,36.22833333333333,49.5,34.518635
1605689264,36.22666666666667,49.5,34.518635
1605689265,36.225,49.25,34.10531
1605689266,36.223333333333336,49.25,34.10531
1605689267,36.221666666666664,49.25,34.10531
1605689268,36.22,49.5,34.518635
1605689269,36.218333333333334,49.5,34.518635
1605689270,36.21666666666667,49.25,34.10531
1605689271,36.215,49.25,34.10531
1605689272,36.21333333333333,49.0,34.23505
1605689273,36.211666666666666,49.0,34.23505
1605689274,36.21,49.0,34.23505
1605689275,36.208333333333336,49.25,34.10531
1605689276,36.20666666666666,49.25,34.10531
1605689277,36.205,49.25,34.10531
1605689278,36.20333333333333,49.0,34.23505
1605689279,36.20166666666667,49.0,34.23505
1605689280,36.2,49.0,34.23505
1605689281,36.19833333333333,49.25,34.10531
1605689282,36.196666666666665,49.0,34.23505
1605689283,36.195,49.0,34.23505
1605689284,36.193333333333335,49.0,34.23505
1605689285,36.19166666666667,49.0,34.23505
1605689286,36.19,49.0,34.23505
1605689287,36.18833333333333,49.25,34.10531
1605689288,36.18666666666667,49.0,34.23505
1605689289,36.185,49.25,34.10531
1605689290,36.18333333333334,49.25,34.10531
1605689291,36.181666666666665,48.75,33.739666
1605689292,36.18,49.0,34.23505
1605689293,36.178333333333335,49.0,34.23505
1605689294,36.17666666666667,48.5,33.59271
1605689295,36.175,48.5,33.59271
1605689296,36.17333333333333,48.5,33.59271
1605689297,36.17166666666667,48.75,33.739666
1605689298,36.17,48.75,33.739666
1605689299,36.16833333333334,48.75,33.739666
1605689300,36.166666666666664,49.0,34.23505
1605689301,36.165,49.25,34.10531
1605689302,36.163333333333334,49.25,34.10531
1605689303,36.16166666666667,49.75,34.7144
1605689304,36.16,49.75,34.7144
1605689305,36.15833333333333,50.25,34.93225
1605689306,36.156666666666666,50.25,34.93225
1605689307,36.155,50.25,34.93225
1605689308,36.153333333333336,50.25,34.93225
1605689309,36.15166666666667,50.25,34.93225
1605689310,36.15,50.25,34.93225
1605689311,36.14833333333333,50.5,34.24006
1605689312,36.14666666666667,50.5,34.24006
1605689313,36.145,50.25,34.93225
1605689314,36.14333333333333,50.5,34.24006
1605689315,36.141666666666666,50.5,34.24006
1605689316,36.14,50.25,34.93225
1605689317,36.138333333333335,50.25,34.93225
1605689318,36.13666666666667,50.75,34.614666
1605689319,36.135,50.75,34.614666
1605689320,36.13333333333333,50.5,34.24006
1605689321,36.13166666666667,50.75,34.614666
1605689322,36.13,50.5,34.24006
1605689323,36.12833333333333,50.5,34.24006
1605689324,36.126666666666665,50.75,34.614666
1605689325,36.125,51.0,34.384922
1605689326,36.123333333333335,51.25,34.8662
1605689327,36.12166666666667,51.25,34.8662
1605689328,36.12,51.25,34.8662
1605689329,36.11833333333333,51.75,35.930943
1605689330,36.11666666666667,51.75,35.930943
1605689331,36.115,52.0,36.793793
1605689332,36.11333333333333,52.0,36.793793
1605689333,36.111666666666665,51.75,35.930943
1605689334,36.11,51.5,34.864243
1605689335,36.108333333333334,51.5,34.864243
1605689336,36.10666666666667,51.25,34.8662
1605689337,36.105000000000004,51.0,34.384922
1605689338,36.10333333333333,50.5,34.24006
1605689339,36.10166666666667,50.5,34.24006
1605689340,36.1,50.25,34.93225
1605689341,36.098333333333336,49.5,34.518635
1605689342,36.096666666666664,49.5,34.518635
1605689343,36.095,49.5,34.518635
1605689344,36.093333333333334,49.25,34.10531
1605689345,36.09166666666667,49.25,34.10531
1605689346,36.09,49.25,34.10531
1605689347,36.08833333333333,49.5,34.518635
1605689348,36.086666666666666,49.5,34.518635
1605689349,36.085,49.75,34.7144
1605689350,36.083333333333336,50.0,34.90683
1605689351,36.08166666666666,50.25,34.93225
1605689352,36.08,50.25,34.93225
1605689353,36.07833333333333,50.5,34.24006
1605689354,36.07666666666667,50.5,34.24006
1605689355,36.075,50.25,34.93225
1605689356,36.07333333333333,50.5,34.24006
1605689357,36.071666666666665,50.5,34.24006
1605689358,36.07,50.75,34.614666
1605689359,36.068333333333335,50.25,34.93225
1605689360,36.06666666666667,50.25,34.93225
1605689361,36.065,50.25,34.93225
1605689362,36.06333333333333,50.0,34.90683
1605689363,36.06166666666667,49.75,34.7144
1605689364,36.06,49.5,34.518635
1605689365,36.05833333333334,49.5,34.518635
1605689366,36.056666666666665,49.75,34.7144
1605689367,36.055,49.25,34.10531
1605689368,36.053333333333335,49.25,34.10531
1605689369,36.05166666666667,49.25,34.10531
1605689370,36.05,49.75,34.7144
1605689371,36.04833333333333,50.0,34.90683
1605689372,36.04666666666667,49.75,34.7144
1605689373,36.045,50.0,34.90683
1605689374,36.04333333333334,50.0,34.90683
1605689375,36.041666666666664,50.0,34.90683
1605689376,36.04,50.0,34.90683
1605689377,36.038333333333334,49.75,34.7144
1605689378,36.03666666666667,49.5,34.518635
1605689379,36.035,49.5,34.518635
1605689380,36.03333333333333,49.5,34.518635
1605689381,36.031666666666666,49.5,34.518635
1605689382,36.03,49.0,34.23505
1605689383,36.028333333333336,49.0,34.23505
1605689384,36.02666666666667,49.0,34.23505
1605689385,36.025,48.75,33.739666
1605689386,36.02333333333333,48.75,33.739666
1605689387,36.02166666666667,48.75,33.739666
1605689388,36.02,48.75,33.739666
1605689389,36.01833333333333,48.75,33.739666
1605689390,36.016666666666666,48.75,33.739666
1605689391,36.015,49.5,34.518635
1605689392,36.013333333333335,49.5,34.518635
1605689393,36.01166666666667,49.5,34.518635
1605689394,36.01,49.5,34.518635
1605689395,36.00833333333333,49.5,34.518635
1605689396,36.00666666666667,49.75,34.7144
1605689397,36.005,49.5,34.518635
1605689398,36.00333333333333,49.75,34.7144
1605689399,36.001666666666665,49.5,34.518635
1605689400,36.0,49.5,34.518635
1605689401,35.998333333333335,49.25,34.10531
1605689402,35.99666666666667,49.375,34.10531
1605689403,35.995,49.5,34.518635
1605689404,35.99333333333333,49.75,34.7144
1605689405,35.99166666666667,50.0,34.90683
1605689406,35.99,50.0,34.90683
1605689407,35.98833333333333,50.25,34.93225
1605689408,35.986666666666665,50.5,34.24006
1605689409,35.985,50.5,34.24006
1605689410,35.983333333333334,50.5,34.24006
1605689411,35.98166666666667,50.5,34.24006
1605689412,35.980000000000004,50.5,34.24006
1605689413,35.97833333333333,50.25,34.93225
1605689414,35.97666666666667,50.0,34.90683
1605689415,35.975,49.75,34.7144
1605689416,35.973333333333336,49.5,34.518635
1605689417,35.971666666666664,49.25,34.10531
1605689418,35.97,49.25,34.10531
1605689419,35.968333333333334,49.25,34.10531
1605689420,35.96666666666667,49.0,34.23505
1605689421,35.965,48.5,33.59271
1605689422,35.96333333333333,48.75,33.739666
1605689423,35.961666666666666,48.5,33.59271
1605689424,35.96,48.5,33.59271
1605689425,35.958333333333336,49.0,34.23505
1605689426,35.95666666666666,49.0,34.23505
1605689427,35.955,49.25,34.10531
1605689428,35.95333333333333,49.0,34.23505
1605689429,35.95166666666667,49.5,34.518635
1605689430,35.95,49.5,34.518635
1605689431,35.94833333333333,49.75,34.7144
1605689432,35.946666666666665,50.0,34.90683
1605689433,35.945,50.25,34.93225
1605689434,35.943333333333335,50.25,34.93225
1605689435,35.94166666666667,50.25,34.93225
1605689436,35.94,50.5,34.24006
1605689437,35.93833333333333,50.25,34.93225
1605689438,35.93666666666667,50.25,34.93225
1605689439,35.935,50.0,34.90683
1605689440,35.93333333333334,49.5,34.518635
1605689441,35.931666666666665,49.75,34.7144
1605689442,35.93,49.75,34.7144
1605689443,35.928333333333335,50.0,34.90683
1605689444,35.92666666666667,50.0,34.90683
1605689445,35.925,49.75,34.7144
1605689446,35.92333333333333,50.0,34.90683
1605689447,35.92166666666667,50.5,34.24006
1605689448,35.92,50.5,34.24006
1605689449,35.91833333333334,50.5,34.24006
1605689450,35.916666666666664,50.5,34.24006
1605689451,35.915,50.5,34.24006
1605689452,35.913333333333334,50.5,34.24006
1605689453,35.91166666666667,50.5,34.24006
1605689454,35.91,50.5,34.24006
1605689455,35.90833333333333,50.5,34.24006
1605689456,35.906666666666666,50.5,34.24006
1605689457,35.905,50.5,34.24006
1605689458,35.903333333333336,50.75,34.614666
1605689459,35.90166666666667,51.0,34.384922
1605689460,35.9,51.0,34.384922
1605689461,35.89833333333333,51.0,34.384922
1605689462,35.89666666666667,51.0,34.384922
1605689463,35.895,50.75,34.614666
1605689464,35.89333333333333,50.5,34.24006
1605689465,35.891666666666666,50.25,34.93225
1605689466,35.89,50.0,34.90683
1605689467,35.888333333333335,50.0,34.90683
1605689468,35.88666666666667,49.75,34.7144
1605689469,35.885,49.5,34.518635
1605689470,35.88333333333333,49.75,34.7144
1605689471,35.88166666666667,50.0,34.90683
1605689472,35.88,50.0,34.90683
1605689473,35.87833333333333,50.0,34.90683
1605689474,35.876666666666665,50.25,34.93225
1605689475,35.875,50.25,34.93225
1605689476,35.873333333333335,50.5,34.24006
1605689477,35.87166666666667,50.75,34.614666
1605689478,35.87,50.75,34.614666
1605689479,35.86833333333333,50.75,34.614666
1605689480,35.86666666666667,51.0,34.384922
1605689481,35.865,50.75,34.614666
1605689482,35.86333333333333,50.75,34.614666
1605689483,35.861666666666665,51.25,34.8662
1605689484,35.86,51.0,34.384922
1605689485,35.858333333333334,51.25,34.8662
1605689486,35.85666666666667,50.75,34.614666
1605689487,35.855000000000004,51.0,34.384922
1605689488,35.85333333333333,50.75,34.614666
1605689489,35.85166666666667,51.0,34.384922
1605689490,35.85,50.75,34.614666
1605689491,35.848333333333336,50.75,34.614666
1605689492,35.846666666666664,50.75,34.614666
1605689493,35.845,50.5,34.24006
1605689494,35.843333333333334,50.5,34.24006
1605689495,35.84166666666667,50.5,34.24006
1605689496,35.84,50.25,34.93225
1605689497,35.83833333333333,50.25,34.93225
1605689498,35.836666666666666,50.25,34.93225
1605689499,35.835,50.25,34.93225
1605689500,35.833333333333336,50.25,34.93225
1605689501,35.83166666666666,50.0,34.90683
1605689502,35.83,50.25,34.93225
1605689503,35.82833333333333,50.25,34.93225
1605689504,35.82666666666667,50.25,34.93225
1605689505,35.825,50.0,34.90683
1605689506,35.82333333333333,49.75,34.7144
1605689507,35.821666666666665,49.75,34.7144
1605689508,35.82,50.0,34.90683
1605689509,35.818333333333335,50.0,34.90683
1605689510,35.81666666666667,50.0,34.90683
1605689511,35.815,50.0,34.90683
1605689512,35.81333333333333,49.75,34.7144
1605689513,35.81166666666667,50.0,34.90683
1605689514,35.81,49.75,34.7144
1605689515,35.80833333333334,50.5,34.24006
1605689516,35.806666666666665,50.5,34.24006
1605689517,35.805,50.5,34.24006
1605689518,35.803333333333335,50.75,34.614666
1605689519,35.80166666666667,50.75,34.614666
1605689520,35.8,50.75,34.614666
1605689521,35.79833333333333,50.75,34.614666
1605689522,35.79666666666667,51.0,34.384922
1605689523,35.795,51.0,34.384922
1605689524,35.79333333333334,51.0,34.384922
1605689525,35.791666666666664,51.0,34.384922
1605689526,35.79,51.0,34.384922
1605689527,35.788333333333334,51.0,34.384922
1605689528,35.78666666666667,51.0,34.384922
1605689529,35.785,51.0,34.384922
1605689530,35.78333333333333,50.75,34.614666
1605689531,35.781666666666666,50.75,34.614666
1605689532,35.78,50.75,34.614666
1605689533,35.778333333333336,50.75,34.614666
1605689534,35.77666666666667,50.75,34.614666
1605689535,35.775,50.75,34.614666
1605689536,35.77333333333333,51.0,34.384922
1605689537,35.77166666666667,51.0,34.384922
1605689538,35.77,51.0,34.384922
1605689539,35.76833333333333,51.25,34.8662
1605689540,35.766666666666666,51.25,34.8662
1605689541,35.765,51.25,34.8662
1605689542,35.763333333333335,51.5,34.864243
1605689543,35.76166666666667,51.5,34.864243
1605689544,35.76,51.5,34.864243
1605689545,35.75833333333333,51.5,34.864243
1605689546,35.75666666666667,51.25,34.8662
1605689547,35.755,51.25,34.8662
1605689548,35.75333333333333,51.0,34.384922
1605689549,35.751666666666665,50.75,34.614666
1605689550,35.75,50.75,34.614666
1605689551,35.748333333333335,50.5,34.24006
1605689552,35.74666666666667,50.5,34.24006
1605689553,35.745,50.25,34.93225
1605689554,35.74333333333333,50.25,34.93225
1605689555,35.74166666666667,50.25,34.93225
1605689556,35.74,50.0,34.90683
1605689557,35.73833333333333,50.0,34.90683
1605689558,35.736666666666665,50.0,34.90683
1605689559,35.735,50.25,34.93225
1605689560,35.733333333333334,50.0,34.90683
1605689561,35.73166666666667,50.0,34.90683
1605689562,35.730000000000004,50.0,34.90683
1605689563,35.72833333333333,50.0,34.90683
1605689564,35.72666666666667,50.25,34.93225
1605689565,35.725,50.25,34.93225
1605689566,35.723333333333336,50.0,34.90683
1605689567,35.721666666666664,50.25,34.93225
1605689568,35.72,50.25,34.93225
1605689569,35.718333333333334,50.25,34.93225
1605689570,35.71666666666667,50.5,34.24006
1605689571,35.715,50.5,34.24006
1605689572,35.71333333333333,50.25,34.93225
1605689573,35.711666666666666,50.5,34.24006
1605689574,35.71,50.5,34.24006
1605689575,35.708333333333336,50.5,34.24006
1605689576,35.70666666666666,51.0,34.384922
1605689577,35.705,51.25,34.8662
1605689578,35.70333333333333,51.25,34.8662
1605689579,35.70166666666667,51.0,34.384922
1605689580,35.7,51.0,34.384922
1605689581,35.69833333333333,51.25,34.8662
1605689582,35.696666666666665,51.25,34.8662
1605689583,35.695,51.25,34.8662
1605689584,35.693333333333335,51.25,34.8662
1605689585,35.69166666666667,51.25,34.8662
1605689586,35.69,51.0,34.384922
1605689587,35.68833333333333,50.75,34.614666
1605689588,35.68666666666667,51.0,34.384922
1605689589,35.685,50.75,34.614666
1605689590,35.68333333333334,51.0,34.384922
1605689591,35.681666666666665,51.0,34.384922
1605689592,35.68,51.0,34.384922
1605689593,35.678333333333335,51.0,34.384922
1605689594,35.67666666666667,51.0,34.384922
1605689595,35.675,51.0,34.384922
1605689596,35.67333333333333,51.25,34.8662
1605689597,35.67166666666667,51.5,34.864243
1605689598,35.67,51.25,34.8662
1605689599,35.66833333333334,51.0,34.384922
1605689600,35.666666666666664,50.75,34.614666
1605689601,35.665,50.25,34.93225
1605689602,35.663333333333334,50.25,34.93225
1605689603,35.66166666666667,50.0,34.90683
1605689604,35.66,49.75,34.7144
1605689605,35.65833333333333,49.75,34.7144
1605689606,35.656666666666666,49.5,34.518635
1605689607,35.655,49.5,34.518635
1605689608,35.653333333333336,49.5,34.518635
1605689609,35.65166666666667,49.5,34.518635
1605689610,35.65,49.75,34.7144
1605689611,35.64833333333333,49.5,34.518635
1605689612,35.64666666666667,49.5,34.518635
1605689613,35.645,49.75,34.7144
1605689614,35.64333333333333,49.75,34.7144
1605689615,35.641666666666666,49.75,34.7144
1605689616,35.64,49.75,34.7144
1605689617,35.638333333333335,49.75,34.7144
1605689618,35.63666666666667,50.0,34.90683
1605689619,35.635,50.25,34.93225
1605689620,35.63333333333333,50.25,34.93225
1605689621,35.63166666666667,50.25,34.93225
1605689622,35.63,49.75,34.7144
1605689623,35.62833333333333,49.75,34.7144
1605689624,35.626666666666665,49.75,34.7144
1605689625,35.625,49.75,34.7144
1605689626,35.623333333333335,49.75,34.7144
1605689627,35.62166666666667,49.75,34.7144
1605689628,35.62,49.75,34.7144
1605689629,35.61833333333333,49.75,34.7144
1605689630,35.61666666666667,49.5,34.518635
1605689631,35.615,49.75,34.7144
1605689632,35.61333333333333,49.75,34.7144
1605689633,35.611666666666665,49.75,34.7144
1605689634,35.61,49.75,34.7144
1605689635,35.608333333333334,49.75,34.7144
1605689636,35.60666666666667,50.0,34.90683
1605689637,35.605000000000004,50.0,34.90683
1605689638,35.60333333333333,50.0,34.90683
1605689639,35.60166666666667,49.96875,34.7144
1605689640,35.6,49.9375,34.7144
1605689641,35.598333333333336,49.90625,34.7144
1605689642,35.596666666666664,49.875,34.7144
1605689643,35.595,49.84375,34.7144
1605689644,35.593333333333334,49.8125,34.7144
1605689645,35.59166666666667,49.78125,34.7144
1605689646,35.59,49.75,34.7144
1605689647,35.58833333333333,50.0,34.90683
1605689648,35.586666666666666,50.25,34.93225
1605689649,35.585,50.25,34.93225
1605689650,35.583333333333336,50.5,34.24006
1605689651,35.58166666666666,50.5,34.24006
1605689652,35.58,50.5,34.24006
1605689653,35.57833333333333,50.5,34.24006
1605689654,35.57666666666667,50.5,34.24006
1605689655,35.575,50.25,34.93225
1605689656,35.57333333333333,50.25,34.93225
1605689657,35.571666666666665,50.25,34.93225
1605689658,35.57,50.25,34.93225
1605689659,35.568333333333335,50.25,34.93225
1605689660,35.56666666666667,50.25,34.93225
1605689661,35.565,49.75,34.7144
1605689662,35.56333333333333,50.25,34.93225
1605689663,35.56166666666667,50.25,34.93225
1605689664,35.56,50.5,34.24006
1605689665,35.55833333333334,50.75,34.614666
1605689666,35.556666666666665,51.0,34.384922
1605689667,35.555,51.0,34.384922
1605689668,35.553333333333335,51.5,34.864243
1605689669,35.55166666666667,51.5,34.864243
1605689670,35.55,51.5,34.864243
1605689671,35.54833333333333,52.0,36.793793
1605689672,35.54666666666667,51.75,35.930943
1605689673,35.545,51.75,35.930943
1605689674,35.54333333333334,51.75,35.930943
1605689675,35.541666666666664,51.5,34.864243
1605689676,35.54,51.5,34.864243
1605689677,35.538333333333334,50.75,34.614666
1605689678,35.53666666666667,50.75,34.614666
1605689679,35.535,50.5,34.24006
1605689680,35.53333333333333,50.25,34.93225
1605689681,35.531666666666666,50.25,34.93225
1605689682,35.53,50.0,34.90683
1605689683,35.528333333333336,50.0,34.90683
1605689684,35.52666666666667,49.75,34.7144
1605689685,35.525,49.25,34.10531
1605689686,35.52333333333333,49.25,34.10531
1605689687,35.52166666666667,49.25,34.10531
1605689688,35.52,49.0,34.23505
1605689689,35.51833333333333,49.0,34.23505
1605689690,35.516666666666666,49.0,34.23505
1605689691,35.515,49.0,34.23505
1605689692,35.513333333333335,49.0,34.23505
1605689693,35.51166666666667,49.0,34.23505
1605689694,35.51,49.0,34.23505
1605689695,35.50833333333333,49.0,34.23505
1605689696,35.50666666666667,49.25,34.10531
1605689697,35.505,49.5,34.518635
1605689698,35.50333333333333,49.5,34.518635
1605689699,35.501666666666665,49.5,34.518635
1605689700,35.5,49.75,34.7144
1605689701,35.498333333333335,50.25,34.93225
1605689702,35.49666666666667,50.25,34.93225
1605689703,35.495,50.5,34.24006
1605689704,35.49333333333333,50.5,34.24006
1605689705,35.49166666666667,50.5,34.24006
1605689706,35.49,50.75,34.614666
1605689707,35.48833333333333,51.0,34.384922
1605689708,35.486666666666665,50.75,34.614666
1605689709,35.485,50.75,34.614666
1605689710,35.483333333333334,50.5,34.24006
1605689711,35.48166666666667,50.75,34.614666
1605689712,35.480000000000004,50.75,34.614666
1605689713,35.47833333333333,50.25,34.93225
1605689714,35.47666666666667,50.5,34.24006
1605689715,35.475,50.0,34.90683
1605689716,35.473333333333336,50.0,34.90683
1605689717,35.471666666666664,50.0,34.90683
1605689718,35.47,50.0,34.90683
1605689719,35.468333333333334,49.5,34.518635
1605689720,35.46666666666667,49.5,34.518635
1605689721,35.465,49.75,34.7144
1605689722,35.46333333333333,49.5,34.518635
1605689723,35.461666666666666,49.5,34.518635
1605689724,35.46,49.75,34.7144
1605689725,35.458333333333336,50.0,34.90683
1605689726,35.45666666666666,49.75,34.7144
1605689727,35.455,49.75,34.7144
1605689728,35.45333333333333,49.5,34.518635
1605689729,35.45166666666667,49.5,34.518635
1605689730,35.45,49.5,34.518635
1605689731,35.44833333333333,49.25,34.10531
1605689732,35.446666666666665,49.25,34.10531
1605689733,35.445,49.25,34.10531
1605689734,35.443333333333335,49.25,34.10531
1605689735,35.44166666666667,49.25,34.10531
1605689736,35.44,49.25,34.10531
1605689737,35.43833333333333,49.5,34.518635
1605689738,35.43666666666667,49.5,34.518635
1605689739,35.435,49.75,34.7144
1605689740,35.43333333333334,49.75,34.7144
1605689741,35.431666666666665,50.0,34.90683
1605689742,35.43,50.0,34.90683
1605689743,35.428333333333335,50.0,34.90683
1605689744,35.42666666666667,50.5,34.24006
1605689745,35.425,50.5,34.24006
1605689746,35.42333333333333,50.5,34.24006
1605689747,35.42166666666667,50.5,34.24006
1605689748,35.42,51.0,34.384922
1605689749,35.41833333333334,50.75,34.614666
1605689750,35.416666666666664,50.75,34.614666
1605689751,35.415,51.0,34.384922
1605689752,35.413333333333334,50.75,34.614666
1605689753,35.41166666666667,50.75,34.614666
1605689754,35.41,50.5,34.24006
1605689755,35.40833333333333,50.25,34.93225
1605689756,35.406666666666666,50.25,34.93225
1605689757,35.405,50.25,34.93225
1605689758,35.403333333333336,50.25,34.93225
1605689759,35.40166666666667,50.5,34.24006
1605689760,35.4,50.5,34.24006
1605689761,35.39833333333333,50.5,34.24006
1605689762,35.39666666666667,50.75,34.614666
1605689763,35.395,51.25,34.8662
1605689764,35.39333333333333,51.25,34.8662
1605689765,35.391666666666666,51.5,34.864243
1605689766,35.39,52.0,36.793793
1605689767,35.388333333333335,52.25,37.439877
1605689768,35.38666666666667,52.25,37.439877
1605689769,35.385,53.0,38.271393
1605689770,35.38333333333333,52.75,38.271393
1605689771,35.38166666666667,52.5,37.525616
1605689772,35.38,52.75,38.271393
1605689773,35.37833333333333,53.0,38.271393
1605689774,35.376666666666665,52.75,38.271393
1605689775,35.375,52.75,38.271393
1605689776,35.373333333333335,52.5,37.525616
1605689777,35.37166666666667,52.0,36.793793
1605689778,35.37,51.75,35.930943
1605689779,35.36833333333333,51.5,34.864243
1605689780,35.36666666666667,51.0,34.384922
1605689781,35.365,51.0,34.384922
1605689782,35.36333333333333,50.75,34.614666
1605689783,35.361666666666665,50.5,34.24006
1605689784,35.36,50.5,34.24006
1605689785,35.358333333333334,50.5,34.24006
1605689786,35.35666666666667,50.5,34.24006
1605689787,35.355000000000004,50.5,34.24006
1605689788,35.35333333333333,50.75,34.614666
1605689789,35.35166666666667,51.0,34.384922
1605689790,35.35,51.25,34.8662
1605689791,35.348333333333336,51.25,34.8662
1605689792,35.346666666666664,51.25,34.8662
1605689793,35.345,51.0,34.384922
1605689794,35.343333333333334,50.75,34.614666
1605689795,35.34166666666667,50.75,34.614666
1605689796,35.34,50.75,34.614666
1605689797,35.33833333333333,50.75,34.614666
1605689798,35.336666666666666,50.75,34.614666
1605689799,35.335,50.5,34.24006
1605689800,35.333333333333336,50.25,34.93225
1605689801,35.33166666666666,50.25,34.93225
1605689802,35.33,50.25,34.93225
1605689803,35.32833333333333,50.5,34.24006
1605689804,35.32666666666667,50.25,34.93225
1605689805,35.325,50.5,34.24006
1605689806,35.32333333333333,50.25,34.93225
1605689807,35.321666666666665,50.5,34.24006
1605689808,35.32,51.25,34.8662
1605689809,35.318333333333335,51.25,34.8662
1605689810,35.31666666666667,50.75,34.614666
1605689811,35.315,50.75,34.614666
1605689812,35.31333333333333,50.5,34.24006
1605689813,35.31166666666667,50.5,34.24006
1605689814,35.31,50.25,34.93225
1605689815,35.30833333333334,50.0,34.90683
1605689816,35.306666666666665,49.75,34.7144
1605689817,35.305,49.75,34.7144
1605689818,35.303333333333335,49.5,34.518635
1605689819,35.30166666666667,49.75,34.7144
1605689820,35.3,49.75,34.7144
1605689821,35.29833333333333,49.71875,34.518635
1605689822,35.29666666666667,49.6875,34.518635
1605689823,35.295,49.65625,34.518635
1605689824,35.29333333333334,49.625,34.518635
1605689825,35.291666666666664,49.59375,34.518635
1605689826,35.29,49.5625,34.518635
1605689827,35.288333333333334,49.53125,34.518635
1605689828,35.28666666666667,49.5,34.518635
1605689829,35.285,49.5,34.518635
1605689830,35.28333333333333,50.0,34.90683
1605689831,35.281666666666666,49.75,34.7144
1605689832,35.28,49.75,34.7144
1605689833,35.278333333333336,50.0,34.90683
1605689834,35.27666666666667,50.0,34.90683
1605689835,35.275,50.0,34.90683
1605689836,35.27333333333333,50.25,34.93225
1605689837,35.27166666666667,50.5,34.24006
1605689838,35.27,50.5,34.24006
1605689839,35.26833333333333,50.5,34.24006
1605689840,35.266666666666666,50.5,34.24006
1605689841,35.265,50.5,34.24006
1605689842,35.263333333333335,50.75,34.614666
1605689843,35.26166666666667,50.5,34.24006
1605689844,35.26,50.5,34.24006
1605689845,35.25833333333333,50.25,34.93225
1605689846,35.25666666666667,50.0,34.90683
1605689847,35.255,49.75,34.7144
1605689848,35.25333333333333,50.0,34.90683
1605689849,35.251666666666665,49.5,34.518635
1605689850,35.25,49.25,34.10531
1605689851,35.248333333333335,49.25,34.10531
1605689852,35.24666666666667,49.0,34.23505
1605689853,35.245,48.75,33.739666
1605689854,35.24333333333333,48.75,33.739666
1605689855,35.24166666666667,48.25,33.439037
1605689856,35.24,48.25,33.439037
1605689857,35.23833333333333,48.5,33.59271
1605689858,35.236666666666665,48.5,33.59271
1605689859,35.235,48.5,33.59271
1605689860,35.233333333333334,49.0,34.23505
1605689861,35.23166666666667,49.0,34.23505
1605689862,35.230000000000004,49.25,34.10531
1605689863,35.22833333333333,49.5,34.518635
1605689864,35.22666666666667,49.75,34.7144
1605689865,35.225,50.0,34.90683
1605689866,35.223333333333336,50.25,34.93225
1605689867,35.221666666666664,50.0,34.90683
1605689868,35.22,50.25,34.93225
1605689869,35.218333333333334,50.75,34.614666
1605689870,35.21666666666667,51.0,34.384922
1605689871,35.215,51.0,34.384922
1605689872,35.21333333333333,51.25,34.8662
1605689873,35.211666666666666,51.25,34.8662
1605689874,35.21,51.75,35.930943
1605689875,35.208333333333336,52.0,36.793793
1605689876,35.20666666666666,52.0,36.793793
1605689877,35.205,51.75,35.930943
1605689878,35.20333333333333,51.75,35.930943
1605689879,35.20166666666667,51.75,35.930943
1605689880,35.2,51.75,35.930943
1605689881,35.19833333333333,51.5,34.864243
1605689882,35.196666666666665,51.75,35.930943
1605689883,35.195,51.75,35.930943
1605689884,35.193333333333335,51.75,35.930943
1605689885,35.19166666666667,51.75,35.930943
1605689886,35.19,51.5,34.864243
1605689887,35.18833333333333,51.75,35.930943
1605689888,35.18666666666667,52.0,36.793793
1605689889,35.185,52.0,36.793793
1605689890,35.18333333333334,51.75,35.930943
1605689891,35.181666666666665,51.75,35.930943
1605689892,35.18,51.5,34.864243
1605689893,35.178333333333335,51.25,34.8662
1605689894,35.17666666666667,51.5,34.864243
1605689895,35.175,51.0,34.384922
1605689896,35.17333333333333,51.0,34.384922
1605689897,35.17166666666667,51.0,34.384922
1605689898,35.17,51.0,34.384922
1605689899,35.16833333333334,50.75,34.614666
1605689900,35.166666666666664,50.75,34.614666
1605689901,35.165,50.75,34.614666
1605689902,35.163333333333334,50.5,34.24006
1605689903,35.16166666666667,50.5,34.24006
1605689904,35.16,50.5,34.24006
1605689905,35.15833333333333,50.5,34.24006
1605689906,35.156666666666666,50.5,34.24006
1605689907,35.155,50.0,34.90683
1605689908,35.153333333333336,49.25,34.10531
1605689909,35.15166666666667,49.25,34.10531
1605689910,35.15,49.25,34.10531
1605689911,35.14833333333333,49.25,34.10531
1605689912,35.14666666666667,49.5,34.518635
1605689913,35.145,49.5,34.518635
1605689914,35.14333333333333,49.5,34.518635
1605689915,35.141666666666666,50.0,34.90683
1605689916,35.14,50.25,34.93225
1605689917,35.138333333333335,50.5,34.24006
1605689918,35.13666666666667,51.25,34.8662
1605689919,35.135,51.5,34.864243
1605689920,35.13333333333333,51.75,35.930943
1605689921,35.13166666666667,52.0,36.793793
1605689922,35.13,52.25,37.439877
1605689923,35.12833333333333,52.25,37.439877
1605689924,35.126666666666665,52.5,37.525616
1605689925,35.125,52.75,38.271393
1605689926,35.123333333333335,52.75,38.271393
1605689927,35.12166666666667,52.75,38.271393
1605689928,35.12,52.75,38.271393
1605689929,35.11833333333333,52.5,37.525616
1605689930,35.11666666666667,52.0,36.793793
1605689931,35.115,52.0,36.793793
1605689932,35.11333333333333,51.75,35.930943
1605689933,35.111666666666665,51.5,34.864243
1605689934,35.11,51.25,34.8662
1605689935,35.108333333333334,51.0,34.384922
1605689936,35.10666666666667,51.0,34.384922
1605689937,35.105000000000004,50.75,34.614666
1605689938,35.10333333333333,51.25,34.8662
1605689939,35.10166666666667,51.25,34.8662
1605689940,35.1,51.25,34.8662
1605689941,35.098333333333336,51.25,34.8662
1605689942,35.096666666666664,52.0,36.793793
1605689943,35.095,51.75,35.930943
1605689944,35.093333333333334,52.25,37.439877
1605689945,35.09166666666667,52.0,36.793793
1605689946,35.09,52.0,36.793793
1605689947,35.08833333333333,52.0,36.793793
1605689948,35.086666666666666,52.0,36.793793
1605689949,35.085,52.0,36.793793
1605689950,35.083333333333336,51.5,34.864243
1605689951,35.08166666666666,51.5,34.864243
1605689952,35.08,51.25,34.8662
1605689953,35.07833333333333,51.25,34.8662
1605689954,35.07666666666667,51.25,34.8662
1605689955,35.075,51.0,34.384922
1605689956,35.07333333333333,50.75,34.614666
1605689957,35.071666666666665,51.0,34.384922
1605689958,35.07,51.0,34.384922
1605689959,35.068333333333335,51.0,34.384922
1605689960,35.06666666666667,50.75,34.614666
1605689961,35.065,50.25,34.93225
1605689962,35.06333333333333,50.0,34.90683
1605689963,35.06166666666667,50.0,34.90683
1605689964,35.06,50.0,34.90683
1605689965,35.05833333333334,50.25,34.93225
1605689966,35.056666666666665,50.0,34.90683
1605689967,35.055,50.0,34.90683
1605689968,35.053333333333335,50.25,34.93225
1605689969,35.05166666666667,50.25,34.93225
1605689970,35.05,50.75,34.614666
1605689971,35.04833333333333,51.0,34.384922
1605689972,35.04666666666667,51.25,34.8662
1605689973,35.045,51.25,34.8662
1605689974,35.04333333333334,51.0,34.384922
1605689975,35.041666666666664,51.0,34.384922
1605689976,35.04,51.25,34.8662
1605689977,35.038333333333334,51.0,34.384922
1605689978,35.03666666666667,51.0,34.384922
1605689979,35.035,51.0,34.384922
1605689980,35.03333333333333,50.75,34.614666
1605689981,35.031666666666666,50.5,34.24006
1605689982,35.03,50.5,34.24006
1605689983,35.028333333333336,50.5,34.24006
1605689984,35.02666666666667,50.5,34.24006
1605689985,35.025,50.5,34.24006
1605689986,35.02333333333333,50.5,34.24006
1605689987,35.02166666666667,50.5,34.24006
1605689988,35.02,50.5,34.24006
1605689989,35.01833333333333,50.5,34.24006
1605689990,35.016666666666666,50.5,34.24006
1605689991,35.015,50.5,34.24006
1605689992,35.013333333333335,50.5,34.24006
1605689993,35.01166666666667,50.5,34.24006
1605689994,35.01,50.5,34.24006
1605689995,35.00833333333333,50.5,34.24006
1605689996,35.00666666666667,50.5,34.24006
1605689997,35.005,50.5,34.24006
1605689998,35.00333333333333,50.5,34.24006
1605689999,35.001666666666665,50.5,34.24006
