granularity,time_frame,data_type,sensor,r2,rmse,pearson_r,n_points
25,TF_0,fault_free_fa,pm25_fa,0.5115036051911381,11.225006019145459,0.7151948225692335,644102
25,TF_0,faulty_fa,pm25_fa,0.11675065407778784,15.093764281542741,0.49302379883699987,644102
25,TF_0,faulty_raw,pm25_0,-0.07819761360091637,16.67650677499607,0.3215163230685157,644102
25,TF_0,faulty_raw,pm25_1,-2.1822343550351464,28.64982550018086,,644102
25,TF_0,faulty_raw,pm25_2,0.08525004765258959,15.360561761922694,0.4332846579728951,644102
25,TF_0,faulty_raw,pm25_3,-0.4056475081506017,19.04119122870223,0.23113309353511247,644102
25,TF_2,fault_free_fa,pm25_fa,0.8671723242628673,6.736298505428218,0.931220879386514,648000
25,TF_2,faulty_fa,pm25_fa,0.511909756494781,12.912998496103286,0.7243069510792834,648000
25,TF_2,faulty_raw,pm25_0,0.3294760501251226,15.135061307403072,0.7357105452758022,648000
25,TF_2,faulty_raw,pm25_1,-2.205779408039237,33.09358790806384,,648000
25,TF_2,faulty_raw,pm25_2,0.13383112228312966,17.201975496046238,0.5580162358977526,648000
25,TF_2,faulty_raw,pm25_3,-0.2350314539267182,20.54073815239084,0.3268973735937316,648000
25,TF_3,fault_free_fa,pm25_fa,0.6534141542731962,9.21508421550607,0.8083403771428073,644401
25,TF_3,faulty_fa,pm25_fa,0.04546439391854906,15.292904053864293,0.49988857158579697,644401
25,TF_3,faulty_raw,pm25_0,-0.11122572298595723,16.500421574712412,0.4356883724346977,644401
25,TF_3,faulty_raw,pm25_1,-4.515810530566992,36.76195229094324,,644401
25,TF_3,faulty_raw,pm25_2,-0.09941605295178713,16.412507375261427,0.36761605254958485,644401
25,TF_3,faulty_raw,pm25_3,-0.3741926499153254,18.34922423410206,0.4420754345943102,644401
25,TF_1,fault_free_fa,pm25_fa,0.6707165713372987,9.854148235558519,0.8189728835679216,648000
25,TF_1,faulty_fa,pm25_fa,0.1341534041199861,15.979185203544326,0.43192949897676336,648000
25,TF_1,faulty_raw,pm25_0,-0.003522189095294115,17.202740705088324,0.4542426507946867,648000
25,TF_1,faulty_raw,pm25_1,-3.37926681788412,35.93642383640209,,648000
25,TF_1,faulty_raw,pm25_2,-0.4420344279812949,20.62158145726809,0.2424602964698647,648000
25,TF_1,faulty_raw,pm25_3,-1.9660772435013367,29.575042807043264,-0.11943653715980318,648000
2.5,TF_7,fault_free_fa,pm25_fa,0.6105565703242348,10.330904506085291,0.7813812680977947,64800
2.5,TF_7,faulty_fa,pm25_fa,-0.06723277642947223,17.101953996569595,0.3351475299766301,64800
2.5,TF_7,faulty_raw,pm25_0,-0.3989221062801398,19.58001062317578,0.15855697424686527,64800
2.5,TF_7,faulty_raw,pm25_1,-1.5830792867943502,26.606333163210966,,64800
2.5,TF_7,faulty_raw,pm25_2,-0.2086688389396072,18.199934262284284,0.2921464063970913,64800
2.5,TF_7,faulty_raw,pm25_3,-0.809785727248179,22.270488122694204,-0.09530878500344553,64800
2.5,TF_12,fault_free_fa,pm25_fa,0.77303719468079,6.178243538244476,0.8792254135837455,64800
2.5,TF_12,faulty_fa,pm25_fa,-0.08631010606747935,13.516510562867001,0.34896113255066097,64800
2.5,TF_12,faulty_raw,pm25_0,-0.14029182775118199,13.84827515708781,0.36757297428123503,64800
2.5,TF_12,faulty_raw,pm25_1,-3.4858347033772077,27.466878816871453,,64800
2.5,TF_12,faulty_raw,pm25_2,-0.7204061961006083,17.009955490984925,0.17993489858247486,64800
2.5,TF_12,faulty_raw,pm25_3,-2.247558977289726,23.370403009652254,-0.20185178643914217,64800
2.5,TF_26,fault_free_fa,pm25_fa,0.8900037843542578,5.870165892176791,0.9434001257410544,64800
2.5,TF_26,faulty_fa,pm25_fa,0.4437074458785646,13.201191354410312,0.670317770639426,64800
2.5,TF_26,faulty_raw,pm25_0,0.25150468998490283,15.31285057086025,0.662977543961427,64800
2.5,TF_26,faulty_raw,pm25_1,-2.6365202409542405,33.75238819961765,,64800
2.5,TF_26,faulty_raw,pm25_2,-0.046152740489529664,18.103354311102468,0.48373930612522154,64800
2.5,TF_26,faulty_raw,pm25_3,-0.5686197300164288,22.167684891006495,0.1839899613738126,64800
2.5,TF_25,fault_free_fa,pm25_fa,0.9236147915721302,4.767155895634636,0.9610488019023689,64800
2.5,TF_25,faulty_fa,pm25_fa,0.5889162690322503,11.059102039860417,0.768090256067419,64800
2.5,TF_25,faulty_raw,pm25_0,0.20306730011474838,15.398043567221132,0.6940759069131496,64800
2.5,TF_25,faulty_raw,pm25_1,-2.9602192675020786,34.32529960850424,,64800
2.5,TF_25,faulty_raw,pm25_2,0.1268120584220338,16.117904762312907,0.611085329889319,64800
2.5,TF_25,faulty_raw,pm25_3,-0.5288270720645845,21.32720299861991,0.2512892863173819,64800
2.5,TF_21,fault_free_fa,pm25_fa,0.8850298014091506,6.881552728490648,0.9407602320202038,64800
2.5,TF_21,faulty_fa,pm25_fa,0.5601629101455367,13.45983467871158,0.753124165542369,64800
2.5,TF_21,faulty_raw,pm25_0,0.4646882437418892,14.848999471096068,0.8077014636487654,64800
2.5,TF_21,faulty_raw,pm25_1,-1.8133559712251754,34.04130058357072,,64800
2.5,TF_21,faulty_raw,pm25_2,-0.28744042896209665,23.02806107616269,0.4894556054949497,64800
2.5,TF_21,faulty_raw,pm25_3,-0.20133453064253248,22.24466047300551,0.3421241698710607,64800
2.5,TF_28,fault_free_fa,pm25_fa,0.846517549673274,6.865155338546299,0.920063887053463,64800
2.5,TF_28,faulty_fa,pm25_fa,0.25369397878412625,15.138382672269627,0.5609886301555856,64800
2.5,TF_28,faulty_raw,pm25_0,0.01146102274421168,17.42279815952647,0.6050998092072036,64800
2.5,TF_28,faulty_raw,pm25_1,-3.4770472746282666,37.078046658702114,,64800
2.5,TF_28,faulty_raw,pm25_2,0.24128363715729584,15.263731985009464,0.5981058201671542,64800
2.5,TF_28,faulty_raw,pm25_3,-0.43127724906681175,20.96442186981545,0.32171194371782225,64800
2.5,TF_1,fault_free_fa,pm25_fa,0.8543628561686706,6.101298342079724,0.9243175305514647,63360
2.5,TF_1,faulty_fa,pm25_fa,-0.10475000740232798,16.804213539263063,0.45103117949336075,63360
2.5,TF_1,faulty_raw,pm25_0,-0.37535811795797724,18.74968961330488,0.06892317343270635,63360
2.5,TF_1,faulty_raw,pm25_1,-0.6370017196313773,20.455530774415173,,63360
2.5,TF_1,faulty_raw,pm25_2,-0.23953192424782488,17.799796754753654,0.23378739932217205,63360
2.5,TF_1,faulty_raw,pm25_3,-0.3512754264172053,18.584809962553965,0.27761356126880926,63360
2.5,TF_6,fault_free_fa,pm25_fa,0.568101008199163,11.461114094079488,0.7537248618361536,64800
2.5,TF_6,faulty_fa,pm25_fa,0.017577951369233236,17.285613224797277,0.3639724734934719,64800
2.5,TF_6,faulty_raw,pm25_0,-0.16360285418416187,18.812136863571084,0.22086148765805122,64800
2.5,TF_6,faulty_raw,pm25_1,-1.3632534238340241,26.809634218395267,,64800
2.5,TF_6,faulty_raw,pm25_2,-0.33003575127634766,20.11256210897019,0.15255854129297222,64800
2.5,TF_6,faulty_raw,pm25_3,-0.5120680788812983,21.444771019806193,0.04558242346542172,64800
2.5,TF_20,fault_free_fa,pm25_fa,0.9216540449774591,5.728910970887829,0.9600281514300024,64800
2.5,TF_20,faulty_fa,pm25_fa,0.524866346605585,14.108202347454329,0.7278918910034075,64800
2.5,TF_20,faulty_raw,pm25_0,0.2710118325989782,17.47527518424839,0.7107871273593731,64800
2.5,TF_20,faulty_raw,pm25_1,-2.3187339087211565,37.28636100937759,,64800
2.5,TF_20,faulty_raw,pm25_2,0.006090324761103161,20.40503024881256,0.5325122626070219,64800
2.5,TF_20,faulty_raw,pm25_3,-0.3256639367918064,23.565708687371252,0.36154779157560113,64800
2.5,TF_8,fault_free_fa,pm25_fa,0.6270493316021373,9.480440873457155,0.7918645043065817,64800
2.5,TF_8,faulty_fa,pm25_fa,0.2003837876502963,13.88173132494892,0.5210913881428334,64800
2.5,TF_8,faulty_raw,pm25_0,-0.08964114314984539,16.204833967815983,0.3438767759298951,64800
2.5,TF_8,faulty_raw,pm25_1,-1.7549321922594343,25.766670040572695,,64800
2.5,TF_8,faulty_raw,pm25_2,0.054786725535289515,15.092727996387811,0.41643692132940546,64800
2.5,TF_8,faulty_raw,pm25_3,-0.7262476465030445,20.39644078309096,0.04210235549243142,64800
2.5,TF_2,fault_free_fa,pm25_fa,0.8274236363332519,6.630754495886153,0.9096283176732242,64800
2.5,TF_2,faulty_fa,pm25_fa,-0.04749441594119164,16.3360912177957,0.4957221398988452,64800
2.5,TF_2,faulty_raw,pm25_0,-0.3536640200264358,18.57067691391516,0.151145998904977,64800
2.5,TF_2,faulty_raw,pm25_1,-1.0971050220361165,23.11438707211455,,64800
2.5,TF_2,faulty_raw,pm25_2,-0.20488065269261235,17.520411691306442,0.31685093634516215,64800
2.5,TF_2,faulty_raw,pm25_3,-0.2275576524696723,17.684518534351163,0.4458866876816835,64800
2.5,TF_4,fault_free_fa,pm25_fa,0.795664581411852,7.242670077933092,0.892000404265466,64800
2.5,TF_4,faulty_fa,pm25_fa,-0.0405976253237863,16.344374010787153,0.4447112681137489,64800
2.5,TF_4,faulty_raw,pm25_0,-0.18189792687120154,17.418745022467938,0.2303949864549771,64800
2.5,TF_4,faulty_raw,pm25_1,-0.6202138657586034,20.394499358904703,,64800
2.5,TF_4,faulty_raw,pm25_2,-0.13351803112461003,17.058509944023807,0.3418202367427295,64800
2.5,TF_4,faulty_raw,pm25_3,-0.1033153645785383,16.829712986271204,0.4814954141570336,64800
2.5,TF_22,fault_free_fa,pm25_fa,0.9339104557309337,5.055312298896038,0.9663904273754702,64800
2.5,TF_22,faulty_fa,pm25_fa,0.5486620429643273,13.210904122663877,0.7497563094382476,64800
2.5,TF_22,faulty_raw,pm25_0,0.37687935291593144,15.522714943333026,0.7943773876744263,64800
2.5,TF_22,faulty_raw,pm25_1,-2.0340663308388987,34.25264763473451,,64800
2.5,TF_22,faulty_raw,pm25_2,-0.05053958331857644,20.155232938397475,0.5059954644415883,64800
2.5,TF_22,faulty_raw,pm25_3,-0.39728564978609704,23.244714198254677,0.1959286295358803,64800
2.5,TF_36,fault_free_fa,pm25_fa,0.6687841594153854,9.52361699778008,0.8177922977432358,64800
2.5,TF_36,faulty_fa,pm25_fa,-0.14249529038736886,17.68779031889309,0.25548780602608595,64800
2.5,TF_36,faulty_raw,pm25_0,-0.3260354643782868,19.05565764393683,0.11269462995678708,64800
2.5,TF_36,faulty_raw,pm25_1,-0.9963115414451087,23.38086265663531,,64800
2.5,TF_36,faulty_raw,pm25_2,-0.32638119604639226,19.058141632907038,0.09249237393883844,64800
2.5,TF_36,faulty_raw,pm25_3,-0.1894134473415825,18.04732312353356,0.34416810530352804,64800
2.5,TF_14,fault_free_fa,pm25_fa,0.851117422599861,6.253469473999727,0.9225602759540353,64800
2.5,TF_14,faulty_fa,pm25_fa,-0.13104862523272853,17.2361288899104,0.29905306367028917,64800
2.5,TF_14,faulty_raw,pm25_0,-0.24856972878168748,18.109459799776335,0.3251977814997314,64800
2.5,TF_14,faulty_raw,pm25_1,-2.4784399296969943,30.226742675797077,,64800
2.5,TF_14,faulty_raw,pm25_2,-1.1152165088297585,23.570918630471205,0.05004011205327813,64800
2.5,TF_14,faulty_raw,pm25_3,-2.0245673901685497,28.185823474558145,-0.3248667289806309,64800
2.5,TF_23,fault_free_fa,pm25_fa,0.9587550613200534,3.8849139809138036,0.9791603868980961,64800
2.5,TF_23,faulty_fa,pm25_fa,0.5967560132197511,12.147307514077424,0.7829741012993859,64800
2.5,TF_23,faulty_raw,pm25_0,0.41918791063646,14.57853553476761,0.7784055900700884,64800
2.5,TF_23,faulty_raw,pm25_1,-2.424054219508452,35.3969948425827,,64800
2.5,TF_23,faulty_raw,pm25_2,0.11865285468504794,17.958480073739278,0.6221282414458813,64800
2.5,TF_23,faulty_raw,pm25_3,-0.2735888142504084,21.587914734611157,0.32384640378230056,64800
2.5,TF_0,fault_free_fa,pm25_fa,0.7640286434530645,7.12465264063923,0.8740873680242499,62342
2.5,TF_0,faulty_fa,pm25_fa,-0.22112856490186927,16.207452071643512,0.2100494919828255,62342
2.5,TF_0,faulty_raw,pm25_0,-0.3141662870032993,16.81354194493589,0.10602594205124964,62342
2.5,TF_0,faulty_raw,pm25_1,-0.98901306005582,20.684873445442744,,62342
2.5,TF_0,faulty_raw,pm25_2,-0.13153218692132485,15.601541362799924,0.28958390020117875,62342
2.5,TF_0,faulty_raw,pm25_3,-0.3503424583752919,17.04339119333917,0.19075603265635238,62342
2.5,TF_39,fault_free_fa,pm25_fa,0.8211982378779304,5.815082441317619,0.9061999079329349,62640
2.5,TF_39,faulty_fa,pm25_fa,-0.2361318469886715,15.289820139111592,0.28277712236236685,62640
2.5,TF_39,faulty_raw,pm25_0,-0.38209066557621574,16.167327870412176,0.1625029021882175,62640
2.5,TF_39,faulty_raw,pm25_1,-1.5402727810592016,21.91846601200818,,62640
2.5,TF_39,faulty_raw,pm25_2,-0.22088771124450024,15.195249663889427,0.32936720980572237,62640
2.5,TF_39,faulty_raw,pm25_3,-0.5387623900678422,17.059086067936924,0.2129136128240161,62640
2.5,TF_35,fault_free_fa,pm25_fa,0.7530968625360956,7.81623812941896,0.8678115892049045,64800
2.5,TF_35,faulty_fa,pm25_fa,-0.266436342695499,17.702155861419268,0.18433967871875265,64800
2.5,TF_35,faulty_raw,pm25_0,-0.15221927102523014,16.885038106006952,0.3062897170343416,64800
2.5,TF_35,faulty_raw,pm25_1,-1.2354537120139177,23.51891695492884,,64800
2.5,TF_35,faulty_raw,pm25_2,-0.22853049831322303,17.435220691335534,0.22588320791213362,64800
2.5,TF_35,faulty_raw,pm25_3,-0.14459858465310882,16.829107324404323,0.41383945861566995,64800
2.5,TF_37,fault_free_fa,pm25_fa,0.8228869837864328,6.217527294396527,0.907131200713108,64800
2.5,TF_37,faulty_fa,pm25_fa,-0.04700902204002588,15.117071699184748,0.39983869286375995,64800
2.5,TF_37,faulty_raw,pm25_0,-0.2855726284876767,16.751001190379057,0.18504978377649792,64800
2.5,TF_37,faulty_raw,pm25_1,-1.2796621968898965,22.306308776373164,,64800
2.5,TF_37,faulty_raw,pm25_2,-0.2733411909375838,16.671122970870826,0.2009316709488531,64800
2.5,TF_37,faulty_raw,pm25_3,-0.1593381923151278,15.907338857150595,0.5148129400342045,64800
2.5,TF_24,fault_free_fa,pm25_fa,0.9488688302687089,4.027498843462234,0.9740989854670945,64800
2.5,TF_24,faulty_fa,pm25_fa,0.5977369289197512,11.296597179697468,0.7821702579339671,64800
2.5,TF_24,faulty_raw,pm25_0,0.3452301523560146,14.412419552889112,0.771865446398953,64800
2.5,TF_24,faulty_raw,pm25_1,-2.8835638535626082,35.10005406189918,,64800
2.5,TF_24,faulty_raw,pm25_2,0.1774660642072362,16.15360551174433,0.6622010232349334,64800
2.5,TF_24,faulty_raw,pm25_3,-0.41513149154469575,21.188048485372335,0.30937124001061445,64800
2.5,TF_15,fault_free_fa,pm25_fa,0.8422045512150065,7.0457462339788215,0.9177170664139416,64800
2.5,TF_15,faulty_fa,pm25_fa,-0.09367691951276225,18.54916157628812,0.31769148443844075,64800
2.5,TF_15,faulty_raw,pm25_0,-0.11256922809364212,18.70868585589032,0.43044300207698705,64800
2.5,TF_15,faulty_raw,pm25_1,-2.622213925858217,33.75723046237614,,64800
2.5,TF_15,faulty_raw,pm25_2,-0.6386702839951519,22.70521140020911,0.13367163105003987,64800
2.5,TF_15,faulty_raw,pm25_3,-2.060481858799729,31.02949199352071,-0.22518350974637005,64800
2.5,TF_38,fault_free_fa,pm25_fa,0.8069655409452425,5.948295322931856,0.8983126199972518,63361
2.5,TF_38,faulty_fa,pm25_fa,0.03553484016386421,13.295919373187084,0.5115363739177056,63361
2.5,TF_38,faulty_raw,pm25_0,-0.1886020302503213,14.76023713398037,0.28676753884855516,63361
2.5,TF_38,faulty_raw,pm25_1,-1.8950538343336452,23.035806558293757,,63361
2.5,TF_38,faulty_raw,pm25_2,-0.10910885558776151,14.258117434345529,0.3681483835886533,63361
2.5,TF_38,faulty_raw,pm25_3,-0.07603227062758844,14.043900666985284,0.5470175957925013,63361
2.5,TF_17,fault_free_fa,pm25_fa,0.7992237384560101,8.660514926136328,0.8939932404927885,64800
2.5,TF_17,faulty_fa,pm25_fa,0.08120347147429718,18.52666316529275,0.35711032985222024,64800
2.5,TF_17,faulty_raw,pm25_0,0.10725748088886333,18.262096891329335,0.5180617480138417,64800
2.5,TF_17,faulty_raw,pm25_1,-2.828296169303604,37.817280709159384,,64800
2.5,TF_17,faulty_raw,pm25_2,-0.20186174144623514,21.189211120903668,0.296214958111707,64800
2.5,TF_17,faulty_raw,pm25_3,-1.6430913619271377,31.422708782072064,-0.09585511155766306,64800
2.5,TF_19,fault_free_fa,pm25_fa,0.8899586769495995,6.751626447268686,0.9433762207351821,64800
2.5,TF_19,faulty_fa,pm25_fa,0.31193881244627464,16.88278284435222,0.5885103052328663,64800
2.5,TF_19,faulty_raw,pm25_0,0.07988060200133351,19.523271657915394,0.6027035555741938,64800
2.5,TF_19,faulty_raw,pm25_1,-2.767300518807017,39.50441516307712,,64800
2.5,TF_19,faulty_raw,pm25_2,-0.043528362524881015,20.791347290461854,0.41893250021809686,64800
2.5,TF_19,faulty_raw,pm25_3,-0.7934263904464458,27.256637739061627,0.24914705935103937,64800
2.5,TF_29,fault_free_fa,pm25_fa,0.8813774916605686,5.3201974997105115,0.9388170850412753,64800
2.5,TF_29,faulty_fa,pm25_fa,0.20325281388906746,13.788101517410912,0.5664078890761479,64800
2.5,TF_29,faulty_raw,pm25_0,0.0638733214084205,14.945536664928655,0.569961416514718,64800
2.5,TF_29,faulty_raw,pm25_1,-1.9813663050707602,26.67177215791515,,64800
2.5,TF_29,faulty_raw,pm25_2,0.1288827387834247,14.41725277215777,0.5288448206960743,64800
2.5,TF_29,faulty_raw,pm25_3,-0.06726553256097834,15.958072918033531,0.4941386105121055,64800
2.5,TF_11,fault_free_fa,pm25_fa,0.7405847569088073,6.760578587883673,0.8605724385218361,64800
2.5,TF_11,faulty_fa,pm25_fa,-0.14989992331328583,14.233645408474825,0.283184479675985,64800
2.5,TF_11,faulty_raw,pm25_0,-0.2293845950481801,14.717363051987393,0.3355231107672929,64800
2.5,TF_11,faulty_raw,pm25_1,-2.971918165293257,26.453690363609287,,64800
2.5,TF_11,faulty_raw,pm25_2,-0.4827697612083661,16.163037488296943,0.28424057839810146,64800
2.5,TF_11,faulty_raw,pm25_3,-1.6529302970804394,21.619668954075077,-0.08315154317308623,64800
2.5,TF_5,fault_free_fa,pm25_fa,0.6702119576442223,9.316354003072723,0.8186648658900509,64800
2.5,TF_5,faulty_fa,pm25_fa,0.026106473980592626,16.0097396537558,0.3913812714456998,64800
2.5,TF_5,faulty_raw,pm25_0,-0.14145133464761162,17.332341216967833,0.2295141916795198,64800
2.5,TF_5,faulty_raw,pm25_1,-0.9958212057273159,22.918666578528107,,64800
2.5,TF_5,faulty_raw,pm25_2,-0.020448190906197983,16.38792660308951,0.37948210609325284,64800
2.5,TF_5,faulty_raw,pm25_3,-0.09428515327314324,16.970466612229398,0.3653563320641819,64800
2.5,TF_31,fault_free_fa,pm25_fa,0.8482975732409324,6.732881626407363,0.9210307313657411,64800
2.5,TF_31,faulty_fa,pm25_fa,-0.06868768775560219,17.87022900227972,0.42372838867714185,64800
2.5,TF_31,faulty_raw,pm25_0,-0.12190962554292395,18.309802171632352,0.48669109970999175,64800
2.5,TF_31,faulty_raw,pm25_1,-4.068965427526542,38.919242560408726,,64800
2.5,TF_31,faulty_raw,pm25_2,-0.5244981113833656,21.343623936987644,0.19396487061166118,64800
2.5,TF_31,faulty_raw,pm25_3,-0.6551830526267155,22.239638847909003,0.3736660313376062,64800
2.5,TF_16,fault_free_fa,pm25_fa,0.862177164050236,6.979985088934473,0.9285350269849695,64800
2.5,TF_16,faulty_fa,pm25_fa,-0.12620095574175316,19.952708126029062,0.2589725929180607,64800
2.5,TF_16,faulty_raw,pm25_0,-0.2553537053073065,21.065751570563727,0.3621723835511105,64800
2.5,TF_16,faulty_raw,pm25_1,-2.6453659760107473,35.89752211440228,,64800
2.5,TF_16,faulty_raw,pm25_2,-0.6841351093107373,24.399581010242166,0.1094567409900048,64800
2.5,TF_16,faulty_raw,pm25_3,-2.045532510218958,32.811457603930414,-0.26112575675471805,64800
2.5,TF_30,fault_free_fa,pm25_fa,0.887203958573509,5.060962403666387,0.9419150579633914,64800
2.5,TF_30,faulty_fa,pm25_fa,0.17781367008280802,13.663794060681793,0.5615489540284401,64800
2.5,TF_30,faulty_raw,pm25_0,-0.023565133256731485,15.245579034297856,0.5296356857729377,64800
2.5,TF_30,faulty_raw,pm25_1,-4.181247585049181,34.30072934354184,,64800
2.5,TF_30,faulty_raw,pm25_2,-0.07549431506436766,15.627526407489803,0.4009058560155181,64800
2.5,TF_30,faulty_raw,pm25_3,-0.31654763341013337,17.290377299300047,0.5084185154665468,64800
2.5,TF_33,fault_free_fa,pm25_fa,0.856798286795907,6.2310931165428505,0.9256340013436553,64800
2.5,TF_33,faulty_fa,pm25_fa,0.16472003158492765,15.048948904540161,0.5899712189965858,64800
2.5,TF_33,faulty_raw,pm25_0,0.08071864112984573,15.787536269206283,0.5637671803806906,64800
2.5,TF_33,faulty_raw,pm25_1,-2.7074718186751485,31.705095359216834,,64800
2.5,TF_33,faulty_raw,pm25_2,0.038096113437465884,16.149384480341755,0.5024970090133416,64800
2.5,TF_33,faulty_raw,pm25_3,-0.1859098552473013,17.93147328739126,0.5092888017313859,64800
2.5,TF_34,fault_free_fa,pm25_fa,0.8566157623867934,5.938781885689736,0.9255354116219018,64800
2.5,TF_34,faulty_fa,pm25_fa,0.010765452766062777,15.598983794708554,0.47538201113427575,64800
2.5,TF_34,faulty_raw,pm25_0,0.11605357172398556,14.745504706777217,0.5807706263505221,64800
2.5,TF_34,faulty_raw,pm25_1,-1.8520520789398778,26.48655013236095,,64800
2.5,TF_34,faulty_raw,pm25_2,-0.0573882925337279,16.127383681125014,0.45202136679096994,64800
2.5,TF_34,faulty_raw,pm25_3,-0.14181803204077625,16.75888489393988,0.463999794730868,64800
2.5,TF_27,fault_free_fa,pm25_fa,0.8671788403515919,6.450961832469897,0.9312243791047933,64800
2.5,TF_27,faulty_fa,pm25_fa,0.45682679263997783,13.045478349967743,0.6793133109990042,64800
2.5,TF_27,faulty_raw,pm25_0,0.2910636577782423,14.903712307561987,0.6983739655024779,64800
2.5,TF_27,faulty_raw,pm25_1,-3.035795145830363,35.55947949639071,,64800
2.5,TF_27,faulty_raw,pm25_2,0.019536591988927543,17.52695749698314,0.5229656790900402,64800
2.5,TF_27,faulty_raw,pm25_3,-0.45190258228568414,21.32846385840074,0.25394426541080406,64800
2.5,TF_10,fault_free_fa,pm25_fa,0.7119812399255245,7.396074599489074,0.8437899335947854,64800
2.5,TF_10,faulty_fa,pm25_fa,-0.16807920360429773,14.894538133900555,0.1615796557930959,64800
2.5,TF_10,faulty_raw,pm25_0,-0.2760966649855612,15.567994933556864,0.25318843912876443,64800
2.5,TF_10,faulty_raw,pm25_1,-2.55258136051405,25.97543990046843,,64800
2.5,TF_10,faulty_raw,pm25_2,-0.29261520019065035,15.668431528196004,0.1683202248203269,64800
2.5,TF_10,faulty_raw,pm25_3,-1.591347049154471,22.184706369510913,-0.26929316692959554,64800
2.5,TF_32,fault_free_fa,pm25_fa,0.8457068231897403,6.606770526655203,0.919623213455497,64800
2.5,TF_32,faulty_fa,pm25_fa,0.13919946413914963,15.605120498798884,0.5645603221617636,64800
2.5,TF_32,faulty_raw,pm25_0,0.051071565478657766,16.38447735206212,0.5484718990346935,64800
2.5,TF_32,faulty_raw,pm25_1,-4.475575703171499,39.35779470387024,,64800
2.5,TF_32,faulty_raw,pm25_2,-0.26375000216070354,18.9080371472619,0.3480843721956288,64800
2.5,TF_32,faulty_raw,pm25_3,-0.3777819735607084,19.7426802288918,0.49021710174810385,64800
2.5,TF_13,fault_free_fa,pm25_fa,0.7102019290450958,7.657153568970678,0.8427349036363058,64800
2.5,TF_13,faulty_fa,pm25_fa,-0.014733314720732027,14.328329876127505,0.3618671822802849,64800
2.5,TF_13,faulty_raw,pm25_0,-0.28191276062875414,16.104559394804376,0.26259089993124457,64800
2.5,TF_13,faulty_raw,pm25_1,-3.173976121607602,29.059931899468307,,64800
2.5,TF_13,faulty_raw,pm25_2,-1.1483072394134695,20.848163680961264,0.11997463088845545,64800
2.5,TF_13,faulty_raw,pm25_3,-2.2934297037323272,25.813316784726023,-0.3040808723819316,64800
2.5,TF_9,fault_free_fa,pm25_fa,0.812915404443275,6.41908473697314,0.901618252414574,64800
2.5,TF_9,faulty_fa,pm25_fa,0.09578650125229071,14.112033123387329,0.42670679399958866,64800
2.5,TF_9,faulty_raw,pm25_0,-0.1790324239248129,16.114504955002452,0.33792126852931287,64800
2.5,TF_9,faulty_raw,pm25_1,-2.0450855686311677,25.897261645652144,,64800
2.5,TF_9,faulty_raw,pm25_2,-0.18366711020054094,16.146146333740475,0.27979957644078096,64800
2.5,TF_9,faulty_raw,pm25_3,-1.1159488706960992,21.587715139347765,-0.10519359251370745,64800
2.5,TF_3,fault_free_fa,pm25_fa,0.7602980521114507,7.8395475178085565,0.8719507541670246,64800
2.5,TF_3,faulty_fa,pm25_fa,-0.023885220958419495,16.202456061028556,0.47531128460120187,64800
2.5,TF_3,faulty_raw,pm25_0,-0.2931175317246617,18.208501871478532,0.1597920414724544,64800
2.5,TF_3,faulty_raw,pm25_1,-1.055787661788782,22.958544031960006,,64800
2.5,TF_3,faulty_raw,pm25_2,-0.10493451848848712,16.83152575072707,0.41423694116515714,64800
2.5,TF_3,faulty_raw,pm25_3,-0.14471358991159966,17.131825202001153,0.535709741405619,64800
2.5,TF_18,fault_free_fa,pm25_fa,0.8511933621706533,7.897913799389779,0.9226014331172869,64800
2.5,TF_18,faulty_fa,pm25_fa,0.2794899205356203,17.378859317475182,0.548632899004164,64800
2.5,TF_18,faulty_raw,pm25_0,0.1468662573223004,18.910795442048197,0.5929579858482256,64800
2.5,TF_18,faulty_raw,pm25_1,-3.0025527040441347,40.96092607049899,,64800
2.5,TF_18,faulty_raw,pm25_2,-0.1232055904129874,21.698557606168666,0.38274258057076965,64800
2.5,TF_18,faulty_raw,pm25_3,-1.2951391327072237,31.017425386449233,0.0558052095718119,64800
5,TF_17,fault_free_fa,pm25_fa,0.7441350790252141,7.945117634550402,0.8626326600689354,129600
5,TF_17,faulty_fa,pm25_fa,-0.06511937467551321,16.210413753081415,0.38393169779243774,129600
5,TF_17,faulty_raw,pm25_0,0.025761706530399664,15.503421534140047,0.47265579514867734,129600
5,TF_17,faulty_raw,pm25_1,-1.4982436131012347,24.826320086189007,,129600
5,TF_17,faulty_raw,pm25_2,0.008758790440721254,15.638123264433014,0.4201705288309694,129600
5,TF_17,faulty_raw,pm25_3,-0.1360330033151207,16.741348295154253,0.45462929518744666,129600
5,TF_19,fault_free_fa,pm25_fa,0.7944795923056206,6.185978330266319,0.8913358588118605,126001
5,TF_19,faulty_fa,pm25_fa,-0.08232191932152966,14.19577623022297,0.42839875793262117,126001
5,TF_19,faulty_raw,pm25_0,-0.29949669308373106,15.554945981890947,0.21468185905096093,126001
5,TF_19,faulty_raw,pm25_1,-1.7196389994665293,22.50279936777063,,126001
5,TF_19,faulty_raw,pm25_2,-0.17280073971224552,14.777230020190196,0.3498068698162945,126001
5,TF_19,faulty_raw,pm25_3,-0.31377381515237324,15.64016097820261,0.40118515426879015,126001
5,TF_7,fault_free_fa,pm25_fa,0.8197749024988985,7.218747567445045,0.9054142297354286,129600
5,TF_7,faulty_fa,pm25_fa,-0.07717512727346354,17.648076554412174,0.32533404471742305,129600
5,TF_7,faulty_raw,pm25_0,-0.19574516353460236,18.594030419570906,0.3862275815159131,129600
5,TF_7,faulty_raw,pm25_1,-2.69421177387057,32.68248832512612,,129600
5,TF_7,faulty_raw,pm25_2,-0.9795356818573697,23.924115360771374,0.11008469340584495,129600
5,TF_7,faulty_raw,pm25_3,-2.1217864602068555,30.043866047542316,-0.2710452119235261,129600
5,TF_12,fault_free_fa,pm25_fa,0.9307763284115201,4.6129476107368905,0.9647675009601543,129600
5,TF_12,faulty_fa,pm25_fa,0.6081635805691359,10.97497669774316,0.7888930101686853,129600
5,TF_12,faulty_raw,pm25_0,0.2882259851585953,14.791842422712294,0.7414077208377755,129600
5,TF_12,faulty_raw,pm25_1,-2.946096783315815,34.828524295207835,,129600
5,TF_12,faulty_raw,pm25_2,0.235931399956274,15.325596370873896,0.648619645709357,129600
5,TF_12,faulty_raw,pm25_3,-0.46733855548082426,21.23813474015739,0.2829565080946225,129600
5,TF_15,fault_free_fa,pm25_fa,0.8179993208671203,6.9233798175907895,0.9044331592121906,129600
5,TF_15,faulty_fa,pm25_fa,0.1369538398017811,15.076435212860636,0.5094488755326925,129600
5,TF_15,faulty_raw,pm25_0,-0.006805730452124292,16.283752499943695,0.512145061063624,129600
5,TF_15,faulty_raw,pm25_1,-4.226886028950897,37.10249956809743,,129600
5,TF_15,faulty_raw,pm25_2,-0.22998129529416622,17.998275984015997,0.2855873563921266,129600
5,TF_15,faulty_raw,pm25_3,-0.46671143452975716,19.65413760352747,0.44844418844394673,129600
5,TF_11,fault_free_fa,pm25_fa,0.9421169999531646,4.669542841332136,0.9706271183108375,129600
5,TF_11,faulty_fa,pm25_fa,0.564265296949197,12.811793288324855,0.761737417958419,129600
5,TF_11,faulty_raw,pm25_0,0.42381263031337657,14.732644694565957,0.7932145159098981,129600
5,TF_11,faulty_raw,pm25_1,-2.090755285420527,34.12173913376817,,129600
5,TF_11,faulty_raw,pm25_2,0.013837022851628578,19.274059491101543,0.5622809226767029,129600
5,TF_11,faulty_raw,pm25_3,-0.28918597315634686,22.0372112009094,0.2716132148344699,129600
5,TF_5,fault_free_fa,pm25_fa,0.64399766007602,8.076501515402176,0.8024948309517563,129600
5,TF_5,faulty_fa,pm25_fa,-0.041214172253374315,13.812328161744196,0.2777171253517174,129600
5,TF_5,faulty_raw,pm25_0,-0.18861212474496725,14.757640638407475,0.3090314592374196,129600
5,TF_5,faulty_raw,pm25_1,-2.747484289453638,26.20395005928055,,129600
5,TF_5,faulty_raw,pm25_2,-0.15121495744882374,14.52362625623903,0.27802739147386474,129600
5,TF_5,faulty_raw,pm25_3,-1.573672967205706,21.71568498982601,-0.1682934253389023,129600
5,TF_16,fault_free_fa,pm25_fa,0.8234149244765331,6.995908203250544,0.9074221471883382,129600
5,TF_16,faulty_fa,pm25_fa,0.16065057119424742,15.252411163015923,0.5809882929221902,129600
5,TF_16,faulty_raw,pm25_0,0.04862475288866208,16.23839226944319,0.5513545820120171,129600
5,TF_16,faulty_raw,pm25_1,-4.352861235485122,38.51767789957854,,129600
5,TF_16,faulty_raw,pm25_2,-0.08765994343448513,17.362556492224222,0.42720543675142,129600
5,TF_16,faulty_raw,pm25_3,-0.31882204354735166,19.118781211759025,0.48931996017599066,129600
5,TF_6,fault_free_fa,pm25_fa,0.7121157546770515,7.3076187733240205,0.84386957399313,129600
5,TF_6,faulty_fa,pm25_fa,-0.03637438663045889,13.865172246384736,0.3607853569019729,129600
5,TF_6,faulty_raw,pm25_0,-0.17799554114790483,14.782189210637108,0.32783387004559655,129600
5,TF_6,faulty_raw,pm25_1,-3.3534346634008747,28.417308960690097,,129600
5,TF_6,faulty_raw,pm25_2,-0.798880756569061,18.26703755325731,0.15332829159296407,129600
5,TF_6,faulty_raw,pm25_3,-2.2343467433732727,24.49402869356538,-0.22240535235754974,129600
5,TF_1,fault_free_fa,pm25_fa,0.764422820658233,7.759477462566435,0.8743127876834735,129600
5,TF_1,faulty_fa,pm25_fa,-0.03355803362050924,16.25299122228629,0.4882417800724942,129600
5,TF_1,faulty_raw,pm25_0,-0.2703533109247884,18.01889394860986,0.17805756891368937,129600
5,TF_1,faulty_raw,pm25_1,-1.0739176857611232,23.022984699933644,,129600
5,TF_1,faulty_raw,pm25_2,-0.13703389023908308,17.04718098672551,0.3775587571700042,129600
5,TF_1,faulty_raw,pm25_3,-0.14942722818259258,17.13983385030996,0.5184721757521281,129600
5,TF_8,fault_free_fa,pm25_fa,0.7680320889501526,9.184381002473888,0.8763744437339223,129600
5,TF_8,faulty_fa,pm25_fa,0.05351240243801936,18.55211379719425,0.3753027087892847,129600
5,TF_8,faulty_raw,pm25_0,-0.07528414146441609,19.774137795828604,0.4524712386326314,129600
5,TF_8,faulty_raw,pm25_1,-2.7040285571318323,36.700594473614395,,129600
5,TF_8,faulty_raw,pm25_2,-0.43307388652354484,22.828124214037924,0.18548480708089846,129600
5,TF_8,faulty_raw,pm25_3,-1.8600244961489834,32.2493386088903,-0.1822841923268342,129600
5,TF_2,fault_free_fa,pm25_fa,0.6925431891797373,8.942691448649205,0.8321919164222386,129600
5,TF_2,faulty_fa,pm25_fa,0.004297358381620153,16.093148438691234,0.4124955297017143,129600
5,TF_2,faulty_raw,pm25_0,-0.13665368284947488,17.194528415047774,0.25511216549283444,129600
5,TF_2,faulty_raw,pm25_1,-1.0397355679618765,23.03366901733361,,129600
5,TF_2,faulty_raw,pm25_2,0.009806502486825686,16.048565624978433,0.417996263192829,129600
5,TF_2,faulty_raw,pm25_3,-0.053237780057218576,16.55157788433087,0.4569249098709631,129600
5,TF_4,fault_free_fa,pm25_fa,0.6665903948512188,8.770506097589948,0.8164499059375359,129600
5,TF_4,faulty_fa,pm25_fa,0.23406264660470888,13.293282253530544,0.532668287726877,129600
5,TF_4,faulty_raw,pm25_0,-0.14611168176203249,16.26106818152171,0.32182853781137055,129600
5,TF_4,faulty_raw,pm25_1,-1.8913747155195164,25.827822356694075,,129600
5,TF_4,faulty_raw,pm25_2,-0.03701737082608547,15.467802452710929,0.36384770149453505,129600
5,TF_4,faulty_raw,pm25_3,-0.8484087045109283,20.65069173370894,0.014329786770454725,129600
5,TF_14,fault_free_fa,pm25_fa,0.8433831052818037,6.5603793643407515,0.9183589279229851,129600
5,TF_14,faulty_fa,pm25_fa,0.2527466093979097,14.32991441482343,0.5824256888889228,129600
5,TF_14,faulty_raw,pm25_0,0.06911901722919522,15.993986624110054,0.563032114499575,129600
5,TF_14,faulty_raw,pm25_1,-1.5403964212337922,26.421678002720924,,129600
5,TF_14,faulty_raw,pm25_2,0.18413301405370408,14.973362172068935,0.5605820229863616,129600
5,TF_14,faulty_raw,pm25_3,-0.0593613848165393,17.06206996780337,0.43681938182259256,129600
5,TF_0,fault_free_fa,pm25_fa,0.7631456990888356,7.469341078566219,0.8735821443090586,125702
5,TF_0,faulty_fa,pm25_fa,-0.08798336109273253,16.008578892355953,0.41562854595944115,125702
5,TF_0,faulty_raw,pm25_0,-0.316778378259575,17.61156691338876,0.0939471466701777,125702
5,TF_0,faulty_raw,pm25_1,-0.8223026978497383,20.718194834381478,,125702
5,TF_0,faulty_raw,pm25_2,-0.14612488869921814,16.4307589981975,0.2969747204088912,125702
5,TF_0,faulty_raw,pm25_3,-0.32845228876341825,17.689462400653788,0.27019144106805515,125702
5,TF_10,fault_free_fa,pm25_fa,0.8932291670583247,6.670285207672955,0.9451080216957822,129600
5,TF_10,faulty_fa,pm25_fa,0.5356196075646448,13.910893495225748,0.7362432020714363,129600
5,TF_10,faulty_raw,pm25_0,0.44276294584095055,15.238354839061518,0.7767867780485709,129600
5,TF_10,faulty_raw,pm25_1,-2.105304139032959,35.972461757250656,,129600
5,TF_10,faulty_raw,pm25_2,-0.10396441633556175,21.448435838603327,0.5122088823352909,129600
5,TF_10,faulty_raw,pm25_3,-0.2765046075465405,23.063716010756934,0.33914263152021384,129600
5,TF_13,fault_free_fa,pm25_fa,0.8665572933666059,6.469262631714146,0.930890593958098,129600
5,TF_13,faulty_fa,pm25_fa,0.45821372448660913,13.035309916241301,0.6777722803811227,129600
5,TF_13,faulty_raw,pm25_0,0.30586169600760327,14.754699419414274,0.6869566890826028,129600
5,TF_13,faulty_raw,pm25_1,-2.727004441041929,34.18907228941579,,129600
5,TF_13,faulty_raw,pm25_2,-0.026090202156985765,17.93907855789931,0.5080669138761472,129600
5,TF_13,faulty_raw,pm25_3,-0.47063055186762837,21.476284742314746,0.22313052926665627,129600
5,TF_9,fault_free_fa,pm25_fa,0.8563475104638516,7.74317425278687,0.9253904745310698,129600
5,TF_9,faulty_fa,pm25_fa,0.2901422050435285,17.212665625026066,0.5642258488105674,129600
5,TF_9,faulty_raw,pm25_0,0.11399124193349175,19.230096418303088,0.5954432297869229,129600
5,TF_9,faulty_raw,pm25_1,-2.8794865464944297,40.239222379041124,,129600
5,TF_9,faulty_raw,pm25_2,-0.06891074622792392,21.12190942582248,0.39993260295222166,129600
5,TF_9,faulty_raw,pm25_3,-1.0344434740706938,29.13971287624515,0.15247186965007997,129600
5,TF_3,fault_free_fa,pm25_fa,0.5501847164177088,11.413920760971962,0.7417444584184225,129600
5,TF_3,faulty_fa,pm25_fa,0.019412792596713135,16.852365164028566,0.37648920495663885,129600
5,TF_3,faulty_raw,pm25_0,-0.249831654535289,19.025825507349143,0.20546969614114827,129600
5,TF_3,faulty_raw,pm25_1,-1.589683582587202,27.3867880791922,,129600
5,TF_3,faulty_raw,pm25_2,-0.22804366602703596,18.859260272504795,0.2613533200110849,129600
5,TF_3,faulty_raw,pm25_3,-0.688131675708888,22.111637653204017,-0.03691674255518372,129600
5,TF_18,fault_free_fa,pm25_fa,0.704846688554711,8.52390564748165,0.8395515068481266,129600
5,TF_18,faulty_fa,pm25_fa,-0.08557137842737395,16.34722333418201,0.33010353916362123,129600
5,TF_18,faulty_raw,pm25_0,-0.2704289869137946,17.684386616853338,0.16089049391641538,129600
5,TF_18,faulty_raw,pm25_1,-1.0483751579279321,22.455335794514834,,129600
5,TF_18,faulty_raw,pm25_2,-0.2435661715234101,17.496422342072865,0.16828676552700475,129600
5,TF_18,faulty_raw,pm25_3,-0.13479360837573706,16.713724693344783,0.4436475272828858,129600
20,TF_0,fault_free_fa,pm25_fa,0.5483994737325439,10.880381214474607,0.7405400086809759,514502
20,TF_0,faulty_fa,pm25_fa,0.09965599190012031,15.362826701890722,0.5019133484544485,514502
20,TF_0,faulty_raw,pm25_0,-0.07312497137087703,16.772277633909514,0.32066602247955767,514502
20,TF_0,faulty_raw,pm25_1,-2.0182625531126215,28.128424011301604,,514502
20,TF_0,faulty_raw,pm25_2,0.05625118322394973,15.728782331820844,0.42596646559088286,514502
20,TF_0,faulty_raw,pm25_3,-0.27930752283390325,18.31278384031386,0.3041045550875871,514502
20,TF_2,fault_free_fa,pm25_fa,0.8294747846678037,8.297182541573639,0.9107550675770834,518400
20,TF_2,faulty_fa,pm25_fa,0.39547213171685647,15.622283138817206,0.6362854607104304,518400
20,TF_2,faulty_raw,pm25_0,0.2884234332077007,16.94912023048437,0.6903891681174819,518400
20,TF_2,faulty_raw,pm25_1,-2.4333932225039336,37.23043532328527,,518400
20,TF_2,faulty_raw,pm25_2,-0.058661355170417595,20.67354109028778,0.43002825773123166,518400
20,TF_2,faulty_raw,pm25_3,-0.832378847636841,27.19843882217417,0.13430141377624538,518400
20,TF_4,fault_free_fa,pm25_fa,0.6502754497832246,9.163621516383715,0.8063965995787751,514801
20,TF_4,faulty_fa,pm25_fa,-0.0036440443098137987,15.523653452163314,0.47855300795499833,514801
20,TF_4,faulty_raw,pm25_0,-0.13120948540965727,16.480698036346087,0.4108897262713055,514801
20,TF_4,faulty_raw,pm25_1,-3.9804824515527875,34.58117855117841,,514801
20,TF_4,faulty_raw,pm25_2,-0.13474459661591487,16.506429633594628,0.36552604619126167,514801
20,TF_4,faulty_raw,pm25_3,-0.34027046134215744,17.939085765796033,0.43116331534324603,514801
20,TF_3,fault_free_fa,pm25_fa,0.8275419109951123,7.205973313674274,0.9096933075102027,518400
20,TF_3,faulty_fa,pm25_fa,0.4264649305682725,13.141073790177852,0.6723816491805702,518400
20,TF_3,faulty_raw,pm25_0,0.25249549306736807,15.00229746841376,0.6908333450202913,518400
20,TF_3,faulty_raw,pm25_1,-3.3034977161431494,35.99661417492614,,518400
20,TF_3,faulty_raw,pm25_2,0.1212628443470144,16.265984711586146,0.5180200550240955,518400
20,TF_3,faulty_raw,pm25_3,-0.341221016376817,20.09560287691662,0.3568850234300607,518400
20,TF_1,fault_free_fa,pm25_fa,0.575349538858532,9.85804014363962,0.7585180126739515,518400
20,TF_1,faulty_fa,pm25_fa,0.10976768715202889,14.27336787569351,0.40470226234472906,518400
20,TF_1,faulty_raw,pm25_0,-0.08500109620491392,15.757592703696114,0.35254093593243757,518400
20,TF_1,faulty_raw,pm25_1,-2.4473343770421705,28.08772002138371,,518400
20,TF_1,faulty_raw,pm25_2,-0.2024275026886233,16.588389833687817,0.29380859663634684,518400
20,TF_1,faulty_raw,pm25_3,-1.5040351876791438,23.938393191771127,-0.18711676655512885,518400
50,TF_0,fault_free_fa,pm25_fa,0.5363764992938693,11.354314720465041,0.7323772974567764,1292102
50,TF_0,faulty_fa,pm25_fa,0.15157476223441702,15.359780037780283,0.4596036350158864,1292102
50,TF_0,faulty_raw,pm25_0,-0.02450294603731873,16.8785374916449,0.39920061808375124,1292102
50,TF_0,faulty_raw,pm25_1,-3.1848510914874746,34.112866256362906,,1292102
50,TF_0,faulty_raw,pm25_2,-0.03856929072611859,16.994012970225864,0.341486284134763,1292102
50,TF_0,faulty_raw,pm25_3,-1.2126795570179425,24.804899321485784,-0.020781040529558547,1292102
50,TF_1,fault_free_fa,pm25_fa,0.750443320763825,8.659315157566628,0.8662813192353569,1292401
50,TF_1,faulty_fa,pm25_fa,0.3277792808682216,14.211990032820017,0.6278484349257355,1292401
50,TF_1,faulty_raw,pm25_0,0.1759155567485331,15.735654269320362,0.6228395363014326,1292401
50,TF_1,faulty_raw,pm25_1,-3.0173689457720734,34.74319919067551,,1292401
50,TF_1,faulty_raw,pm25_2,0.109750486653028,16.355160848289287,0.4600444845915763,1292401
50,TF_1,faulty_raw,pm25_3,-0.26155079891147137,19.469344000067174,0.3799616162283881,1292401
10,TF_0,fault_free_fa,pm25_fa,0.7370869540892127,8.037957934635688,0.8585376998669892,255302
10,TF_0,faulty_fa,pm25_fa,-0.020890581628049798,15.839054725580267,0.4815957646510731,255302
10,TF_0,faulty_raw,pm25_0,-0.2584727771144213,17.585777477109374,0.16787659745636294,255302
10,TF_0,faulty_raw,pm25_1,-1.1822885438050679,23.157717257599163,,255302
10,TF_0,faulty_raw,pm25_2,-0.09492193163325857,16.403300393693886,0.357703708415632,255302
10,TF_0,faulty_raw,pm25_3,-0.20339366513805635,17.19663689293991,0.40417979787089986,255302
10,TF_7,fault_free_fa,pm25_fa,0.8030860508781082,7.338302930236682,0.8961506911033984,259200
10,TF_7,faulty_fa,pm25_fa,0.22308324368914434,14.576210748573576,0.5708800568935252,259200
10,TF_7,faulty_raw,pm25_0,0.06737788500915842,15.970196121106776,0.5847698091750425,259200
10,TF_7,faulty_raw,pm25_1,-3.6070555763468795,35.49515854716986,,259200
10,TF_7,faulty_raw,pm25_2,0.017945807605958874,16.387968546013283,0.4314271080178672,259200
10,TF_7,faulty_raw,pm25_3,-0.3235477730190366,19.025111274011124,0.4383492341689047,259200
10,TF_5,fault_free_fa,pm25_fa,0.9054419052254303,6.148190178929994,0.9515471128263181,259200
10,TF_5,faulty_fa,pm25_fa,0.5490646180934137,13.426261225680276,0.749539245404431,259200
10,TF_5,faulty_raw,pm25_0,0.46541776226574405,14.618580330684699,0.8027378591500823,259200
10,TF_5,faulty_raw,pm25_1,-2.007222830029382,34.672147470949334,,259200
10,TF_5,faulty_raw,pm25_2,-0.09966096563744165,20.966567707751242,0.5262041063576527,259200
10,TF_5,faulty_raw,pm25_3,-0.25636263100254353,22.41070100553665,0.31465567193713895,259200
10,TF_1,fault_free_fa,pm25_fa,0.5038590929019412,11.705702279120308,0.7098303760400333,259200
10,TF_1,faulty_fa,pm25_fa,0.11903949327378083,15.598152992037354,0.476035914611162,259200
10,TF_1,faulty_raw,pm25_0,-0.11524086364706654,17.550087780025542,0.28206770165494294,259200
10,TF_1,faulty_raw,pm25_1,-1.8019041126532302,27.81772377351975,,259200
10,TF_1,faulty_raw,pm25_2,0.06327176909052945,16.084285025695255,0.424078225045525,259200
10,TF_1,faulty_raw,pm25_3,-0.3965751442265846,19.639350010248048,0.1938704340080997,259200
10,TF_6,fault_free_fa,pm25_fa,0.8837183352324873,6.008980316835027,0.9400629437690898,259200
10,TF_6,faulty_fa,pm25_fa,0.5625238818920579,11.655269927919212,0.7536286096282605,259200
10,TF_6,faulty_raw,pm25_0,0.34706574181167593,14.239013078622687,0.7421174170067847,259200
10,TF_6,faulty_raw,pm25_1,-2.932589366943232,34.944953051955835,,259200
10,TF_6,faulty_raw,pm25_2,0.12117863918716942,16.51944541487254,0.5791695269104281,259200
10,TF_6,faulty_raw,pm25_3,-0.4592954279552999,21.287113312264285,0.2614120818916838,259200
10,TF_8,fault_free_fa,pm25_fa,0.749576358180488,8.108302676601346,0.8657807873349973,259200
10,TF_8,faulty_fa,pm25_fa,0.0653238182216701,15.664728660067416,0.5183419984425705,259200
10,TF_8,faulty_raw,pm25_0,0.015091161741766057,16.080157789186767,0.5217705019994503,259200
10,TF_8,faulty_raw,pm25_1,-4.207303699832884,36.974196275694545,,259200
10,TF_8,faulty_raw,pm25_2,-0.08592470557382104,16.88465322415686,0.4181515624126453,259200
10,TF_8,faulty_raw,pm25_3,-0.3310659352993337,18.693562451882684,0.45714027437884985,259200
10,TF_2,fault_free_fa,pm25_fa,0.6102138276958236,8.99434846803227,0.7811619311261012,259200
10,TF_2,faulty_fa,pm25_fa,0.1383733288875163,13.372606401529511,0.43210975884590325,259200
10,TF_2,faulty_raw,pm25_0,-0.1395954542296991,15.379132877874113,0.3188489823811974,259200
10,TF_2,faulty_raw,pm25_1,-2.2563909109847478,25.997091466032504,,259200
10,TF_2,faulty_raw,pm25_2,0.005492595534543732,14.366815207072761,0.3641977650027249,259200
10,TF_2,faulty_raw,pm25_3,-1.1273550227005327,21.01243977603485,-0.07265298797253904,259200
10,TF_4,fault_free_fa,pm25_fa,0.7763470449404917,9.345619503941773,0.8811055927041477,259200
10,TF_4,faulty_fa,pm25_fa,0.2252772881409174,17.39377784275719,0.5092279595788615,259200
10,TF_4,faulty_raw,pm25_0,0.08342338773343316,18.91930421676291,0.5523724865193381,259200
10,TF_4,faulty_raw,pm25_1,-3.025894257990286,39.65080023981768,,259200
10,TF_4,faulty_raw,pm25_2,-0.2111643963077614,21.74815015049776,0.3038476481850119,259200
10,TF_4,faulty_raw,pm25_3,-1.5436258596420491,31.517182801822685,-0.008425646698858383,259200
10,TF_9,fault_free_fa,pm25_fa,0.7003237486283844,8.062402583219862,0.8368534924940061,255601
10,TF_9,faulty_fa,pm25_fa,-0.06448598514329573,15.195265418598614,0.37306988930137597,255601
10,TF_9,faulty_raw,pm25_0,-0.25769477315241063,16.516801309421325,0.17275028320918917,255601
10,TF_9,faulty_raw,pm25_1,-1.1011882728084181,21.34866884098182,,255601
10,TF_9,faulty_raw,pm25_2,-0.2004592763815951,16.13659995098742,0.21993670315054137,255601
10,TF_9,faulty_raw,pm25_3,-0.1703637346291258,15.93304359599004,0.4484755676799752,255601
10,TF_3,fault_free_fa,pm25_fa,0.7208340397141244,8.207959912317989,0.849019489065848,259200
10,TF_3,faulty_fa,pm25_fa,0.03469207760360393,15.262895504603671,0.38162644461590817,259200
10,TF_3,faulty_raw,pm25_0,-0.12073725085873499,16.44583388390245,0.3734556076232337,259200
10,TF_3,faulty_raw,pm25_1,-2.731395228201456,30.008177604763272,,259200
10,TF_3,faulty_raw,pm25_2,-0.9396441524001335,21.635404853611725,0.14404458223077626,259200
10,TF_3,faulty_raw,pm25_3,-1.966922437978302,26.75821211755991,-0.25469879812715523,259200
