timestamp,pm25_0,pm25_1,pm25_2,pm25_3,temperature,humidity
1606046400,11.346153846153848,13.0,10.0,11.0,20.1,51.7
1606046401,11.307692307692308,13.0,10.0,11.0,20.1,51.7
1606046402,11.26923076923077,13.0,10.0,11.0,20.1,51.7
1606046403,11.23076923076923,13.0,10.0,11.0,20.1,51.7
1606046404,11.192307692307692,13.0,10.0,11.0,20.1,51.7
1606046405,11.153846153846152,13.0,10.0,11.0,20.1,51.7
1606046406,11.115384615384617,13.0,10.0,11.0,20.1,51.7
1606046407,11.076923076923077,13.0,10.0,11.0,20.1,51.7
1606046408,11.038461538461538,13.0,10.0,11.0,20.1,51.7
1606046409,11.0,13.0,10.0,11.0,20.1,51.7
1606046410,11.0,14.0,10.0,11.0,20.1,51.7
1606046411,11.0,14.0,10.0,11.0,20.1,51.7
1606046412,11.0,14.0,10.0,11.0,20.1,51.7
1606046413,11.0,14.0,10.0,11.0,20.1,51.7
1606046414,11.0,15.0,10.0,11.0,20.1,51.7
1606046415,11.0,15.0,10.0,10.0,20.1,51.7
1606046416,11.0,15.0,10.0,10.0,20.2,51.8
1606046417,11.0,15.0,10.0,10.0,20.2,51.8
1606046418,11.0,16.0,10.0,10.0,20.2,51.8
1606046419,11.0,16.0,10.0,10.0,20.2,51.8
1606046420,11.0,16.0,10.0,10.0,20.2,51.8
1606046421,11.0,16.0,10.0,10.0,20.1,51.6
1606046422,11.0,16.0,10.0,10.0,20.1,51.6
1606046423,12.0,16.0,10.0,11.0,20.1,51.6
1606046424,12.0,16.0,10.0,11.0,20.1,51.6
1606046425,12.0,16.0,10.0,11.0,20.1,51.6
1606046426,12.0,16.0,10.0,11.0,20.2,51.7
1606046427,12.0,16.0,10.0,11.0,20.2,51.7
1606046428,12.0,15.0,10.0,11.0,20.2,51.7
1606046429,13.0,15.0,10.0,11.0,20.2,51.7
1606046430,12.0,15.0,10.0,11.0,20.2,51.7
1606046431,12.0,15.0,9.0,11.0,20.1,51.6
1606046432,12.0,14.0,9.0,11.0,20.1,51.6
1606046433,12.0,14.0,9.0,11.0,20.1,51.6
1606046434,12.0,14.0,9.0,11.0,20.1,51.6
1606046435,12.0,14.0,9.0,11.0,20.1,51.6
1606046436,12.0,13.0,9.0,10.0,20.1,51.6
1606046437,12.0,14.0,9.0,10.0,20.1,51.6
1606046438,12.0,14.0,8.0,10.0,20.1,51.6
1606046439,12.0,14.0,8.0,10.0,20.1,51.6
1606046440,12.0,14.0,8.0,10.0,20.1,51.6
1606046441,12.0,14.0,8.0,10.0,20.2,51.7
1606046442,12.0,14.0,8.0,10.0,20.2,51.7
1606046443,12.0,14.0,8.0,10.0,20.2,51.7
1606046444,12.0,14.0,8.0,9.0,20.2,51.7
1606046445,12.0,14.0,8.0,9.0,20.2,51.7
1606046446,12.0,14.0,8.0,9.0,20.1,51.6
1606046447,12.0,14.0,8.0,9.0,20.1,51.6
1606046448,12.0,14.0,9.0,9.0,20.1,51.6
1606046449,13.0,14.0,9.0,9.0,20.1,51.6
1606046450,13.0,13.0,9.0,9.0,20.1,51.6
1606046451,13.0,13.0,9.0,9.0,20.1,51.6
1606046452,13.0,13.0,10.0,9.0,20.1,51.6
1606046453,13.0,13.0,10.0,9.0,20.1,51.6
1606046454,13.0,13.0,10.0,10.0,20.1,51.6
1606046455,13.0,13.0,10.0,10.0,20.1,51.6
1606046456,13.0,13.0,11.0,10.0,20.1,51.6
1606046457,13.0,13.0,11.0,10.0,20.1,51.6
1606046458,13.0,13.0,11.0,10.0,20.1,51.6
1606046459,12.0,13.0,11.0,10.0,20.1,51.6
1606046460,12.0,13.0,11.0,10.0,20.1,51.6
1606046461,12.0,12.0,11.0,10.0,20.1,51.6
1606046462,12.0,12.0,11.0,10.0,20.1,51.6
1606046463,12.0,12.0,11.0,10.0,20.1,51.6
1606046464,12.0,12.0,11.0,10.0,20.1,51.6
1606046465,12.0,12.0,11.0,10.0,20.1,51.6
1606046466,12.0,14.0,11.0,10.0,20.1,51.6
1606046467,12.0,14.0,11.0,10.0,20.1,51.6
1606046468,12.0,14.0,11.0,10.0,20.1,51.6
1606046469,12.0,14.0,11.0,10.0,20.1,51.6
1606046470,12.0,14.0,11.0,10.0,20.1,51.6
1606046471,12.0,14.0,11.0,10.0,20.2,51.7
1606046472,12.0,14.0,11.0,10.0,20.2,51.7
1606046473,12.0,13.0,11.0,10.0,20.2,51.7
1606046474,12.0,13.0,11.0,10.0,20.2,51.7
1606046475,12.0,13.0,11.0,10.0,20.2,51.7
1606046476,12.0,13.0,11.0,10.0,20.2,51.8
1606046477,12.0,13.0,11.0,10.0,20.2,51.8
1606046478,12.0,13.0,10.0,10.0,20.2,51.8
1606046479,12.0,13.0,10.0,10.0,20.2,51.8
1606046480,12.0,13.0,10.0,10.0,20.2,51.8
1606046481,12.0,13.0,10.0,10.0,20.1,51.7
1606046482,11.0,13.0,10.0,9.0,20.1,51.7
1606046483,11.0,13.0,10.0,9.0,20.1,51.7
1606046484,11.0,13.0,10.0,9.0,20.1,51.7
1606046485,11.11111111111111,13.0,10.0,9.0,20.1,51.7
1606046486,11.22222222222222,13.0,10.0,9.0,20.1,51.7
1606046487,11.333333333333334,13.0,10.0,9.0,20.1,51.7
1606046488,11.444444444444445,13.0,10.0,9.0,20.1,51.7
1606046489,11.555555555555555,13.0,10.0,9.0,20.1,51.7
1606046490,11.666666666666666,13.0,10.0,9.0,20.1,51.7
1606046491,11.77777777777778,13.0,10.0,9.0,20.1,51.7
1606046492,11.88888888888889,13.0,10.0,9.0,20.1,51.7
1606046493,12.0,13.0,10.0,9.0,20.1,51.7
1606046494,12.0,13.0,10.0,9.0,20.1,51.7
1606046495,12.0,13.0,9.0,9.0,20.1,51.7
1606046496,12.0,13.0,9.0,9.0,20.1,51.7
1606046497,12.0,13.0,9.0,9.0,20.1,51.7
1606046498,13.0,13.0,10.0,9.0,20.1,51.7
1606046499,13.0,13.0,10.0,9.0,20.1,51.8
1606046500,13.0,13.0,10.0,10.0,20.1,51.8
1606046501,13.0,13.0,10.0,10.0,20.1,51.8
1606046502,13.0,13.0,10.0,10.0,20.1,51.8
1606046503,13.0,13.0,10.0,10.0,20.1,51.8
1606046504,13.0,13.0,10.0,10.0,20.1,51.8
1606046505,13.0,14.0,10.0,10.0,20.1,51.8
1606046506,13.0,14.0,10.0,10.0,20.1,51.8
1606046507,13.0,14.0,10.0,10.0,20.1,51.8
1606046508,13.0,14.0,10.0,10.0,20.1,51.8
1606046509,13.0,14.0,10.0,10.0,20.2,51.8
1606046510,13.0,14.0,10.0,10.0,20.2,51.8
1606046511,13.0,14.0,9.0,10.0,20.2,51.8
1606046512,13.0,14.0,9.0,9.0,20.2,51.8
1606046513,13.0,14.0,9.0,9.0,20.2,51.8
1606046514,13.0,13.0,10.0,9.0,20.1,51.8
1606046515,12.0,13.0,10.0,9.0,20.1,51.8
1606046516,12.0,13.0,10.0,9.0,20.1,51.8
1606046517,12.0,12.0,10.0,9.0,20.1,51.8
1606046518,12.0,12.0,10.0,9.0,20.1,51.8
1606046519,12.0,12.0,10.0,9.0,20.1,51.8
1606046520,12.0,12.0,10.0,9.0,20.1,51.8
1606046521,12.0,12.0,10.0,9.0,20.1,51.8
1606046522,12.0,12.0,11.0,9.0,20.1,51.8
1606046523,12.0,12.0,11.0,9.0,20.1,51.8
1606046524,13.0,11.0,11.0,9.0,20.1,51.7
1606046525,13.0,12.0,11.0,9.0,20.1,51.7
1606046526,13.0,12.0,11.0,9.0,20.1,51.7
1606046527,13.0,12.0,11.0,9.0,20.1,51.7
1606046528,13.0,12.0,11.0,9.0,20.1,51.7
1606046529,13.0,12.0,11.0,9.0,20.1,51.8
1606046530,13.0,12.0,11.0,9.0,20.1,51.8
1606046531,13.0,13.0,11.0,9.0,20.1,51.8
1606046532,13.0,13.0,11.0,9.0,20.1,51.8
1606046533,13.0,13.0,10.0,9.0,20.1,51.8
1606046534,12.0,13.0,10.0,10.0,20.1,51.7
1606046535,12.0,13.0,10.0,10.0,20.1,51.7
1606046536,12.0,13.0,10.0,10.0,20.1,51.7
1606046537,12.0,13.0,10.0,10.0,20.1,51.7
1606046538,13.0,12.0,10.0,10.0,20.1,51.7
1606046539,13.0,12.0,10.0,10.0,20.1,51.7
1606046540,13.0,12.0,10.0,11.0,20.1,51.7
1606046541,13.0,12.0,9.0,11.0,20.1,51.7
1606046542,13.0,12.0,9.0,11.0,20.1,51.7
1606046543,13.0,12.0,9.0,11.0,20.1,51.7
1606046544,13.0,12.0,10.0,11.0,20.1,51.7
1606046545,13.0,12.0,10.0,11.0,20.1,51.7
1606046546,13.0,12.0,10.0,11.0,20.1,51.7
1606046547,13.0,12.0,10.0,11.0,20.1,51.7
1606046548,13.0,12.0,10.0,11.0,20.1,51.7
1606046549,13.0,12.0,10.0,11.0,20.1,51.7
1606046550,13.0,12.0,10.0,11.0,20.1,51.7
1606046551,13.0,12.0,9.0,10.0,20.1,51.7
1606046552,13.0,12.0,9.0,10.0,20.1,51.7
1606046553,13.0,12.0,9.0,10.0,20.1,51.7
1606046554,13.0,12.0,9.0,10.0,20.1,51.7
1606046555,13.0,12.0,10.0,10.0,20.1,51.7
1606046556,13.0,12.0,10.0,10.0,20.1,51.7
1606046557,13.0,12.0,10.0,10.0,20.1,51.7
1606046558,13.0,12.0,10.0,10.0,20.1,51.7
1606046559,13.0,12.0,10.0,10.0,20.1,51.7
1606046560,13.0,13.0,11.0,10.0,20.1,51.7
1606046561,13.0,13.0,11.0,11.0,20.1,51.7
1606046562,13.0,13.0,11.0,10.0,20.1,51.7
1606046563,13.0,13.0,11.0,10.0,20.1,51.7
1606046564,12.0,13.0,11.0,10.0,20.1,51.7
1606046565,12.0,13.0,11.0,10.0,20.1,51.7
1606046566,12.0,14.0,11.0,10.0,20.1,51.7
1606046567,12.0,14.0,11.0,10.0,20.1,51.7
1606046568,12.0,14.0,11.0,10.0,20.1,51.7
1606046569,12.0,14.0,11.0,10.0,20.1,51.7
1606046570,12.0,14.0,11.0,10.0,20.1,51.7
1606046571,12.0,14.0,11.0,10.0,20.1,51.7
1606046572,12.0,13.0,11.0,10.0,20.1,51.7
1606046573,12.0,13.0,11.0,11.0,20.1,51.7
1606046574,12.0,13.0,10.0,11.0,20.1,51.7
1606046575,12.0,13.0,10.0,11.0,20.1,51.7
1606046576,12.0,13.0,10.0,11.0,20.1,51.7
1606046577,12.0,13.0,10.0,11.0,20.1,51.7
1606046578,12.0,13.0,10.0,11.0,20.1,51.7
1606046579,12.0,13.0,10.0,11.0,20.1,51.7
1606046580,12.0,13.0,10.0,11.0,20.1,51.7
1606046581,13.0,13.0,10.0,11.0,20.1,51.7
1606046582,13.0,13.0,10.0,11.0,20.1,51.7
1606046583,13.0,13.0,10.0,10.0,20.1,51.7
1606046584,13.0,13.0,10.0,10.0,20.1,51.7
1606046585,13.0,13.0,10.0,10.0,20.1,51.7
1606046586,13.0,13.0,10.0,10.0,20.1,51.7
1606046587,13.0,13.0,10.0,10.0,20.1,51.7
1606046588,13.0,13.0,10.0,10.0,20.1,51.7
1606046589,13.0,13.0,10.0,10.0,20.1,51.7
1606046590,13.0,13.0,10.0,10.0,20.1,51.7
1606046591,13.0,13.0,10.0,10.0,20.1,51.7
1606046592,13.0,13.0,10.0,10.0,20.1,51.7
1606046593,13.0,12.0,10.0,10.0,20.1,51.7
1606046594,13.0,13.0,10.0,10.0,20.1,51.8
1606046595,13.0,13.0,10.0,10.0,20.1,51.8
1606046596,13.0,13.0,11.0,10.0,20.1,51.8
1606046597,13.0,13.0,11.0,9.0,20.1,51.8
1606046598,14.0,13.0,11.0,9.0,20.1,51.8
1606046599,14.0,13.0,11.0,9.0,20.1,51.8
1606046600,14.0,13.0,11.0,9.0,20.1,51.8
1606046601,14.0,13.0,11.0,9.0,20.1,51.8
1606046602,14.0,13.0,12.0,9.0,20.1,51.8
1606046603,13.0,13.0,12.0,9.0,20.1,51.8
1606046604,13.0,13.0,12.0,9.0,20.1,51.8
1606046605,13.0,13.0,11.0,9.0,20.1,51.8
1606046606,13.0,13.0,11.0,9.0,20.1,51.8
1606046607,13.0,13.0,11.0,9.0,20.1,51.8
1606046608,12.0,13.0,11.0,9.0,20.1,51.8
1606046609,12.0,13.0,11.0,9.0,20.1,51.8
1606046610,12.0,13.0,11.0,9.0,20.1,51.8
1606046611,12.0,13.0,10.0,9.0,20.1,51.8
1606046612,12.0,13.0,10.0,9.0,20.1,51.8
1606046613,12.0,13.0,10.0,9.0,20.1,51.8
1606046614,12.0,13.0,10.0,9.0,20.1,51.8
1606046615,12.0,13.0,10.0,9.0,20.1,51.8
1606046616,12.0,13.0,10.0,9.0,20.1,51.8
1606046617,12.0,13.0,10.0,9.0,20.1,51.8
1606046618,12.0,13.0,10.0,9.0,20.1,51.8
1606046619,12.0,13.0,9.0,10.0,20.1,51.8
1606046620,12.0,13.0,9.0,10.0,20.1,51.8
1606046621,12.0,13.0,10.0,10.0,20.1,51.8
1606046622,13.0,13.0,10.0,10.0,20.1,51.8
1606046623,13.0,13.0,10.0,10.0,20.1,51.8
1606046624,13.0,13.0,10.0,10.0,20.1,51.8
1606046625,14.0,13.0,10.0,10.0,20.1,51.8
1606046626,14.0,13.0,10.0,10.0,20.1,51.8
1606046627,14.0,13.0,10.0,10.0,20.1,51.8
1606046628,14.0,13.0,10.0,10.0,20.1,51.8
1606046629,15.0,13.0,10.0,10.0,20.1,51.8
1606046630,15.0,13.0,10.0,10.0,20.1,51.8
1606046631,15.0,13.0,10.0,10.0,20.1,51.8
1606046632,15.0,13.0,10.0,11.0,20.1,51.8
1606046633,15.0,13.0,10.0,11.0,20.1,51.8
1606046634,15.0,13.0,10.0,11.0,20.1,51.8
1606046635,15.0,13.0,11.0,11.0,20.1,51.8
1606046636,15.0,13.0,11.0,11.0,20.1,51.8
1606046637,14.0,13.0,11.0,11.0,20.1,51.8
1606046638,14.0,14.0,11.0,10.0,20.1,51.8
1606046639,13.0,14.0,11.0,10.0,20.1,51.8
1606046640,13.0,14.0,11.0,10.0,20.1,51.8
1606046641,13.0,14.0,11.0,10.0,20.1,51.8
1606046642,13.0,14.0,11.0,10.0,20.1,51.8
1606046643,13.0,14.0,11.0,10.0,20.1,51.8
1606046644,12.0,14.0,10.0,10.0,20.2,52.0
1606046645,12.0,14.0,10.0,10.0,20.2,52.0
1606046646,12.0,15.0,10.0,10.0,20.2,52.0
1606046647,12.0,15.0,10.0,10.0,20.2,52.0
1606046648,12.0,15.0,10.0,10.0,20.2,52.0
1606046649,12.0,15.0,10.0,10.0,20.1,51.8
1606046650,12.0,16.0,10.0,10.0,20.1,51.8
1606046651,12.0,16.0,10.0,10.0,20.1,51.8
1606046652,12.0,16.0,10.0,10.0,20.1,51.8
1606046653,12.0,16.0,10.0,10.0,20.1,51.8
1606046654,12.0,16.0,10.0,10.0,20.1,51.8
1606046655,12.0,16.0,10.0,10.0,20.1,51.8
1606046656,12.0,17.0,11.0,10.0,20.1,51.8
1606046657,12.0,17.0,11.0,9.0,20.1,51.8
1606046658,12.0,17.0,11.0,9.0,20.1,51.8
1606046659,12.0,16.0,11.0,9.0,20.1,51.8
1606046660,12.0,16.0,11.0,9.0,20.1,51.8
1606046661,13.0,16.0,11.0,9.0,20.1,51.8
1606046662,13.0,16.0,11.0,9.0,20.1,51.8
1606046663,13.0,16.0,11.0,9.0,20.1,51.8
1606046664,14.0,15.0,11.0,9.0,20.1,51.8
1606046665,14.0,15.0,11.0,9.0,20.1,51.8
1606046666,14.0,15.0,11.0,9.0,20.1,51.8
1606046667,14.0,15.0,10.0,10.0,20.1,51.8
1606046668,14.0,15.0,10.0,10.0,20.1,51.8
1606046669,14.0,15.0,10.0,10.0,20.1,51.7
1606046670,14.0,15.0,10.0,10.0,20.1,51.7
1606046671,13.0,15.0,10.0,10.0,20.1,51.7
1606046672,13.0,15.0,10.0,10.0,20.1,51.7
1606046673,13.0,15.0,10.0,10.0,20.1,51.7
1606046674,13.0,15.0,10.0,10.0,20.1,51.7
1606046675,13.0,15.0,10.0,10.0,20.1,51.7
1606046676,13.0,15.0,10.0,10.0,20.1,51.7
1606046677,12.0,15.0,10.0,10.0,20.1,51.7
1606046678,12.0,15.0,11.0,10.0,20.1,51.7
1606046679,12.0,16.0,11.0,10.0,20.1,51.7
1606046680,12.0,16.0,11.0,10.0,20.1,51.7
1606046681,12.0,16.0,10.0,9.0,20.1,51.7
1606046682,12.0,16.0,10.0,9.0,20.1,51.7
1606046683,12.0,16.0,10.0,9.0,20.1,51.7
1606046684,12.0,17.0,10.0,9.0,20.1,51.7
1606046685,12.0,17.0,11.0,9.0,20.1,51.7
1606046686,12.0,17.0,11.0,9.0,20.1,51.7
1606046687,12.0,17.0,10.0,9.0,20.1,51.7
1606046688,12.0,17.0,10.0,9.0,20.1,51.7
1606046689,12.0,17.0,10.0,9.0,20.1,51.7
1606046690,12.11111111111111,17.0,10.0,9.0,20.1,51.7
1606046691,12.22222222222222,17.0,10.0,9.0,20.1,51.7
1606046692,12.333333333333334,17.0,10.0,9.0,20.1,51.7
1606046693,12.444444444444445,17.0,10.0,9.0,20.1,51.7
1606046694,12.555555555555555,17.0,10.0,9.0,20.1,51.7
1606046695,12.666666666666666,17.0,10.0,9.0,20.1,51.7
1606046696,12.77777777777778,17.0,10.0,9.0,20.1,51.7
1606046697,12.88888888888889,17.0,10.0,9.0,20.1,51.7
1606046698,13.0,17.0,10.0,9.0,20.1,51.7
1606046699,13.0,17.0,10.0,9.0,20.1,51.7
1606046700,13.0,17.0,10.0,9.0,20.1,51.7
1606046701,13.0,17.0,10.0,9.0,20.1,51.7
1606046702,13.0,17.0,10.0,9.0,20.1,51.7
1606046703,13.0,17.0,10.0,9.0,20.1,51.7
1606046704,13.0,17.0,10.0,9.0,20.1,51.7
1606046705,12.0,18.0,10.0,9.0,20.1,51.7
1606046706,12.0,18.0,10.0,9.0,20.1,51.7
1606046707,12.0,18.0,10.0,9.0,20.1,51.7
1606046708,12.0,18.0,10.0,9.0,20.1,51.7
1606046709,12.0,18.0,10.0,9.0,20.1,51.7
1606046710,11.0,18.0,10.0,9.0,20.1,51.7
1606046711,11.0,18.0,10.0,9.0,20.1,51.7
1606046712,12.0,18.0,10.0,9.0,20.1,51.7
1606046713,12.0,18.0,10.0,9.0,20.1,51.7
1606046714,12.0,17.0,11.0,9.0,20.1,51.7
1606046715,13.0,17.0,11.0,9.0,20.1,51.7
1606046716,13.0,17.0,11.0,9.0,20.1,51.7
1606046717,13.0,17.0,11.0,9.0,20.1,51.7
1606046718,13.0,17.0,11.0,9.0,20.1,51.7
1606046719,13.0,16.0,11.0,9.0,20.1,51.7
1606046720,13.0,16.0,11.0,9.0,20.1,51.7
1606046721,13.0,16.0,11.0,9.0,20.1,51.7
1606046722,13.0,16.0,12.0,9.0,20.1,51.7
1606046723,12.0,16.0,12.0,9.0,20.1,51.7
1606046724,12.0,16.0,12.0,9.0,20.1,51.7
1606046725,12.0,16.0,12.0,10.0,20.1,51.7
1606046726,12.0,16.0,12.0,10.0,20.1,51.7
1606046727,12.0,16.0,12.0,10.0,20.1,51.7
1606046728,12.0,16.0,12.0,10.0,20.1,51.7
1606046729,12.0,16.0,12.0,10.0,20.1,51.7
1606046730,12.0,16.0,12.0,10.0,20.1,51.7
1606046731,12.0,16.0,12.0,10.0,20.1,51.7
1606046732,12.0,16.0,12.0,10.0,20.1,51.7
1606046733,12.0,16.0,12.0,10.0,20.1,51.7
1606046734,12.0,16.0,12.0,10.0,20.1,51.7
1606046735,12.0,16.0,12.0,10.0,20.1,51.7
1606046736,12.0,16.0,12.0,10.0,20.1,51.7
1606046737,12.0,16.0,11.0,10.0,20.1,51.7
1606046738,12.0,16.0,11.0,10.0,20.1,51.7
1606046739,12.0,17.0,11.0,10.0,20.1,51.7
1606046740,12.0,17.0,11.0,10.0,20.1,51.7
1606046741,12.0,17.0,12.0,9.0,20.1,51.7
1606046742,12.0,17.0,12.0,10.0,20.1,51.7
1606046743,12.0,17.0,12.0,9.0,20.1,51.7
1606046744,12.0,17.0,11.0,9.0,20.1,51.7
1606046745,12.0,17.0,11.0,9.0,20.1,51.7
1606046746,12.0,17.0,11.0,9.0,20.1,51.7
1606046747,12.0,17.0,11.0,9.0,20.1,51.7
1606046748,12.0,17.0,11.0,9.0,20.1,51.7
1606046749,12.0,17.0,11.0,9.0,20.1,51.7
1606046750,12.0,17.0,10.0,9.0,20.1,51.7
1606046751,13.0,17.0,10.0,9.0,20.1,51.7
1606046752,13.0,17.0,10.0,9.0,20.1,51.7
1606046753,13.0,18.0,10.0,10.0,20.1,51.7
1606046754,13.0,18.0,10.0,10.0,20.1,51.7
1606046755,13.0,18.0,9.0,10.0,20.1,51.7
1606046756,13.0,18.0,9.0,10.0,20.1,51.7
1606046757,13.0,18.0,9.0,10.0,20.1,51.7
1606046758,13.0,18.0,9.0,10.0,20.1,51.7
1606046759,13.0,18.0,9.0,10.0,20.1,51.7
1606046760,13.0,18.0,9.0,10.0,20.1,51.7
1606046761,12.0,18.0,9.0,10.0,20.1,51.7
1606046762,12.0,18.0,9.0,10.0,20.2,51.8
1606046763,12.0,18.0,9.0,10.0,20.2,51.8
1606046764,12.0,18.0,9.0,11.0,20.2,51.8
1606046765,12.0,18.0,9.0,11.0,20.2,51.8
1606046766,12.0,18.0,9.0,11.0,20.2,51.8
1606046767,12.0,18.0,9.0,11.0,20.1,51.7
1606046768,12.0,18.0,9.0,11.0,20.1,51.7
1606046769,12.0,18.0,9.0,10.0,20.1,51.7
1606046770,12.0,18.0,9.0,10.0,20.1,51.7
1606046771,12.0,18.0,10.0,10.0,20.1,51.7
1606046772,13.0,17.0,10.0,10.0,20.1,51.7
1606046773,13.0,18.0,10.0,10.0,20.1,51.7
1606046774,13.0,18.0,11.0,10.0,20.1,51.7
1606046775,13.0,18.0,11.0,10.0,20.1,51.7
1606046776,13.0,17.0,11.0,10.0,20.1,51.7
1606046777,13.0,17.0,11.0,10.0,20.1,51.7
1606046778,13.0,17.0,11.0,10.0,20.1,51.7
1606046779,13.0,17.0,11.0,10.0,20.1,51.7
1606046780,13.0,17.0,11.0,10.0,20.1,51.7
1606046781,13.0,17.0,11.0,10.0,20.1,51.7
1606046782,12.0,17.0,11.0,10.0,20.2,51.8
1606046783,12.0,17.0,11.0,10.0,20.2,51.8
1606046784,12.0,17.0,11.0,10.0,20.2,51.8
1606046785,12.0,17.0,11.0,10.0,20.2,51.8
1606046786,12.0,16.0,11.0,10.0,20.2,51.8
1606046787,12.0,16.0,11.0,10.0,20.2,51.8
1606046788,12.0,16.0,11.0,10.0,20.2,51.8
1606046789,11.0,16.0,11.0,10.0,20.2,51.8
1606046790,11.0,16.0,11.0,10.0,20.2,51.8
1606046791,12.0,16.0,11.0,10.0,20.2,51.8
1606046792,12.0,16.0,12.0,10.0,20.2,51.8
1606046793,12.0,16.0,12.0,10.0,20.2,51.8
1606046794,12.0,16.0,12.0,10.0,20.2,51.8
1606046795,12.0,16.0,12.0,10.0,20.2,51.8
1606046796,12.0,17.0,11.0,10.0,20.2,51.8
1606046797,12.0,17.0,11.0,10.0,20.2,51.8
1606046798,12.0,17.0,11.0,11.0,20.2,51.8
1606046799,12.0,17.0,11.0,11.0,20.2,51.8
1606046800,12.0,17.0,11.0,11.0,20.2,51.8
1606046801,12.0,18.0,11.0,11.0,20.2,51.8
1606046802,12.0,18.0,11.0,11.0,20.2,51.8
1606046803,12.0,18.0,10.0,11.0,20.2,51.8
1606046804,12.0,18.0,10.0,11.0,20.2,51.8
1606046805,12.0,18.0,10.0,11.0,20.2,51.8
1606046806,12.0,18.0,10.0,11.0,20.2,51.8
1606046807,12.0,18.0,10.0,10.0,20.1,51.7
1606046808,12.0,18.0,10.0,10.0,20.1,51.7
1606046809,12.0,18.0,10.0,10.0,20.1,51.7
1606046810,12.0,18.0,10.0,10.0,20.1,51.7
1606046811,12.0,18.0,10.0,10.0,20.1,51.7
1606046812,12.0,18.0,10.0,10.0,20.1,51.8
1606046813,12.0,18.0,10.0,9.0,20.1,51.8
1606046814,12.0,18.0,10.0,10.0,20.1,51.8
1606046815,12.0,18.0,10.0,10.0,20.1,51.8
1606046816,12.0,17.0,10.0,10.0,20.1,51.8
1606046817,12.0,17.0,10.0,10.0,20.2,51.8
1606046818,12.0,17.0,10.0,10.0,20.2,51.8
1606046819,12.0,17.0,10.0,11.0,20.2,51.8
1606046820,12.0,17.0,10.0,11.0,20.2,51.8
1606046821,12.0,17.0,10.0,11.0,20.2,51.8
1606046822,12.0,16.0,10.0,11.0,20.2,51.8
1606046823,12.0,16.0,10.0,11.0,20.2,51.8
1606046824,12.0,16.0,10.0,11.0,20.2,51.8
1606046825,12.0,16.0,10.0,11.0,20.2,51.8
1606046826,12.0,16.0,10.0,11.0,20.2,51.8
1606046827,12.0,16.0,10.0,10.0,20.2,51.8
1606046828,12.0,16.0,10.0,10.0,20.2,51.8
1606046829,12.0,16.0,10.0,10.0,20.2,51.8
1606046830,12.0,16.0,11.0,10.0,20.2,51.8
1606046831,12.0,16.0,11.0,10.0,20.2,51.8
1606046832,11.0,16.0,11.0,10.0,20.2,51.8
1606046833,11.0,16.0,11.0,10.0,20.2,51.8
1606046834,11.0,16.0,11.0,10.0,20.2,51.8
1606046835,11.0,16.0,12.0,10.0,20.2,51.8
1606046836,11.0,16.0,12.0,10.0,20.2,51.8
1606046837,11.0,16.0,12.0,10.0,20.2,51.9
1606046838,11.0,16.0,12.0,10.0,20.2,51.9
1606046839,11.0,16.0,12.0,10.0,20.2,51.9
1606046840,11.0,16.0,12.0,10.0,20.2,51.9
1606046841,11.0,16.0,12.0,10.0,20.2,51.9
1606046842,11.0,16.0,12.0,11.0,20.2,51.8
1606046843,11.0,16.0,11.0,11.0,20.2,51.8
1606046844,11.0,16.0,11.0,11.0,20.2,51.8
1606046845,12.0,16.0,11.0,11.0,20.2,51.8
1606046846,12.0,16.0,11.0,10.0,20.2,51.8
1606046847,12.0,16.0,10.0,10.0,20.2,51.8
1606046848,12.0,16.0,10.0,10.0,20.2,51.8
1606046849,12.0,16.0,10.0,10.0,20.2,51.8
1606046850,12.0,16.0,10.0,10.0,20.2,51.8
1606046851,12.0,16.0,10.0,10.0,20.2,51.8
1606046852,12.0,17.0,10.0,10.0,20.2,51.9
1606046853,12.0,17.0,10.0,10.0,20.2,51.9
1606046854,12.0,17.0,10.0,11.0,20.2,51.9
1606046855,12.0,17.0,10.0,11.0,20.2,51.9
1606046856,12.0,17.0,10.0,11.0,20.2,51.9
1606046857,12.0,17.0,10.0,11.0,20.2,51.8
1606046858,12.0,17.0,10.0,11.0,20.2,51.8
1606046859,12.0,17.0,10.0,11.0,20.2,51.8
1606046860,12.0,17.0,10.0,11.0,20.2,51.8
1606046861,12.0,17.0,10.0,10.0,20.2,51.8
1606046862,12.0,17.0,10.0,10.0,20.2,51.8
1606046863,12.0,17.0,9.0,10.0,20.2,51.8
1606046864,12.0,17.0,9.0,10.0,20.2,51.8
1606046865,12.0,17.0,9.0,10.0,20.2,51.8
1606046866,12.0,17.0,9.0,10.0,20.2,51.8
1606046867,12.0,17.0,9.0,9.0,20.2,51.8
1606046868,11.0,18.0,9.0,9.0,20.2,51.8
1606046869,11.0,18.0,9.0,9.0,20.2,51.8
1606046870,12.0,18.0,9.0,9.0,20.2,51.8
1606046871,12.0,18.0,9.0,9.0,20.2,51.8
1606046872,12.0,18.0,10.0,9.0,20.2,51.8
1606046873,12.0,17.0,10.0,10.0,20.2,51.8
1606046874,12.0,17.0,10.0,10.0,20.2,51.8
1606046875,12.0,17.0,10.0,10.0,20.2,51.8
1606046876,12.0,17.0,10.0,10.0,20.2,51.8
1606046877,12.0,17.0,12.0,10.0,20.2,52.0
1606046878,12.0,17.0,12.0,10.0,20.2,52.0
1606046879,12.0,17.0,12.0,10.0,20.2,52.0
1606046880,12.0,17.0,12.0,10.0,20.2,52.0
1606046881,13.0,17.0,12.0,10.0,20.2,52.0
1606046882,13.0,17.0,12.0,10.0,20.2,51.8
1606046883,13.0,17.0,12.0,9.0,20.2,51.8
1606046884,13.0,17.0,12.0,9.0,20.2,51.8
1606046885,13.0,17.0,12.0,9.0,20.2,51.8
1606046886,13.0,17.0,12.0,9.0,20.2,51.8
1606046887,13.0,17.0,12.0,9.0,20.2,51.7
1606046888,13.0,17.0,11.0,9.0,20.2,51.7
1606046889,13.0,17.0,11.0,9.0,20.2,51.7
1606046890,13.0,17.0,11.0,9.0,20.2,51.7
1606046891,13.0,17.0,11.0,9.0,20.2,51.7
1606046892,12.0,17.0,10.0,9.0,20.2,51.9
1606046893,12.0,17.0,10.0,9.0,20.2,51.9
1606046894,12.0,17.0,10.0,9.0,20.2,51.9
1606046895,11.88888888888889,17.0,10.0,9.0,20.2,51.9
1606046896,11.77777777777778,17.0,10.0,9.0,20.2,51.9
1606046897,11.666666666666666,17.0,10.0,9.0,20.2,51.9
1606046898,11.555555555555555,17.0,10.0,9.0,20.2,51.9
1606046899,11.444444444444445,17.0,10.0,9.0,20.2,51.9
1606046900,11.333333333333334,17.0,10.0,9.0,20.2,51.9
1606046901,11.22222222222222,17.0,10.0,9.0,20.2,51.9
1606046902,11.11111111111111,17.0,10.0,9.0,20.2,51.9
1606046903,11.0,17.0,10.0,9.0,20.2,51.9
1606046904,11.0,17.0,10.0,9.0,20.2,51.9
1606046905,11.0,17.0,9.0,9.0,20.2,51.6
1606046906,11.0,17.0,9.0,9.0,20.2,51.6
1606046907,11.0,17.0,9.0,9.0,20.2,51.6
1606046908,11.0,17.0,9.0,9.0,20.2,51.6
1606046909,11.0,17.0,9.0,9.0,20.2,51.6
1606046910,11.0,17.0,9.0,9.0,20.2,51.7
1606046911,11.0,17.0,9.0,9.0,20.2,51.7
1606046912,11.0,17.0,9.0,9.0,20.2,51.7
1606046913,11.0,17.0,9.0,9.0,20.2,51.7
1606046914,11.0,18.0,9.0,9.0,20.2,51.7
1606046915,11.0,18.0,10.0,9.0,20.2,51.6
1606046916,11.0,18.0,10.0,10.0,20.2,51.6
1606046917,11.0,18.0,10.0,10.0,20.2,51.6
1606046918,11.0,18.0,10.0,10.0,20.2,51.6
1606046919,12.0,18.0,11.0,10.0,20.2,51.6
1606046920,12.0,19.0,11.0,10.0,20.2,51.6
1606046921,12.0,19.0,11.0,10.0,20.2,51.6
1606046922,12.0,19.0,11.0,10.0,20.2,51.6
1606046923,12.0,19.0,11.0,10.0,20.2,51.6
1606046924,12.0,18.0,12.0,10.0,20.2,51.6
1606046925,12.0,18.0,12.0,10.0,20.2,51.7
1606046926,13.0,18.0,12.0,10.0,20.2,51.7
1606046927,13.0,18.0,12.0,10.0,20.2,51.7
1606046928,13.0,18.0,12.0,10.0,20.2,51.7
1606046929,13.0,17.0,12.0,10.0,20.2,51.7
1606046930,13.0,17.0,12.0,10.0,20.2,51.7
1606046931,13.0,17.0,12.0,10.0,20.2,51.7
1606046932,13.0,17.0,13.0,9.0,20.2,51.7
1606046933,13.0,17.0,13.0,8.0,20.2,51.7
1606046934,13.0,17.0,13.0,8.0,20.2,51.7
1606046935,13.0,17.0,13.0,9.0,20.2,51.7
1606046936,13.0,17.0,13.0,9.0,20.2,51.7
1606046937,13.0,17.0,12.0,9.0,20.2,51.7
1606046938,13.0,18.0,12.0,9.0,20.2,51.7
1606046939,13.0,18.0,12.0,9.0,20.2,51.7
1606046940,13.0,18.0,12.0,10.0,20.2,51.6
1606046941,13.0,18.0,12.0,10.0,20.2,51.6
1606046942,13.0,18.0,12.0,11.0,20.2,51.6
1606046943,13.0,18.0,12.0,11.0,20.2,51.6
1606046944,13.0,18.0,12.0,11.0,20.2,51.6
1606046945,13.0,18.0,12.0,11.0,20.2,51.6
1606046946,13.0,17.0,12.0,10.0,20.2,51.6
1606046947,13.0,17.0,12.0,10.0,20.2,51.6
1606046948,12.0,17.0,13.0,10.0,20.2,51.6
1606046949,12.0,17.0,13.0,10.0,20.2,51.6
1606046950,12.0,17.0,13.0,10.0,20.3,51.6
1606046951,12.0,16.0,12.0,10.0,20.3,51.6
1606046952,12.0,16.0,13.0,9.0,20.3,51.6
1606046953,12.0,16.0,12.0,9.0,20.3,51.6
1606046954,12.0,16.0,12.0,9.0,20.3,51.6
1606046955,12.0,16.0,12.0,9.0,20.2,51.5
1606046956,11.0,16.0,11.0,9.0,20.2,51.5
1606046957,11.0,16.0,11.0,9.0,20.2,51.5
1606046958,11.0,16.0,11.0,9.0,20.2,51.5
1606046959,11.0,16.0,11.0,9.0,20.2,51.5
1606046960,11.0,16.0,10.0,9.0,20.2,51.4
1606046961,11.0,16.0,10.0,9.0,20.2,51.4
1606046962,11.0,17.0,10.0,9.0,20.2,51.4
1606046963,11.0,17.0,10.0,9.0,20.2,51.4
1606046964,11.0,17.0,10.0,9.0,20.2,51.4
1606046965,11.0,17.0,11.0,9.0,20.2,51.6
1606046966,11.0,18.0,11.0,9.0,20.2,51.6
1606046967,11.0,18.0,12.0,10.0,20.2,51.6
1606046968,11.0,19.0,12.0,10.0,20.2,51.6
1606046969,11.0,19.0,13.0,10.0,20.2,51.6
1606046970,12.0,19.0,13.0,10.0,20.2,51.4
1606046971,12.0,19.0,13.0,10.0,20.2,51.4
1606046972,12.0,19.0,13.0,10.0,20.2,51.4
1606046973,12.0,19.0,13.0,10.0,20.2,51.4
1606046974,12.0,19.0,13.0,10.0,20.2,51.4
1606046975,12.0,19.0,13.0,9.0,20.2,51.4
1606046976,12.0,19.0,13.0,9.0,20.2,51.4
1606046977,12.0,19.0,13.0,9.0,20.2,51.4
1606046978,12.0,19.0,13.0,9.0,20.2,51.4
1606046979,12.0,18.0,13.0,9.0,20.2,51.4
1606046980,12.0,18.0,12.0,9.0,20.2,51.4
1606046981,12.0,18.0,12.0,9.0,20.2,51.4
1606046982,12.0,18.0,12.0,9.0,20.2,51.4
1606046983,12.0,18.0,12.0,9.0,20.2,51.4
1606046984,12.0,18.0,12.0,9.0,20.2,51.4
1606046985,12.0,18.0,12.0,9.0,20.3,51.5
1606046986,12.0,18.0,12.0,9.0,20.3,51.5
1606046987,12.0,17.0,12.0,9.0,20.3,51.5
1606046988,12.0,17.0,12.0,9.0,20.3,51.5
1606046989,12.0,17.0,12.0,9.0,20.3,51.5
1606046990,12.0,17.0,12.0,9.0,20.2,51.6
1606046991,12.0,17.0,12.0,9.0,20.2,51.6
1606046992,12.0,17.0,12.0,9.0,20.2,51.6
1606046993,12.0,17.0,11.0,9.0,20.2,51.6
1606046994,13.0,17.0,11.0,10.0,20.2,51.6
1606046995,13.0,17.0,11.0,10.0,20.2,51.4
1606046996,13.0,17.0,11.0,10.0,20.2,51.4
1606046997,13.0,17.0,11.0,10.0,20.2,51.4
1606046998,13.0,17.0,10.0,10.0,20.2,51.4
1606046999,12.0,17.0,10.0,10.0,20.2,51.4
1606047000,12.0,17.0,10.0,10.0,20.2,51.4
1606047001,12.0,18.0,10.0,10.0,20.2,51.4
1606047002,12.0,18.0,10.0,10.0,20.2,51.4
1606047003,12.0,17.0,10.0,10.0,20.2,51.4
1606047004,12.0,17.0,10.0,9.0,20.2,51.4
1606047005,12.0,17.0,10.0,9.0,20.2,51.4
1606047006,11.0,17.0,11.0,9.0,20.2,51.4
1606047007,11.0,17.0,11.0,9.0,20.2,51.4
1606047008,11.0,17.0,11.0,9.0,20.2,51.4
1606047009,11.0,17.0,11.0,9.0,20.2,51.4
1606047010,11.0,17.0,12.0,10.0,20.3,51.5
1606047011,11.0,17.0,12.0,10.0,20.3,51.5
1606047012,11.0,17.0,12.0,10.0,20.3,51.5
1606047013,11.0,17.0,12.0,9.0,20.3,51.5
1606047014,11.0,17.0,12.0,9.0,20.3,51.5
1606047015,11.0,17.0,12.0,9.0,20.2,51.4
1606047016,11.0,17.0,12.0,9.0,20.2,51.4
1606047017,11.0,17.0,12.0,9.0,20.2,51.4
1606047018,12.0,17.0,12.0,9.0,20.2,51.4
1606047019,12.0,17.0,12.0,9.0,20.2,51.4
1606047020,12.0,17.0,12.0,9.0,20.2,51.4
1606047021,12.0,17.0,12.0,9.0,20.2,51.4
1606047022,12.0,17.0,12.0,9.0,20.2,51.4
1606047023,12.0,17.0,12.0,9.0,20.2,51.4
1606047024,12.0,16.0,12.0,9.0,20.2,51.4
1606047025,12.0,16.0,12.0,9.0,20.2,51.4
1606047026,12.0,16.0,12.0,9.0,20.2,51.4
1606047027,12.0,16.0,12.0,9.0,20.2,51.4
1606047028,12.0,16.0,12.0,9.0,20.2,51.4
1606047029,12.0,16.0,12.0,9.0,20.2,51.4
1606047030,12.0,16.0,11.0,9.0,20.2,51.4
1606047031,12.0,16.0,11.0,9.0,20.2,51.4
1606047032,11.0,16.0,11.0,9.0,20.2,51.4
1606047033,11.0,16.0,11.0,9.0,20.2,51.4
1606047034,11.0,17.0,10.0,9.0,20.2,51.4
1606047035,11.0,17.0,10.0,9.0,20.2,51.4
1606047036,11.0,17.0,10.0,9.0,20.2,51.4
1606047037,11.0,17.0,10.0,9.0,20.2,51.4
1606047038,11.0,17.0,10.0,9.0,20.2,51.4
1606047039,11.0,17.0,10.0,9.0,20.2,51.4
1606047040,11.0,17.0,10.0,9.0,20.3,51.4
1606047041,11.0,17.0,10.0,9.0,20.3,51.4
1606047042,11.0,17.0,10.0,9.0,20.3,51.4
1606047043,11.0,17.0,10.0,10.0,20.3,51.4
1606047044,11.0,17.0,10.0,10.0,20.3,51.4
1606047045,12.0,16.0,10.0,10.0,20.3,51.4
1606047046,12.0,16.0,10.0,10.0,20.3,51.4
1606047047,12.0,16.0,10.0,10.0,20.3,51.4
1606047048,12.0,16.0,10.0,10.0,20.3,51.4
1606047049,12.0,16.0,10.0,10.0,20.3,51.4
1606047050,12.0,16.0,10.0,10.0,20.3,51.4
1606047051,12.0,16.0,10.0,10.0,20.3,51.4
1606047052,12.0,16.0,10.0,10.0,20.3,51.4
1606047053,12.0,16.0,11.0,10.0,20.3,51.4
1606047054,12.0,16.0,10.0,10.0,20.3,51.4
1606047055,11.0,16.0,10.0,10.0,20.2,51.3
1606047056,11.0,16.0,10.0,10.0,20.2,51.3
1606047057,11.0,16.0,10.0,10.0,20.2,51.3
1606047058,11.0,16.0,10.0,9.0,20.2,51.3
1606047059,11.0,16.0,10.0,9.0,20.2,51.3
1606047060,11.0,16.0,10.0,9.0,20.3,51.4
1606047061,12.0,16.0,10.0,9.0,20.3,51.4
1606047062,11.0,16.0,10.0,9.0,20.3,51.4
1606047063,11.0,16.0,10.0,9.0,20.3,51.4
1606047064,11.0,16.0,10.0,9.0,20.3,51.4
1606047065,11.0,17.0,10.0,9.0,20.3,51.3
1606047066,11.0,17.0,10.0,9.0,20.3,51.3
1606047067,11.0,17.0,10.0,9.0,20.3,51.3
1606047068,11.0,17.0,10.0,9.0,20.3,51.3
1606047069,11.0,17.0,10.0,9.0,20.3,51.3
1606047070,11.0,17.0,10.0,9.0,20.3,51.3
1606047071,11.0,17.0,10.0,9.0,20.3,51.3
1606047072,11.0,17.0,10.0,9.0,20.3,51.3
1606047073,11.0,17.0,10.0,9.0,20.3,51.3
1606047074,11.0,17.0,10.0,9.0,20.3,51.3
1606047075,11.0,17.0,10.0,9.0,20.2,51.2
1606047076,11.0,17.0,10.0,9.0,20.2,51.2
1606047077,11.0,17.0,10.0,9.0,20.2,51.2
1606047078,12.0,17.0,9.0,9.0,20.2,51.2
1606047079,12.0,17.0,9.0,9.0,20.2,51.2
1606047080,12.0,17.0,9.0,9.0,20.3,51.3
1606047081,12.0,17.0,9.0,9.0,20.3,51.3
1606047082,12.0,17.0,9.0,9.0,20.3,51.3
1606047083,12.0,17.0,9.0,9.0,20.3,51.3
1606047084,12.0,17.0,9.0,9.0,20.3,51.3
1606047085,12.0,17.0,9.0,9.0,20.3,51.3
1606047086,12.0,17.0,9.0,9.0,20.3,51.3
1606047087,12.0,17.0,9.0,9.0,20.3,51.3
1606047088,12.0,17.0,9.0,9.0,20.3,51.3
1606047089,12.0,17.0,9.0,9.0,20.3,51.3
1606047090,11.0,17.0,9.0,9.0,20.3,51.3
1606047091,11.0,17.0,9.0,9.0,20.3,51.3
1606047092,11.0,17.0,9.0,9.0,20.3,51.3
1606047093,11.0,17.0,9.0,9.0,20.3,51.3
1606047094,11.0,16.0,9.0,9.0,20.3,51.3
1606047095,11.0,16.0,10.0,9.0,20.3,51.4
1606047096,11.0,16.0,10.0,9.0,20.3,51.4
1606047097,11.0,16.0,10.0,9.0,20.3,51.4
1606047098,11.0,16.0,10.0,9.0,20.3,51.4
1606047099,11.0,16.0,10.0,9.0,20.3,51.4
1606047100,11.125,16.0,10.0,9.125,20.3,51.4
1606047101,11.25,16.0,10.0,9.25,20.3,51.4
1606047102,11.375,16.0,10.0,9.375,20.3,51.4
1606047103,11.5,16.0,10.0,9.5,20.3,51.4
1606047104,11.625,16.0,10.0,9.625,20.3,51.4
1606047105,11.75,16.0,10.0,9.75,20.3,51.4
1606047106,11.875,16.0,10.0,9.875,20.3,51.4
1606047107,12.0,16.0,10.0,10.0,20.3,51.4
1606047108,12.0,16.0,10.0,10.0,20.3,51.4
1606047109,12.0,15.0,10.0,10.0,20.3,51.4
1606047110,12.0,15.0,10.0,10.0,20.3,51.4
1606047111,12.0,15.0,10.0,10.0,20.3,51.4
1606047112,12.0,15.5,10.0,10.0,20.3,51.4
1606047113,12.0,16.0,10.0,10.0,20.3,51.4
1606047114,12.0,16.0,10.0,10.0,20.3,51.4
1606047115,12.0,16.0,10.0,10.0,20.3,51.4
1606047116,12.0,16.0,10.0,10.0,20.3,51.4
1606047117,12.0,16.0,10.0,10.0,20.3,51.4
1606047118,12.0,16.0,10.0,10.0,20.3,51.4
1606047119,12.0,16.0,10.0,10.0,20.3,51.4
1606047120,12.0,16.0,10.0,10.0,20.3,51.4
1606047121,11.0,16.0,10.0,10.0,20.3,51.4
1606047122,11.0,16.0,10.0,10.0,20.3,51.4
1606047123,11.0,16.0,10.0,10.0,20.3,51.4
1606047124,11.0,16.0,11.0,10.0,20.3,51.4
1606047125,11.0,16.0,11.0,9.0,20.3,51.4
1606047126,11.0,16.0,11.0,9.0,20.3,51.4
1606047127,11.0,16.0,11.0,9.0,20.3,51.4
1606047128,11.0,16.0,11.0,9.0,20.3,51.4
1606047129,11.0,16.0,11.0,9.0,20.3,51.4
1606047130,11.0,16.0,11.0,9.0,20.3,51.4
1606047131,12.0,16.0,11.0,9.0,20.3,51.4
1606047132,12.0,16.0,11.0,9.0,20.3,51.4
1606047133,12.0,16.0,11.0,9.0,20.3,51.4
1606047134,12.0,16.0,9.0,9.0,20.3,51.4
1606047135,12.0,16.0,9.0,9.0,20.3,51.4
1606047136,12.0,16.0,9.0,9.0,20.3,51.4
1606047137,12.0,16.0,10.0,9.0,20.3,51.4
1606047138,12.0,16.0,10.0,9.0,20.3,51.4
1606047139,11.0,16.0,10.0,9.0,20.3,51.4
1606047140,11.0,16.0,10.0,9.0,20.3,51.4
1606047141,11.0,17.0,10.0,8.0,20.3,51.4
1606047142,11.0,17.0,10.0,8.0,20.3,51.4
1606047143,11.0,17.0,9.0,8.0,20.4,51.5
1606047144,11.0,17.0,9.0,8.0,20.4,51.5
1606047145,11.0,17.0,9.0,8.0,20.4,51.5
1606047146,11.0,17.0,9.0,8.0,20.4,51.5
1606047147,11.0,17.0,9.0,9.0,20.4,51.5
1606047148,11.0,17.0,9.0,9.0,20.3,51.4
1606047149,11.0,17.0,9.0,9.0,20.3,51.4
1606047150,12.0,16.0,9.0,9.0,20.3,51.4
1606047151,12.0,16.0,9.0,9.0,20.3,51.4
1606047152,12.0,16.0,9.0,9.0,20.3,51.4
1606047153,12.0,16.0,9.0,9.0,20.3,51.4
1606047154,12.0,16.0,9.0,9.0,20.3,51.4
1606047155,12.0,16.0,10.0,9.0,20.3,51.4
1606047156,12.0,16.0,10.0,9.0,20.3,51.4
1606047157,12.0,16.0,10.0,9.0,20.3,51.4
1606047158,12.0,16.0,10.0,9.0,20.3,51.4
1606047159,12.0,16.0,10.0,9.0,20.3,51.4
1606047160,12.0,16.0,10.0,9.0,20.3,51.4
1606047161,12.0,15.0,10.0,9.0,20.3,51.4
1606047162,12.0,15.0,10.0,9.0,20.3,51.4
1606047163,12.0,15.0,10.0,9.0,20.4,51.5
1606047164,12.0,15.0,10.0,9.0,20.4,51.5
1606047165,12.0,15.0,10.0,8.0,20.4,51.5
1606047166,12.0,15.0,9.0,8.0,20.4,51.5
1606047167,11.0,15.0,9.0,9.0,20.4,51.5
1606047168,11.0,15.0,9.0,9.0,20.4,51.5
1606047169,11.0,15.0,9.0,9.0,20.4,51.5
1606047170,11.0,15.0,9.0,9.0,20.4,51.5
1606047171,11.0,15.0,9.0,9.0,20.4,51.5
1606047172,11.0,15.0,9.0,9.0,20.4,51.5
1606047173,11.0,15.0,9.0,9.0,20.3,51.4
1606047174,11.0,15.0,10.0,9.0,20.3,51.4
1606047175,11.0,16.0,10.0,9.0,20.3,51.4
1606047176,11.0,16.0,10.0,9.0,20.3,51.4
1606047177,11.0,16.0,10.0,9.0,20.3,51.4
1606047178,11.0,16.0,11.0,9.0,20.4,51.5
1606047179,11.0,16.0,11.0,9.0,20.4,51.5
1606047180,11.0,16.0,11.0,9.0,20.4,51.5
1606047181,11.0,16.0,11.0,9.0,20.4,51.5
1606047182,11.0,16.0,11.0,9.0,20.4,51.5
1606047183,11.0,16.0,11.0,9.0,20.3,51.4
1606047184,11.0,16.0,11.0,9.0,20.3,51.4
1606047185,11.0,16.0,11.0,9.0,20.3,51.4
1606047186,11.0,16.0,11.0,9.0,20.3,51.4
1606047187,11.0,16.0,11.0,9.0,20.3,51.4
1606047188,11.0,16.0,11.0,9.0,20.3,51.1
1606047189,12.0,17.0,11.0,9.0,20.3,51.1
1606047190,11.0,17.0,11.0,9.0,20.3,51.1
1606047191,11.0,16.0,11.0,9.0,20.3,51.1
1606047192,11.0,16.0,11.0,9.0,20.3,51.1
1606047193,11.0,16.0,11.0,9.0,20.3,51.4
1606047194,11.0,16.0,10.0,9.0,20.3,51.4
1606047195,11.0,16.0,10.0,9.0,20.3,51.4
1606047196,11.0,16.0,10.0,9.0,20.3,51.4
1606047197,11.0,16.0,10.0,9.0,20.3,51.4
1606047198,11.0,16.0,10.0,9.0,20.3,51.4
1606047199,11.0,16.0,9.0,9.0,20.3,51.4
1606047200,11.0,16.0,9.0,9.0,20.3,51.4
1606047201,11.0,16.0,9.0,9.0,20.3,51.4
1606047202,11.0,16.0,9.0,9.0,20.3,51.4
1606047203,11.0,16.0,9.0,9.0,20.4,51.6
1606047204,11.0,16.0,9.0,9.0,20.4,51.6
1606047205,11.0,16.0,9.0,9.0,20.4,51.6
1606047206,11.0,16.0,9.0,9.0,20.4,51.6
1606047207,11.0,16.0,9.0,9.0,20.4,51.6
1606047208,12.0,16.0,9.0,9.0,20.4,51.6
1606047209,12.0,16.0,9.0,9.0,20.4,51.6
1606047210,11.0,16.0,9.0,8.0,20.4,51.6
1606047211,11.0,16.0,10.0,8.0,20.4,51.6
1606047212,11.0,16.0,10.0,8.0,20.4,51.6
1606047213,11.0,16.0,10.0,8.0,20.4,51.6
1606047214,11.0,16.0,10.0,8.0,20.4,51.6
1606047215,11.0,17.0,10.0,8.0,20.4,51.6
1606047216,11.0,17.0,10.0,8.0,20.4,51.6
1606047217,11.0,17.0,11.0,8.0,20.4,51.6
1606047218,11.0,17.0,11.0,8.0,20.4,51.6
1606047219,11.0,17.0,11.0,8.0,20.4,51.6
1606047220,11.0,17.0,11.0,8.0,20.4,51.6
1606047221,11.0,17.0,11.0,9.0,20.4,51.6
1606047222,10.0,16.0,11.0,9.0,20.4,51.6
1606047223,10.0,16.0,11.0,9.0,20.4,51.7
1606047224,10.0,15.0,11.0,9.0,20.4,51.7
1606047225,10.0,15.0,12.0,9.0,20.4,51.7
1606047226,10.0,15.0,12.0,9.0,20.4,51.7
1606047227,10.0,15.0,12.0,9.0,20.4,51.7
1606047228,10.0,14.0,12.0,9.0,20.4,51.7
1606047229,10.0,15.0,12.0,9.0,20.4,51.7
1606047230,10.0,15.0,11.0,9.0,20.4,51.7
1606047231,10.0,15.0,11.0,9.0,20.4,51.7
1606047232,10.0,15.0,11.0,9.0,20.4,51.7
1606047233,10.0,15.0,11.0,9.0,20.4,51.7
1606047234,10.0,16.0,11.0,9.0,20.4,51.7
1606047235,10.0,16.0,11.0,9.0,20.4,51.7
1606047236,10.0,16.0,11.0,9.0,20.4,51.7
1606047237,10.0,16.0,11.0,9.0,20.4,51.7
1606047238,10.0,16.0,10.0,9.0,20.4,51.7
1606047239,10.0,16.0,10.0,9.0,20.4,51.7
1606047240,10.0,16.0,10.0,10.0,20.4,51.7
1606047241,10.0,16.0,10.0,10.0,20.4,51.7
1606047242,10.0,16.0,10.0,10.0,20.4,51.7
1606047243,10.0,16.0,10.0,10.0,20.4,51.7
1606047244,10.0,15.0,10.0,10.0,20.4,51.7
1606047245,10.0,15.0,10.0,10.0,20.4,51.7
1606047246,10.0,15.0,10.0,10.0,20.4,51.7
1606047247,10.0,15.0,10.0,10.0,20.4,51.7
1606047248,10.0,15.0,10.0,10.0,20.4,51.7
1606047249,10.0,15.0,11.0,10.0,20.4,51.7
1606047250,10.0,15.0,11.0,10.0,20.4,51.7
1606047251,11.0,15.0,11.0,10.0,20.4,51.7
1606047252,11.0,15.0,11.0,10.0,20.4,51.7
1606047253,11.0,15.0,12.0,10.0,20.4,51.7
1606047254,11.0,15.0,12.0,10.0,20.4,51.7
1606047255,11.0,15.0,12.0,9.0,20.4,51.7
1606047256,11.0,15.0,12.0,9.0,20.4,51.7
1606047257,11.0,15.0,12.0,9.0,20.4,51.7
1606047258,11.0,15.0,12.0,9.0,20.4,51.7
1606047259,12.0,16.0,12.0,9.0,20.4,51.7
1606047260,12.0,16.0,12.0,9.0,20.4,51.7
1606047261,12.0,16.0,11.0,10.0,20.4,51.7
1606047262,12.0,16.0,11.0,10.0,20.4,51.7
1606047263,12.0,16.0,11.0,10.0,20.4,51.7
1606047264,11.0,16.0,11.0,10.0,20.4,51.7
1606047265,11.0,17.0,10.0,10.0,20.4,51.7
1606047266,11.0,17.0,10.0,10.0,20.4,51.7
1606047267,11.0,17.0,10.0,11.0,20.4,51.7
1606047268,11.0,17.0,10.0,11.0,20.4,51.8
1606047269,11.0,17.0,10.0,11.0,20.4,51.8
1606047270,11.0,17.0,10.0,11.0,20.4,51.8
1606047271,11.0,17.0,10.0,11.0,20.4,51.8
1606047272,11.0,17.0,10.0,10.0,20.4,51.8
1606047273,10.0,17.0,10.0,10.0,20.4,51.8
1606047274,10.0,17.0,10.0,10.0,20.4,51.8
1606047275,10.0,17.0,10.0,10.0,20.4,51.8
1606047276,10.0,16.0,10.0,9.0,20.4,51.8
1606047277,10.0,17.0,10.0,9.0,20.4,51.8
1606047278,9.0,17.0,10.0,9.0,20.4,51.8
1606047279,9.0,17.0,10.0,9.0,20.4,51.8
1606047280,9.0,17.0,10.0,9.0,20.4,51.8
1606047281,9.0,17.0,10.0,9.0,20.4,51.8
1606047282,9.0,17.0,10.0,9.0,20.4,51.8
1606047283,9.0,17.0,10.0,9.0,20.4,51.8
1606047284,9.0,17.0,10.0,9.0,20.4,51.8
1606047285,9.0,17.0,10.0,9.0,20.4,51.8
1606047286,9.0,17.0,10.0,9.0,20.4,51.8
1606047287,10.0,17.0,10.0,8.0,20.4,51.8
1606047288,10.0,17.0,10.0,8.0,20.4,51.8
1606047289,10.0,16.0,10.0,8.0,20.4,51.8
1606047290,10.0,16.0,10.0,9.0,20.4,51.8
1606047291,10.0,16.0,10.0,9.0,20.4,51.8
1606047292,10.0,16.0,10.0,9.0,20.4,51.8
1606047293,10.0,16.0,11.0,9.0,20.4,51.8
1606047294,10.0,16.0,11.0,9.0,20.4,51.8
1606047295,10.0,15.0,11.0,9.0,20.4,51.8
1606047296,10.0,16.0,11.0,9.0,20.4,51.8
1606047297,10.0,16.0,11.0,9.0,20.4,51.8
1606047298,10.0,16.0,11.0,9.0,20.4,51.9
1606047299,10.0,16.0,11.0,9.0,20.4,51.9
1606047300,10.0,16.0,11.0,9.0,20.4,51.9
1606047301,10.0,16.0,11.0,9.0,20.4,51.9
1606047302,10.0,16.0,10.0,9.0,20.4,51.9
1606047303,10.0,16.0,10.0,9.0,20.4,51.9
1606047304,10.0,16.0,10.0,9.0,20.4,51.9
1606047305,10.0,16.0,10.0,9.0,20.4,51.9
1606047306,10.0,16.0,10.0,9.0,20.4,51.9
1606047307,10.0,16.0,10.0,9.0,20.4,51.9
1606047308,10.0,16.0,10.0,9.0,20.4,51.9
1606047309,10.0,16.0,10.0,9.0,20.4,51.9
1606047310,10.0,16.0,10.0,9.0,20.4,51.9
1606047311,10.0,16.0,10.0,9.0,20.4,51.9
1606047312,10.0,16.0,10.0,10.0,20.4,51.9
1606047313,10.0,16.0,10.0,10.0,20.4,51.9
1606047314,10.0,15.0,10.0,10.0,20.4,51.9
1606047315,10.0,15.0,10.0,10.0,20.4,51.9
1606047316,10.0,15.0,9.0,10.0,20.4,51.9
1606047317,10.0,15.0,9.0,10.0,20.4,51.9
1606047318,10.0,15.0,9.0,10.0,20.4,51.9
1606047319,10.0,15.0,9.0,10.0,20.4,51.9
1606047320,10.0,15.0,9.0,10.0,20.4,51.9
1606047321,10.0,15.0,9.0,10.0,20.4,51.9
1606047322,11.0,15.0,9.0,10.0,20.4,51.9
1606047323,10.0,15.0,9.0,10.0,20.4,51.9
1606047324,10.0,15.0,9.0,10.0,20.4,51.9
1606047325,10.0,15.0,9.0,10.0,20.4,51.9
1606047326,10.0,15.0,9.0,10.0,20.4,51.9
1606047327,10.0,15.0,9.0,10.0,20.4,51.9
1606047328,10.0,15.0,9.0,10.0,20.4,51.9
1606047329,10.0,15.0,9.0,10.0,20.4,51.9
1606047330,10.0,15.0,9.0,10.0,20.4,51.9
1606047331,9.0,15.0,9.0,10.0,20.4,51.9
1606047332,9.0,15.0,9.0,10.0,20.4,51.9
1606047333,9.0,15.0,9.0,10.0,20.4,51.9
1606047334,9.0,15.0,10.0,10.0,20.4,51.9
1606047335,9.0,15.0,10.0,10.0,20.4,51.9
1606047336,9.0,15.0,10.0,10.0,20.4,51.9
1606047337,9.0,15.0,10.0,10.0,20.4,51.9
1606047338,9.0,15.0,10.0,10.0,20.4,51.9
1606047339,9.0,15.0,10.0,10.0,20.4,51.9
1606047340,9.0,15.0,10.0,10.0,20.4,51.9
1606047341,9.0,15.0,10.0,10.0,20.4,51.8
1606047342,9.0,15.0,9.0,10.0,20.4,51.8
1606047343,9.0,15.0,9.0,9.0,20.4,51.8
1606047344,9.0,16.0,9.0,9.0,20.4,51.8
1606047345,9.0,16.0,9.0,9.0,20.4,51.8
1606047346,9.0,16.0,9.0,9.0,20.4,51.8
1606047347,9.0,16.0,9.0,9.0,20.4,51.8
1606047348,9.0,16.0,9.0,9.0,20.4,51.8
1606047349,9.0,17.0,9.0,9.0,20.4,51.8
1606047350,9.0,17.0,9.0,9.0,20.4,51.8
1606047351,9.0,17.0,9.0,10.0,20.4,51.8
1606047352,9.0,17.0,9.0,10.0,20.4,51.8
1606047353,9.0,17.0,9.0,10.0,20.4,51.8
1606047354,9.0,17.0,9.0,10.0,20.4,51.8
1606047355,9.0,17.0,9.0,10.0,20.4,51.8
1606047356,9.0,17.0,9.0,10.0,20.4,52.0
1606047357,9.0,17.0,9.0,10.0,20.4,52.0
1606047358,9.0,17.0,9.0,10.0,20.4,52.0
1606047359,9.0,17.0,9.0,10.0,20.4,52.0
1606047360,9.0,17.0,9.0,10.0,20.4,52.0
1606047361,9.0,17.0,10.0,10.0,20.4,51.8
1606047362,9.0,17.0,10.0,10.0,20.4,51.8
1606047363,9.0,17.0,10.0,10.0,20.4,51.8
1606047364,9.0,16.0,10.0,10.0,20.4,51.8
1606047365,9.0,16.0,10.0,10.0,20.4,51.8
1606047366,9.0,16.0,10.0,10.0,20.4,51.7
1606047367,9.0,16.0,10.0,9.0,20.4,51.7
1606047368,9.0,16.0,10.0,9.0,20.4,51.7
1606047369,10.0,16.0,10.0,9.0,20.4,51.7
1606047370,10.0,16.0,10.0,9.0,20.4,51.7
1606047371,10.0,16.0,11.0,9.0,20.4,51.7
1606047372,10.0,16.0,11.0,9.0,20.4,51.7
1606047373,10.0,17.0,11.0,9.0,20.4,51.7
1606047374,10.0,17.0,11.0,9.0,20.4,51.7
1606047375,10.0,17.0,11.0,9.0,20.4,51.7
1606047376,10.0,18.0,11.0,9.0,20.3,51.6
1606047377,10.0,18.0,11.0,10.0,20.3,51.6
1606047378,10.0,18.0,11.0,10.0,20.3,51.6
1606047379,10.0,18.0,11.0,10.0,20.3,51.6
1606047380,10.0,18.0,10.0,10.0,20.3,51.6
1606047381,10.0,18.0,10.0,10.0,20.4,51.7
1606047382,10.0,18.0,10.0,10.0,20.4,51.7
1606047383,9.0,18.0,10.0,10.0,20.4,51.7
1606047384,9.0,18.0,10.0,11.0,20.4,51.7
1606047385,9.0,18.0,10.0,11.0,20.4,51.7
1606047386,9.0,18.0,9.0,11.0,20.4,51.8
1606047387,9.0,17.0,9.0,11.0,20.4,51.8
1606047388,9.0,17.0,9.0,11.0,20.4,51.8
1606047389,10.0,17.0,11.0,11.0,20.4,51.8
1606047390,10.0,17.0,11.0,11.0,20.4,51.8
1606047391,10.0,17.0,11.0,10.0,20.4,51.7
1606047392,10.0,16.0,11.0,10.0,20.4,51.7
1606047393,10.0,16.0,10.0,10.0,20.4,51.7
1606047394,10.0,16.0,10.0,10.0,20.4,51.7
1606047395,10.0,16.0,10.0,10.0,20.4,51.7
1606047396,10.0,16.0,10.0,10.0,20.4,51.7
1606047397,10.0,16.0,10.0,10.0,20.4,51.7
1606047398,10.0,16.0,10.0,10.0,20.4,51.7
1606047399,10.0,16.0,10.0,10.0,20.4,51.7
1606047400,10.0,16.0,10.0,10.0,20.4,51.7
1606047401,10.0,17.0,10.0,10.0,20.4,51.7
1606047402,10.0,17.0,10.0,10.0,20.4,51.7
1606047403,10.0,17.0,10.0,10.0,20.4,51.7
1606047404,10.0,17.0,10.0,10.0,20.4,51.7
1606047405,10.0,17.0,10.0,10.0,20.4,51.7
1606047406,10.0,16.0,10.0,10.0,20.3,51.6
1606047407,10.0,16.0,10.0,10.0,20.3,51.6
1606047408,10.0,16.0,9.0,10.0,20.3,51.6
1606047409,11.0,16.0,9.0,10.0,20.3,51.6
1606047410,11.0,16.0,9.0,10.0,20.3,51.6
1606047411,11.0,16.0,9.0,10.0,20.4,51.8
1606047412,11.0,16.0,9.0,10.0,20.4,51.8
1606047413,11.0,15.0,9.0,10.0,20.4,51.8
1606047414,11.0,15.0,9.0,10.0,20.4,51.8
1606047415,10.0,15.0,9.0,10.0,20.4,51.8
1606047416,10.0,15.0,9.0,10.0,20.3,51.7
1606047417,10.0,15.0,9.0,11.0,20.3,51.7
1606047418,10.0,15.0,9.0,11.0,20.3,51.7
1606047419,10.0,15.0,9.0,11.0,20.3,51.7
1606047420,10.0,14.0,10.0,11.0,20.3,51.7
1606047421,9.0,14.0,10.0,11.0,20.4,51.8
1606047422,9.0,14.0,10.0,11.0,20.4,51.8
1606047423,9.0,15.0,10.0,11.0,20.4,51.8
1606047424,9.0,15.0,10.0,10.0,20.4,51.8
1606047425,9.0,15.0,10.0,10.0,20.4,51.8
1606047426,9.0,15.0,10.0,10.0,20.4,51.8
1606047427,9.0,15.0,10.0,10.0,20.4,51.8
1606047428,9.0,14.0,10.0,10.0,20.4,51.8
1606047429,8.0,14.0,10.0,10.0,20.4,51.8
1606047430,8.0,14.0,10.0,10.0,20.4,51.8
1606047431,8.0,14.0,10.0,10.0,20.4,51.8
1606047432,8.0,14.0,10.0,10.0,20.4,51.8
1606047433,8.0,14.0,9.0,10.0,20.4,51.8
1606047434,8.0,14.0,9.0,10.0,20.4,51.8
1606047435,8.0,14.0,9.0,10.0,20.4,51.8
1606047436,8.0,14.0,9.0,10.0,20.4,51.9
1606047437,8.0,14.0,9.0,10.0,20.4,51.9
1606047438,7.0,14.0,9.0,10.0,20.4,51.9
1606047439,7.0,14.0,9.0,10.0,20.4,51.9
1606047440,7.0,14.0,9.0,10.0,20.4,51.9
1606047441,7.0,14.0,9.0,10.0,20.4,51.8
1606047442,7.0,14.0,9.0,10.0,20.4,51.8
1606047443,7.0,14.0,9.0,11.0,20.4,51.8
1606047444,8.0,14.0,9.0,11.0,20.4,51.8
1606047445,8.0,14.0,9.0,11.0,20.4,51.8
1606047446,8.0,14.0,9.0,11.0,20.3,51.7
1606047447,8.0,13.0,9.0,11.0,20.3,51.7
1606047448,8.0,13.0,9.0,11.0,20.3,51.7
1606047449,8.0,13.0,9.0,11.0,20.3,51.7
1606047450,8.0,13.0,9.0,11.0,20.3,51.7
1606047451,8.0,14.0,9.0,11.0,20.4,51.8
1606047452,8.0,14.0,10.0,11.0,20.4,51.8
1606047453,8.0,14.0,10.0,11.0,20.4,51.8
1606047454,8.0,14.0,10.0,11.0,20.4,51.8
1606047455,8.0,14.0,10.0,10.0,20.4,51.8
1606047456,8.0,14.0,10.0,10.0,20.4,51.8
1606047457,8.0,14.0,9.0,10.0,20.4,51.8
1606047458,8.0,14.0,9.0,10.0,20.4,51.8
1606047459,8.0,14.0,9.0,10.0,20.4,51.8
1606047460,8.0,14.0,9.0,10.0,20.4,51.8
1606047461,8.0,14.0,9.0,10.0,20.3,51.7
1606047462,8.0,13.0,9.0,10.0,20.3,51.7
1606047463,8.0,13.0,9.0,10.0,20.3,51.7
1606047464,8.0,13.0,9.0,10.0,20.3,51.7
1606047465,8.0,13.0,9.0,10.0,20.3,51.7
1606047466,8.0,13.0,9.0,10.0,20.3,51.8
1606047467,8.0,13.0,9.0,10.0,20.3,51.8
1606047468,8.0,13.0,9.0,9.0,20.3,51.8
1606047469,8.0,13.0,10.0,9.0,20.3,51.8
1606047470,8.0,13.0,10.0,9.0,20.3,51.8
1606047471,8.0,13.0,10.0,9.0,20.3,51.7
1606047472,8.0,13.0,10.0,9.0,20.3,51.7
1606047473,8.0,13.0,11.0,9.0,20.3,51.7
1606047474,8.0,14.0,11.0,9.0,20.3,51.7
1606047475,8.0,14.0,11.0,9.0,20.3,51.7
1606047476,8.0,14.0,11.0,9.0,20.3,51.7
1606047477,8.0,14.0,11.0,9.0,20.3,51.7
1606047478,8.0,14.0,11.0,9.0,20.3,51.7
1606047479,8.0,15.0,11.0,9.0,20.3,51.7
1606047480,8.0,15.0,11.0,9.0,20.3,51.7
1606047481,8.0,15.0,11.0,9.0,20.3,51.7
1606047482,8.0,15.0,11.0,9.0,20.3,51.7
1606047483,8.0,15.0,11.0,9.0,20.3,51.7
1606047484,8.0,15.0,10.0,9.0,20.3,51.7
1606047485,8.0,15.0,10.0,9.0,20.3,51.7
1606047486,8.0,15.0,10.0,9.0,20.3,51.7
1606047487,8.0,15.0,10.0,9.0,20.3,51.7
1606047488,8.0,15.0,10.0,9.0,20.3,51.7
1606047489,8.0,14.0,10.0,9.0,20.3,51.7
1606047490,8.0,14.0,9.0,9.0,20.3,51.7
1606047491,8.0,14.0,9.0,9.0,20.3,51.8
1606047492,8.0,14.0,9.0,9.0,20.3,51.8
1606047493,8.0,15.0,9.0,9.0,20.3,51.8
1606047494,8.0,15.0,9.0,9.0,20.3,51.8
1606047495,8.0,15.0,9.0,9.0,20.3,51.8
1606047496,8.0,15.0,9.0,9.0,20.3,51.8
1606047497,8.0,15.0,9.0,9.0,20.3,51.8
1606047498,8.0,16.0,9.0,9.0,20.3,51.8
1606047499,8.0,16.0,9.0,9.0,20.3,51.8
1606047500,8.0,16.0,9.0,9.0,20.3,51.8
1606047501,8.0,16.0,9.0,9.0,20.3,51.8
1606047502,8.0,16.0,9.0,9.0,20.3,51.8
1606047503,8.0,15.0,9.0,9.0,20.3,51.8
1606047504,8.0,15.0,9.0,9.0,20.3,51.8
1606047505,7.0,15.0,9.0,9.0,20.3,51.8
1606047506,7.0,15.0,9.0,10.0,20.3,51.8
1606047507,7.0,15.0,9.0,10.0,20.3,51.8
1606047508,7.0,15.0,9.0,10.0,20.3,51.8
1606047509,7.0,15.0,9.0,10.0,20.3,51.8
1606047510,7.111111111111111,14.88888888888889,9.0,10.0,20.3,51.8
1606047511,7.222222222222222,14.77777777777778,9.0,10.0,20.3,51.8
1606047512,7.333333333333333,14.666666666666666,9.0,10.0,20.3,51.8
1606047513,7.444444444444445,14.555555555555555,9.0,10.0,20.3,51.8
1606047514,7.555555555555555,14.444444444444445,9.0,10.0,20.3,51.8
1606047515,7.666666666666667,14.333333333333334,9.0,10.0,20.3,51.8
1606047516,7.777777777777778,14.22222222222222,9.0,10.0,20.3,51.8
1606047517,7.888888888888889,14.11111111111111,9.0,10.0,20.3,51.8
1606047518,8.0,14.0,9.0,10.0,20.3,51.8
1606047519,9.0,14.0,9.0,9.0,20.3,51.8
1606047520,9.0,14.0,9.0,9.0,20.3,51.8
1606047521,9.0,14.0,9.0,9.0,20.3,51.8
1606047522,9.0,14.0,9.0,9.0,20.3,51.8
1606047523,9.0,14.0,9.0,9.0,20.3,51.8
1606047524,9.0,14.0,10.0,9.0,20.4,51.8
1606047525,9.0,14.0,10.0,9.0,20.4,51.8
1606047526,9.0,14.0,10.0,9.0,20.4,51.8
1606047527,9.0,14.0,10.0,9.0,20.4,51.8
1606047528,9.0,14.0,10.0,10.0,20.4,51.8
1606047529,9.0,14.0,10.0,10.0,20.3,51.7
1606047530,9.0,14.0,10.0,10.0,20.3,51.7
1606047531,9.0,14.0,10.0,10.0,20.3,51.7
1606047532,9.0,14.0,10.0,10.0,20.3,51.7
1606047533,9.0,14.0,10.0,10.0,20.3,51.7
1606047534,9.0,14.0,10.0,10.0,20.3,51.7
1606047535,9.0,14.0,10.0,10.0,20.3,51.7
1606047536,9.0,13.0,9.0,9.0,20.3,51.7
1606047537,9.0,13.0,9.0,9.0,20.3,51.7
1606047538,9.0,13.0,9.0,9.0,20.3,51.7
1606047539,9.0,13.0,9.0,9.0,20.3,51.8
1606047540,8.0,14.0,9.0,9.0,20.3,51.8
1606047541,8.0,14.0,9.0,9.0,20.3,51.8
1606047542,8.0,14.0,9.0,9.0,20.3,51.8
1606047543,8.0,14.0,9.0,9.0,20.3,51.8
1606047544,8.0,14.0,9.0,9.0,20.3,51.7
1606047545,8.0,14.0,9.0,10.0,20.3,51.7
1606047546,8.0,14.0,9.0,10.0,20.3,51.7
1606047547,8.0,14.0,9.0,10.0,20.3,51.7
1606047548,9.0,14.0,9.0,11.0,20.3,51.7
1606047549,9.0,14.0,9.0,11.0,20.3,51.7
1606047550,9.0,14.0,9.0,11.0,20.3,51.7
1606047551,9.0,14.0,9.0,11.0,20.3,51.7
1606047552,9.0,14.0,9.0,12.0,20.3,51.7
1606047553,9.0,14.0,9.0,12.0,20.3,51.7
1606047554,9.0,14.0,8.0,11.0,20.3,51.7
1606047555,9.0,14.0,8.0,11.0,20.3,51.7
1606047556,9.0,14.0,8.0,11.0,20.3,51.7
1606047557,9.0,15.0,8.0,11.0,20.3,51.7
1606047558,9.0,15.0,8.0,11.0,20.3,51.7
1606047559,9.0,15.0,8.0,10.0,20.3,51.7
1606047560,9.0,15.0,8.0,10.0,20.3,51.7
1606047561,9.0,15.0,9.0,10.0,20.3,51.7
1606047562,8.0,16.0,9.0,10.0,20.3,51.7
1606047563,8.0,16.0,9.0,10.0,20.3,51.7
1606047564,8.0,16.0,9.0,10.0,20.3,51.7
1606047565,8.0,16.0,9.0,10.0,20.3,51.7
1606047566,8.0,16.0,9.0,10.0,20.3,51.7
1606047567,9.0,16.0,9.0,10.0,20.3,51.7
1606047568,9.0,16.0,9.0,10.0,20.3,51.7
1606047569,9.0,16.0,9.0,10.0,20.3,51.7
1606047570,9.0,16.0,9.0,10.0,20.3,51.7
1606047571,9.0,15.0,9.0,9.0,20.3,51.7
1606047572,9.0,15.0,9.0,9.0,20.3,51.7
1606047573,9.0,16.0,9.0,9.0,20.3,51.7
1606047574,9.0,15.0,9.0,9.0,20.3,51.7
1606047575,9.0,15.0,8.0,9.0,20.3,51.7
1606047576,9.0,15.0,9.0,9.0,20.3,51.7
1606047577,9.0,15.0,9.0,9.0,20.3,51.7
1606047578,9.0,15.0,9.0,9.0,20.3,51.7
1606047579,9.0,15.0,9.0,9.0,20.4,51.8
1606047580,9.0,15.0,9.0,9.0,20.4,51.8
1606047581,9.0,15.0,9.0,9.0,20.4,51.8
1606047582,9.0,15.0,9.0,9.0,20.4,51.8
1606047583,9.0,15.0,9.0,9.0,20.4,51.8
1606047584,9.0,15.0,9.0,9.0,20.3,51.7
1606047585,9.0,15.0,9.0,9.0,20.3,51.7
1606047586,9.0,15.0,9.0,9.0,20.3,51.7
1606047587,9.0,16.0,9.0,8.0,20.3,51.7
1606047588,9.0,16.0,9.0,8.0,20.3,51.7
1606047589,9.0,16.0,9.0,8.0,20.3,51.7
1606047590,9.0,16.0,9.0,8.0,20.3,51.7
1606047591,9.0,16.0,9.0,8.0,20.3,51.7
1606047592,9.0,16.0,9.0,8.0,20.3,51.7
1606047593,9.0,16.0,9.0,8.0,20.3,51.7
1606047594,9.0,16.0,9.0,8.0,20.3,51.6
1606047595,9.0,16.0,9.0,8.0,20.3,51.6
1606047596,9.0,16.0,9.0,8.0,20.3,51.6
1606047597,9.0,16.0,10.0,9.0,20.3,51.6
1606047598,9.0,16.0,10.0,9.0,20.3,51.6
1606047599,9.0,16.0,11.0,9.0,20.3,51.6
1606047600,9.0,15.0,11.0,9.0,20.3,51.6
1606047601,9.0,15.0,11.0,9.0,20.3,51.6
1606047602,9.0,15.0,11.0,9.0,20.3,51.6
1606047603,9.0,15.0,11.0,9.0,20.3,51.6
1606047604,9.0,15.0,11.0,10.0,20.3,51.7
1606047605,9.0,15.0,10.0,10.0,20.3,51.7
1606047606,9.0,15.0,10.0,9.0,20.3,51.7
1606047607,9.0,15.0,10.0,9.0,20.3,51.7
1606047608,9.0,15.0,10.0,9.0,20.3,51.7
1606047609,9.0,15.0,10.0,9.0,20.3,51.6
1606047610,9.0,15.0,10.0,9.0,20.3,51.6
1606047611,9.0,15.0,10.0,9.0,20.3,51.6
1606047612,9.0,15.0,10.0,9.0,20.3,51.6
1606047613,9.0,15.0,9.0,9.0,20.3,51.6
1606047614,9.0,15.0,9.0,9.0,20.3,51.6
1606047615,9.0,15.0,9.0,9.0,20.3,51.6
1606047616,9.0,15.0,9.0,9.0,20.3,51.6
1606047617,9.0,15.0,9.0,9.0,20.3,51.6
1606047618,9.0,15.0,9.0,9.0,20.3,51.6
1606047619,9.0,15.0,10.0,9.0,20.3,51.6
1606047620,9.0,15.0,10.0,9.0,20.3,51.6
1606047621,9.0,16.0,10.0,9.0,20.3,51.6
1606047622,8.0,16.0,10.0,8.0,20.3,51.6
1606047623,8.0,16.0,10.0,8.0,20.3,51.6
1606047624,8.0,16.0,10.0,8.0,20.3,51.6
1606047625,8.0,16.0,10.0,8.0,20.3,51.6
1606047626,8.0,17.0,10.0,8.0,20.3,51.6
1606047627,8.0,17.0,11.0,8.0,20.3,51.6
1606047628,8.0,17.0,11.0,8.0,20.3,51.6
1606047629,8.0,17.0,11.0,8.0,20.3,51.6
1606047630,8.0,17.0,11.0,8.0,20.3,51.6
1606047631,8.0,17.0,11.0,8.0,20.3,51.6
1606047632,8.0,16.0,12.0,9.0,20.3,51.6
1606047633,8.0,16.0,12.0,9.0,20.3,51.6
1606047634,8.0,16.0,12.0,9.0,20.3,51.6
1606047635,8.0,16.0,12.0,10.0,20.3,51.6
1606047636,8.0,16.0,12.0,10.0,20.3,51.6
1606047637,8.0,16.0,12.0,10.0,20.3,51.6
1606047638,8.0,16.0,12.0,10.0,20.3,51.6
1606047639,9.0,16.0,11.0,10.0,20.3,51.6
1606047640,9.0,16.0,11.0,10.0,20.3,51.6
1606047641,9.0,16.0,11.0,10.0,20.3,51.6
1606047642,9.0,16.0,10.0,10.0,20.3,51.6
1606047643,9.0,16.0,10.0,10.0,20.3,51.6
1606047644,9.0,16.0,11.0,10.0,20.3,51.6
1606047645,9.0,16.0,11.0,9.0,20.3,51.6
1606047646,9.0,16.0,11.0,9.0,20.3,51.6
1606047647,9.0,16.0,11.0,9.0,20.3,51.6
1606047648,9.0,16.0,11.0,9.0,20.3,51.6
1606047649,9.0,16.0,11.0,9.0,20.3,51.6
1606047650,9.0,16.0,11.0,9.0,20.3,51.6
1606047651,9.0,16.0,11.0,9.0,20.3,51.6
1606047652,8.0,16.0,10.0,9.0,20.3,51.6
1606047653,8.0,16.0,10.0,8.0,20.3,51.6
1606047654,8.0,16.0,10.0,8.0,20.3,51.6
1606047655,8.0,16.0,10.0,8.0,20.3,51.6
1606047656,8.0,16.0,10.0,8.0,20.3,51.6
1606047657,8.0,16.0,9.0,8.0,20.3,51.6
1606047658,8.0,16.0,9.0,8.0,20.3,51.6
1606047659,9.0,16.0,9.0,8.0,20.2,51.5
1606047660,9.0,16.0,9.0,8.0,20.2,51.5
1606047661,9.0,17.0,9.0,8.0,20.2,51.5
1606047662,9.0,17.0,9.0,8.0,20.2,51.5
1606047663,10.0,17.0,9.0,8.0,20.2,51.5
1606047664,10.0,17.0,9.0,8.0,20.2,51.4
1606047665,10.0,17.0,9.0,8.0,20.2,51.4
1606047666,9.0,17.0,10.0,8.0,20.2,51.4
1606047667,9.0,17.0,10.0,8.0,20.2,51.4
1606047668,9.0,17.0,10.0,9.0,20.2,51.4
1606047669,9.0,17.0,10.0,9.0,20.3,51.5
1606047670,9.0,17.0,10.0,9.0,20.3,51.5
1606047671,9.0,17.0,9.0,9.0,20.3,51.5
1606047672,9.0,17.0,9.0,9.0,20.3,51.5
1606047673,8.0,17.0,9.0,9.0,20.3,51.5
1606047674,8.0,16.0,9.0,9.0,20.2,51.4
1606047675,8.0,16.0,9.0,9.0,20.2,51.4
1606047676,8.0,16.0,8.0,9.0,20.2,51.4
1606047677,8.0,16.0,8.0,9.0,20.2,51.4
1606047678,7.0,16.0,8.0,9.0,20.2,51.4
1606047679,7.0,15.0,8.0,9.0,20.2,51.5
1606047680,7.0,15.0,8.0,9.0,20.2,51.5
1606047681,8.0,15.0,8.0,9.0,20.2,51.5
1606047682,8.0,15.0,8.0,9.0,20.2,51.5
1606047683,8.0,15.0,8.0,9.0,20.2,51.5
1606047684,8.0,15.0,8.0,8.0,20.2,51.6
1606047685,8.0,15.0,8.0,8.0,20.2,51.6
1606047686,8.0,15.0,9.0,8.0,20.2,51.6
1606047687,8.0,14.0,9.0,8.0,20.2,51.6
1606047688,9.0,14.0,9.0,8.0,20.2,51.6
1606047689,9.0,14.0,9.0,8.0,20.2,51.6
1606047690,9.0,14.0,9.0,8.0,20.2,51.6
1606047691,9.0,14.0,9.0,8.0,20.2,51.6
1606047692,9.0,15.0,9.0,8.0,20.2,51.6
1606047693,9.0,15.0,10.0,8.0,20.2,51.6
1606047694,10.0,15.0,10.0,8.0,20.2,51.6
1606047695,10.0,15.0,10.0,8.0,20.2,51.6
1606047696,10.0,15.0,10.0,8.0,20.2,51.6
1606047697,10.0,15.0,10.0,9.0,20.2,51.6
1606047698,10.0,16.0,10.0,9.0,20.2,51.6
1606047699,10.0,16.0,10.0,9.0,20.2,51.6
1606047700,10.0,16.0,10.0,9.0,20.2,51.6
1606047701,9.0,16.0,10.0,9.0,20.2,51.6
1606047702,9.0,16.0,10.0,9.0,20.2,51.6
1606047703,9.0,16.0,10.0,9.0,20.2,51.6
1606047704,9.0,16.0,10.0,9.0,20.2,51.7
1606047705,9.0,16.0,10.0,9.0,20.2,51.7
1606047706,9.0,16.0,10.0,9.0,20.2,51.7
1606047707,9.0,16.0,10.0,9.0,20.2,51.7
1606047708,9.0,16.0,10.0,9.0,20.2,51.7
1606047709,9.0,16.0,10.0,9.0,20.2,51.7
1606047710,8.0,16.0,10.0,9.0,20.2,51.7
1606047711,8.0,16.0,10.0,9.0,20.2,51.7
1606047712,8.0,16.0,10.0,9.0,20.2,51.7
1606047713,8.0,16.0,10.0,9.0,20.2,51.7
1606047714,8.0,16.0,9.0,9.0,20.2,51.7
1606047715,8.11111111111111,16.0,9.0,9.0,20.2,51.7
1606047716,8.222222222222221,16.0,9.0,9.0,20.2,51.7
1606047717,8.333333333333334,16.0,9.0,9.0,20.2,51.7
1606047718,8.444444444444445,16.0,9.0,9.0,20.2,51.7
1606047719,8.555555555555555,16.0,9.0,9.0,20.2,51.7
1606047720,8.666666666666666,16.0,9.0,9.0,20.2,51.7
1606047721,8.777777777777779,16.0,9.0,9.0,20.2,51.7
1606047722,8.88888888888889,16.0,9.0,9.0,20.2,51.7
1606047723,9.0,16.0,9.0,9.0,20.2,51.7
1606047724,9.0,16.0,10.0,9.0,20.2,51.7
1606047725,9.0,16.0,10.0,9.0,20.2,51.7
1606047726,9.0,15.0,10.0,9.0,20.2,51.7
1606047727,9.0,15.0,9.0,9.0,20.2,51.7
1606047728,9.0,15.0,10.0,9.0,20.2,51.7
1606047729,9.0,15.0,10.0,9.0,20.2,51.7
1606047730,8.0,15.0,9.0,9.0,20.2,51.7
1606047731,8.0,15.0,9.0,9.0,20.2,51.7
1606047732,8.0,15.0,10.0,9.0,20.2,51.7
1606047733,8.0,15.0,10.0,9.0,20.2,51.7
1606047734,8.0,15.0,10.0,9.0,20.2,51.7
1606047735,8.0,15.0,10.0,9.0,20.2,51.7
1606047736,9.0,15.0,10.0,9.0,20.2,51.7
1606047737,9.0,15.0,10.0,10.0,20.2,51.7
1606047738,8.0,15.0,10.0,10.0,20.2,51.7
1606047739,9.0,15.0,10.0,10.0,20.2,51.7
1606047740,9.0,15.0,10.0,10.0,20.2,51.7
1606047741,9.0,16.0,10.0,10.0,20.2,51.7
1606047742,9.0,16.0,10.0,9.0,20.2,51.7
1606047743,9.0,16.0,10.0,9.0,20.2,51.7
1606047744,9.0,16.0,10.0,9.0,20.2,51.7
1606047745,9.0,16.0,10.0,9.0,20.2,51.7
1606047746,9.0,16.0,10.0,9.0,20.2,51.7
1606047747,9.0,16.0,10.0,9.0,20.2,51.8
1606047748,9.0,16.0,10.0,9.0,20.2,51.8
1606047749,9.0,16.0,10.0,9.0,20.2,51.8
1606047750,9.0,16.0,10.0,9.0,20.2,51.8
1606047751,9.0,15.0,10.0,9.0,20.2,51.8
1606047752,9.0,15.0,10.0,8.0,20.2,51.8
1606047753,9.0,15.0,10.0,8.0,20.2,51.8
1606047754,9.0,15.0,10.0,8.0,20.2,51.8
1606047755,9.0,15.0,10.0,8.0,20.2,51.8
1606047756,9.0,15.0,9.0,8.0,20.2,51.8
1606047757,9.0,15.0,9.0,8.0,20.2,51.8
1606047758,8.0,15.0,9.0,8.0,20.2,51.8
1606047759,8.0,15.0,9.0,9.0,20.2,51.8
1606047760,8.0,15.0,9.0,9.0,20.2,51.8
1606047761,8.0,15.0,9.0,9.0,20.2,51.8
1606047762,8.0,15.0,9.0,9.0,20.2,51.9
1606047763,8.0,15.0,9.0,9.0,20.2,51.9
1606047764,8.0,15.0,10.0,10.0,20.2,51.9
1606047765,8.0,15.0,10.0,10.0,20.2,51.9
1606047766,9.0,15.0,10.0,10.0,20.2,51.9
1606047767,9.0,15.0,10.0,10.0,20.2,51.9
1606047768,9.0,16.0,10.0,10.0,20.2,51.9
1606047769,9.0,16.0,10.0,11.0,20.2,51.9
1606047770,9.0,16.0,10.0,11.0,20.2,51.9
1606047771,9.0,16.0,9.0,11.0,20.2,51.9
1606047772,9.0,16.0,9.0,11.0,20.2,51.8
1606047773,9.0,16.0,9.0,11.0,20.2,51.8
1606047774,9.0,16.0,9.0,11.0,20.2,51.8
1606047775,9.0,16.0,9.0,11.0,20.2,51.8
1606047776,9.0,17.0,9.0,11.0,20.2,51.8
1606047777,9.0,17.0,9.0,10.0,20.2,51.8
1606047778,8.0,17.0,9.0,10.0,20.2,51.8
1606047779,8.0,17.0,9.0,10.0,20.2,51.8
1606047780,8.0,17.0,9.0,9.0,20.2,51.8
1606047781,8.0,16.0,9.0,9.0,20.2,51.8
1606047782,8.0,16.0,9.0,9.0,20.2,51.8
1606047783,8.0,16.0,9.0,9.0,20.2,51.8
1606047784,8.0,16.0,9.0,8.0,20.2,51.8
1606047785,8.0,16.0,9.0,8.0,20.2,51.8
1606047786,8.0,16.0,9.0,8.0,20.2,51.8
1606047787,8.0,16.0,9.0,8.0,20.1,51.8
1606047788,8.0,16.0,9.0,8.0,20.1,51.8
1606047789,8.0,16.0,9.0,8.0,20.1,51.8
1606047790,8.0,16.0,9.0,8.0,20.1,51.8
1606047791,8.0,16.0,9.0,8.0,20.1,51.8
1606047792,8.0,16.0,9.0,8.0,20.1,51.8
1606047793,8.0,16.0,9.0,9.0,20.2,51.9
1606047794,8.0,16.0,10.0,9.0,20.2,51.9
1606047795,8.0,16.0,10.0,9.0,20.2,51.9
1606047796,8.0,16.0,10.0,9.0,20.2,51.9
1606047797,8.0,16.0,10.0,9.0,20.2,51.9
1606047798,8.0,16.0,10.0,9.0,20.2,51.9
1606047799,8.0,16.0,10.0,9.0,20.2,51.9
1606047800,8.0,16.0,10.0,9.0,20.2,51.9
1606047801,8.0,16.0,10.0,9.0,20.2,51.9
1606047802,8.0,16.0,10.0,9.0,20.2,51.9
1606047803,8.0,16.0,10.0,9.0,20.2,51.9
1606047804,8.0,16.0,10.0,9.0,20.2,51.9
1606047805,8.0,16.0,10.0,9.0,20.2,51.9
1606047806,8.0,16.0,10.0,9.0,20.2,51.9
1606047807,8.0,16.0,10.0,10.0,20.2,51.9
1606047808,8.0,16.0,10.0,10.0,20.1,51.9
1606047809,8.0,16.0,10.0,10.0,20.1,51.9
1606047810,8.0,16.0,10.0,11.0,20.1,51.9
1606047811,8.0,17.0,10.0,11.0,20.1,51.9
1606047812,8.0,17.0,10.0,11.0,20.1,51.9
1606047813,8.0,17.0,10.0,11.0,20.2,51.9
1606047814,8.0,17.0,10.0,11.0,20.2,51.9
1606047815,8.0,17.0,10.0,11.0,20.2,51.9
1606047816,8.0,17.0,10.0,11.0,20.2,51.9
1606047817,8.0,17.0,10.0,11.0,20.2,51.9
1606047818,8.0,17.0,9.0,11.0,20.1,51.8
1606047819,8.0,17.0,9.0,11.0,20.1,51.8
1606047820,8.0,17.0,9.0,10.0,20.1,51.8
1606047821,8.0,17.0,9.0,10.0,20.1,51.8
1606047822,8.0,17.0,9.0,10.0,20.1,51.8
1606047823,8.0,17.0,9.0,10.0,20.2,51.9
1606047824,8.0,17.0,9.0,10.0,20.2,51.9
1606047825,8.0,17.0,9.0,10.0,20.2,51.9
1606047826,8.0,17.0,9.0,10.0,20.2,51.9
1606047827,9.0,17.0,9.0,10.0,20.2,51.9
1606047828,9.0,17.0,9.0,10.0,20.2,52.0
1606047829,9.0,17.0,9.0,10.0,20.2,52.0
1606047830,9.0,17.0,9.0,10.0,20.2,52.0
1606047831,9.0,17.0,9.0,10.0,20.2,52.0
1606047832,9.0,17.0,9.0,10.0,20.2,52.0
1606047833,9.0,16.0,9.0,10.0,20.1,51.9
1606047834,9.0,16.0,9.0,10.0,20.1,51.9
1606047835,9.0,16.0,9.0,9.0,20.1,51.9
1606047836,9.0,16.0,9.0,9.0,20.1,51.9
1606047837,9.0,16.0,9.0,9.0,20.1,51.9
1606047838,9.0,15.0,9.0,9.0,20.2,52.0
1606047839,9.0,15.0,9.0,9.0,20.2,52.0
1606047840,9.0,15.0,9.0,10.0,20.2,52.0
1606047841,9.0,15.0,9.0,10.0,20.2,52.0
1606047842,9.0,15.0,9.0,10.0,20.2,52.0
1606047843,9.0,15.0,9.0,10.0,20.2,51.9
1606047844,9.0,15.0,9.0,10.0,20.2,51.9
1606047845,9.0,15.0,9.0,9.0,20.2,51.9
1606047846,9.0,15.0,9.0,9.0,20.2,51.9
1606047847,9.0,16.0,9.0,9.0,20.2,51.9
1606047848,8.0,16.0,9.0,9.0,20.1,51.9
1606047849,8.0,16.0,9.0,9.0,20.1,51.9
1606047850,8.0,16.0,9.0,8.0,20.1,51.9
1606047851,8.0,16.0,9.0,8.0,20.1,51.9
1606047852,8.0,16.0,9.0,8.0,20.1,51.9
1606047853,8.0,16.0,9.0,8.0,20.2,52.0
1606047854,8.0,17.0,9.0,8.0,20.2,52.0
1606047855,8.0,17.0,9.0,8.0,20.2,52.0
1606047856,8.0,17.0,9.0,8.0,20.2,52.0
1606047857,8.0,17.0,9.0,8.0,20.2,52.0
1606047858,8.0,16.0,9.0,8.0,20.2,51.9
1606047859,8.0,16.0,9.0,8.0,20.2,51.9
1606047860,8.0,16.0,9.0,8.0,20.2,51.9
1606047861,8.0,16.0,9.0,8.0,20.2,51.9
1606047862,8.0,16.0,9.0,8.0,20.2,51.9
1606047863,8.0,15.0,9.0,8.0,20.1,51.8
1606047864,8.0,15.0,9.0,8.0,20.1,51.8
1606047865,8.0,15.0,9.0,8.0,20.1,51.8
1606047866,8.0,15.0,9.0,8.0,20.1,51.8
1606047867,8.0,15.0,9.0,9.0,20.1,51.8
1606047868,8.0,15.0,9.0,9.0,20.2,52.0
1606047869,8.0,15.0,9.0,9.0,20.2,52.0
1606047870,8.0,15.0,9.0,9.0,20.2,52.0
1606047871,8.0,15.0,9.0,9.0,20.2,52.0
1606047872,8.0,15.0,9.0,10.0,20.2,52.0
1606047873,8.0,15.0,9.0,10.0,20.2,51.9
1606047874,8.0,15.0,9.0,10.0,20.2,51.9
1606047875,8.0,15.0,9.0,10.0,20.2,51.9
1606047876,8.0,15.0,9.0,9.0,20.2,51.9
1606047877,8.0,15.0,10.0,9.0,20.2,51.9
1606047878,9.0,15.0,10.0,9.0,20.2,51.9
1606047879,9.0,15.0,10.0,9.0,20.2,51.9
1606047880,9.0,15.0,10.0,8.0,20.2,51.9
1606047881,9.0,15.0,10.0,8.0,20.2,51.9
1606047882,9.0,16.0,10.0,8.0,20.2,51.9
1606047883,9.0,16.0,9.0,8.0,20.2,51.9
1606047884,9.0,16.0,9.0,8.0,20.2,51.9
1606047885,9.0,15.0,9.0,8.0,20.2,51.9
1606047886,9.0,15.0,9.0,8.0,20.2,51.9
1606047887,9.0,15.0,9.0,8.0,20.2,51.9
1606047888,9.0,15.0,10.0,8.0,20.2,51.9
1606047889,8.0,15.0,10.0,8.0,20.2,51.9
1606047890,8.0,15.0,10.0,8.0,20.2,51.9
1606047891,8.0,15.0,10.0,8.0,20.2,51.9
1606047892,8.0,14.0,10.0,8.0,20.2,51.9
1606047893,8.0,14.0,11.0,8.0,20.2,51.9
1606047894,8.0,15.0,10.0,8.0,20.2,51.9
1606047895,8.0,15.0,10.0,9.0,20.2,51.9
1606047896,8.0,15.0,10.0,9.0,20.2,51.9
1606047897,8.0,15.0,10.0,9.0,20.2,51.9
1606047898,8.0,15.0,10.0,9.0,20.2,51.9
1606047899,8.0,15.0,10.0,9.0,20.2,51.9
1606047900,8.0,15.0,10.0,9.0,20.2,51.9
1606047901,8.0,15.0,10.0,9.0,20.2,51.9
1606047902,8.0,15.0,10.0,9.0,20.2,51.9
1606047903,8.0,15.0,10.0,9.0,20.2,51.9
1606047904,8.0,15.0,10.0,9.0,20.2,51.9
1606047905,8.0,15.0,10.0,9.0,20.2,51.9
1606047906,8.0,15.0,10.0,9.0,20.2,51.9
1606047907,8.0,15.0,11.0,10.0,20.2,51.9
1606047908,8.0,15.0,11.0,10.0,20.2,52.0
1606047909,8.0,15.0,11.0,9.0,20.2,52.0
1606047910,8.0,15.0,11.0,9.0,20.2,52.0
1606047911,8.0,15.0,10.0,9.0,20.2,52.0
1606047912,8.0,15.0,10.0,9.0,20.2,52.0
1606047913,8.0,15.0,10.0,9.0,20.2,52.0
1606047914,8.0,15.0,10.0,9.0,20.2,52.0
1606047915,8.0,15.0,10.0,9.0,20.2,52.0
1606047916,8.0,15.0,10.0,9.0,20.2,52.0
1606047917,8.0,15.0,10.0,8.0,20.2,52.0
1606047918,8.0,15.0,9.0,8.0,20.2,52.0
1606047919,8.0,16.0,9.0,8.0,20.2,52.0
1606047920,8.0,16.0,9.0,8.0,20.2,52.0
1606047921,8.0,16.0,9.0,8.0,20.2,52.0
1606047922,8.0,16.0,9.0,8.0,20.2,52.0
1606047923,8.0,16.0,9.0,8.0,20.2,52.0
1606047924,8.0,16.0,9.0,8.0,20.2,52.0
1606047925,8.0,16.0,9.0,8.0,20.2,52.0
1606047926,8.0,16.0,9.0,8.0,20.2,52.0
1606047927,8.0,16.0,9.0,8.0,20.2,52.0
1606047928,8.0,16.0,9.0,8.0,20.2,52.0
1606047929,8.0,16.0,9.0,8.0,20.2,52.0
1606047930,8.0,16.0,9.0,8.0,20.2,52.0
1606047931,8.0,16.0,9.0,8.0,20.2,52.0
1606047932,8.0,16.0,9.0,8.0,20.2,52.0
1606047933,7.0,16.0,10.0,8.0,20.2,52.0
1606047934,7.0,16.0,10.0,8.0,20.2,52.0
1606047935,7.0,16.0,10.0,8.0,20.2,52.0
1606047936,7.0,16.0,10.0,9.0,20.2,52.0
1606047937,8.0,16.0,10.0,9.0,20.2,52.0
1606047938,8.0,16.0,10.0,9.0,20.2,52.0
1606047939,8.0,16.0,10.0,9.0,20.2,52.0
1606047940,8.0,16.0,10.0,9.0,20.2,52.0
1606047941,8.0,16.0,10.0,9.0,20.2,52.0
1606047942,8.0,16.0,10.0,9.0,20.2,52.0
1606047943,8.0,16.0,10.0,9.0,20.2,52.0
1606047944,8.0,16.0,10.0,9.0,20.2,52.0
1606047945,8.0,16.0,10.0,9.0,20.2,52.0
1606047946,8.0,16.0,10.0,9.0,20.2,52.0
1606047947,8.0,16.0,10.0,9.0,20.2,52.0
1606047948,8.0,16.0,10.0,9.0,20.2,52.0
1606047949,8.0,16.0,10.0,9.0,20.2,52.0
1606047950,8.0,16.0,10.0,8.0,20.2,52.0
1606047951,8.0,16.0,10.0,8.0,20.2,52.1
1606047952,8.0,16.0,10.0,8.0,20.2,52.1
1606047953,8.0,16.0,10.0,8.0,20.2,52.1
1606047954,8.0,16.0,10.0,8.0,20.2,52.1
1606047955,8.0,16.0,9.0,8.0,20.2,52.1
1606047956,8.0,16.0,9.0,8.0,20.2,52.0
1606047957,8.0,16.0,9.0,8.0,20.2,52.0
1606047958,8.0,16.0,9.0,8.0,20.2,52.0
1606047959,7.0,16.0,9.0,8.0,20.2,52.0
1606047960,7.0,16.0,10.0,8.0,20.2,52.0
1606047961,7.0,15.0,10.0,8.0,20.2,52.0
1606047962,7.0,15.0,10.0,8.0,20.2,52.0
1606047963,7.0,15.0,10.0,8.0,20.2,52.0
1606047964,7.0,15.0,11.0,8.0,20.2,52.0
1606047965,7.0,15.0,11.0,8.0,20.2,52.0
1606047966,7.0,15.0,11.0,8.0,20.2,52.1
1606047967,7.0,15.0,11.0,9.0,20.2,52.1
1606047968,7.0,15.0,11.0,9.0,20.2,52.1
1606047969,7.0,15.0,11.0,9.0,20.2,52.1
1606047970,7.0,15.0,11.0,9.0,20.2,52.1
1606047971,7.0,15.0,11.0,9.0,20.2,52.0
1606047972,7.0,15.0,11.0,9.0,20.2,52.0
1606047973,8.0,15.0,11.0,9.0,20.2,52.0
1606047974,8.0,15.0,11.0,9.0,20.2,52.0
1606047975,8.0,14.0,10.0,9.0,20.2,52.0
1606047976,8.0,14.0,10.0,9.0,20.2,52.1
1606047977,8.0,14.0,10.0,9.0,20.2,52.1
1606047978,8.0,14.0,10.0,9.0,20.2,52.1
1606047979,8.0,14.0,10.0,9.0,20.2,52.1
1606047980,8.0,15.0,10.0,9.0,20.2,52.1
1606047981,8.0,15.0,10.0,9.0,20.2,52.0
1606047982,8.0,15.0,10.0,9.0,20.2,52.0
1606047983,8.0,15.0,10.0,9.0,20.2,52.0
1606047984,8.0,15.0,10.0,9.0,20.2,52.0
1606047985,8.0,15.0,10.0,9.0,20.2,52.0
1606047986,8.0,15.0,10.0,9.0,20.2,52.0
1606047987,8.0,15.0,10.0,9.0,20.2,52.0
1606047988,8.0,15.0,10.0,8.0,20.2,52.0
1606047989,9.0,15.0,10.0,9.0,20.2,52.0
1606047990,9.0,15.0,10.0,9.0,20.2,52.0
1606047991,9.0,14.0,10.0,9.0,20.3,52.2
1606047992,8.0,14.0,10.0,9.0,20.3,52.2
1606047993,8.0,14.0,10.0,9.0,20.3,52.2
1606047994,8.0,14.0,10.0,9.0,20.3,52.2
1606047995,8.0,14.0,10.0,9.0,20.3,52.2
1606047996,8.0,14.0,10.0,9.0,20.2,52.0
1606047997,8.0,14.0,10.0,9.0,20.2,52.0
1606047998,8.0,14.0,10.0,9.0,20.2,52.0
1606047999,8.0,14.0,10.0,9.0,20.2,52.0
1606048000,8.0,14.0,10.0,9.0,20.2,52.0
1606048001,8.0,14.0,10.0,8.0,20.2,52.0
1606048002,8.0,14.0,10.0,8.0,20.2,52.0
1606048003,8.0,15.0,10.0,8.0,20.2,52.0
1606048004,8.0,15.0,10.0,8.0,20.2,52.0
1606048005,8.0,15.0,10.0,8.0,20.2,52.0
1606048006,8.0,15.0,10.0,8.0,20.2,52.0
1606048007,8.0,15.0,10.0,8.0,20.2,52.0
1606048008,8.0,15.0,10.0,8.0,20.2,52.0
1606048009,8.0,16.0,10.0,9.0,20.2,52.0
1606048010,8.0,16.0,10.0,9.0,20.2,52.0
1606048011,8.0,16.0,10.0,9.0,20.2,52.0
1606048012,8.0,16.0,10.0,9.0,20.2,52.0
1606048013,8.0,15.0,10.0,9.0,20.2,52.0
1606048014,8.0,15.0,10.0,9.0,20.2,52.0
1606048015,8.0,15.0,10.0,9.0,20.2,52.0
1606048016,8.0,15.0,10.0,10.0,20.3,52.0
1606048017,9.0,15.0,10.0,10.0,20.3,52.0
1606048018,8.0,15.0,9.0,10.0,20.3,52.0
1606048019,8.0,15.0,9.0,10.0,20.3,52.0
1606048020,8.0,15.0,9.0,10.0,20.3,52.0
1606048021,8.0,15.0,9.0,10.0,20.2,52.0
1606048022,8.0,15.0,9.0,10.0,20.2,52.0
1606048023,8.0,15.0,9.0,9.0,20.2,52.0
1606048024,8.0,14.0,8.0,9.0,20.2,52.0
1606048025,8.0,14.0,8.0,9.0,20.2,52.0
1606048026,8.0,14.0,8.0,9.0,20.2,52.0
1606048027,8.0,14.0,8.0,9.0,20.2,52.0
1606048028,8.0,14.0,8.0,9.0,20.2,52.0
1606048029,9.0,14.0,8.0,9.0,20.2,52.0
1606048030,9.0,14.0,8.0,9.0,20.2,52.0
1606048031,9.0,15.0,8.0,8.0,20.2,52.0
1606048032,9.0,15.0,9.0,8.0,20.2,52.0
1606048033,9.0,15.0,9.0,8.0,20.2,52.0
1606048034,9.0,15.0,9.0,8.0,20.2,52.0
1606048035,9.0,16.0,9.0,8.0,20.2,52.0
1606048036,9.0,16.0,10.0,8.0,20.2,52.0
1606048037,9.0,16.0,10.0,8.0,20.2,52.0
1606048038,9.0,16.0,10.0,8.0,20.2,52.0
1606048039,9.0,16.0,10.0,8.0,20.2,52.0
1606048040,9.0,16.0,10.0,8.0,20.2,52.0
1606048041,9.0,16.0,11.0,8.0,20.2,52.0
1606048042,9.0,16.0,11.0,8.0,20.2,52.0
1606048043,9.0,15.0,11.0,8.0,20.2,52.0
1606048044,9.0,15.0,11.0,8.0,20.2,52.0
1606048045,9.0,15.0,11.0,9.0,20.2,52.0
1606048046,9.0,14.0,11.0,9.0,20.2,52.0
1606048047,9.0,14.0,11.0,9.0,20.2,52.0
1606048048,10.0,14.0,11.0,9.0,20.2,52.0
1606048049,10.0,14.0,11.0,9.0,20.2,52.0
1606048050,10.0,14.0,10.0,9.0,20.2,52.0
1606048051,10.0,14.0,10.0,9.0,20.2,52.0
1606048052,10.0,14.0,10.0,9.0,20.2,52.0
1606048053,10.0,14.0,10.0,9.0,20.2,52.0
1606048054,10.0,14.0,10.0,8.0,20.2,52.0
1606048055,10.0,14.0,10.0,8.0,20.2,52.0
1606048056,10.0,14.0,10.0,8.0,20.3,52.1
1606048057,10.0,15.0,9.0,8.0,20.3,52.1
1606048058,10.0,15.0,9.0,9.0,20.3,52.1
1606048059,9.0,15.0,9.0,9.0,20.3,52.1
1606048060,9.0,15.0,9.0,9.0,20.3,52.1
1606048061,9.0,14.0,9.0,9.0,20.3,52.1
1606048062,9.0,14.0,9.0,9.0,20.3,52.1
1606048063,9.0,14.0,10.0,9.0,20.3,52.1
1606048064,9.0,14.0,10.0,9.0,20.3,52.1
1606048065,9.0,14.0,10.0,10.0,20.3,52.1
1606048066,9.0,14.0,10.0,8.0,20.2,52.0
1606048067,9.0,14.0,10.0,8.0,20.2,52.0
1606048068,9.0,14.0,11.0,8.0,20.2,52.0
1606048069,9.0,14.0,11.0,8.0,20.2,52.0
1606048070,9.0,14.0,11.0,8.0,20.2,52.0
1606048071,9.0,14.0,11.0,8.0,20.3,52.1
1606048072,9.0,14.0,11.0,8.0,20.3,52.1
1606048073,9.0,14.0,11.0,8.0,20.3,52.1
1606048074,9.0,14.0,11.0,9.0,20.3,52.1
1606048075,9.0,14.0,10.0,9.0,20.3,52.1
1606048076,9.0,14.0,10.0,9.0,20.2,52.0
1606048077,9.0,14.0,10.0,9.0,20.2,52.0
1606048078,9.0,14.0,10.0,9.0,20.2,52.0
1606048079,9.0,14.0,10.0,9.0,20.2,52.0
1606048080,9.0,14.0,10.0,9.0,20.2,52.0
1606048081,9.0,14.0,10.0,9.0,20.2,52.0
1606048082,9.0,14.0,10.0,9.0,20.2,52.0
1606048083,9.0,14.0,10.0,9.0,20.2,52.0
1606048084,9.0,15.0,10.0,9.0,20.2,52.0
1606048085,9.0,15.0,10.0,9.0,20.2,52.0
1606048086,9.0,15.0,10.0,9.0,20.3,52.1
1606048087,9.0,15.0,10.0,9.0,20.3,52.1
1606048088,9.0,15.0,10.0,9.0,20.3,52.1
1606048089,9.0,15.0,10.0,9.0,20.3,52.1
1606048090,8.0,15.0,10.0,9.0,20.3,52.1
1606048091,8.0,15.0,10.0,9.0,20.2,52.0
1606048092,8.0,15.0,11.0,9.0,20.2,52.0
1606048093,8.0,15.0,11.0,9.0,20.2,52.0
1606048094,8.0,15.0,11.0,9.0,20.2,52.0
1606048095,8.0,15.0,11.0,9.0,20.2,52.0
1606048096,8.0,15.0,10.0,9.0,20.3,52.1
1606048097,8.0,15.0,10.0,9.0,20.3,52.1
1606048098,8.0,15.0,10.0,9.0,20.3,52.1
1606048099,8.0,14.0,10.0,9.0,20.3,52.1
1606048100,8.0,14.0,10.0,9.0,20.3,52.1
1606048101,8.0,14.0,9.0,8.0,20.3,52.1
1606048102,8.0,14.0,9.0,8.0,20.3,52.1
1606048103,8.0,15.0,9.0,8.0,20.3,52.1
1606048104,8.0,15.0,8.0,8.0,20.3,52.1
1606048105,8.0,15.0,8.0,8.0,20.3,52.1
1606048106,8.0,15.0,8.0,8.0,20.2,52.0
1606048107,8.0,15.0,8.0,8.0,20.2,52.0
1606048108,8.0,15.0,8.0,8.0,20.2,52.0
1606048109,8.0,15.0,8.0,8.0,20.2,52.0
1606048110,9.0,15.0,8.0,9.0,20.2,52.0
1606048111,9.0,15.0,9.0,9.0,20.2,52.0
1606048112,9.0,15.0,9.0,9.0,20.2,52.0
1606048113,9.0,14.0,9.0,9.0,20.2,52.0
1606048114,9.0,14.0,9.0,9.0,20.2,52.0
1606048115,9.0,14.0,9.0,9.0,20.2,52.0
1606048116,9.0,14.0,9.0,9.0,20.2,52.0
1606048117,9.0,14.0,10.0,9.0,20.2,52.0
1606048118,9.0,14.0,10.0,9.0,20.2,52.0
1606048119,9.0,14.0,10.0,9.0,20.2,52.0
1606048120,9.0,15.0,10.0,9.0,20.2,52.0
1606048121,9.125,15.0,9.875,9.0,20.2,52.0
1606048122,9.25,15.0,9.75,9.0,20.2,52.0
1606048123,9.375,15.0,9.625,9.0,20.2,52.0
1606048124,9.5,15.0,9.5,9.0,20.2,52.0
1606048125,9.625,15.0,9.375,9.0,20.2,52.0
1606048126,9.75,15.0,9.25,9.0,20.2,52.0
1606048127,9.875,15.0,9.125,9.0,20.2,52.0
1606048128,10.0,15.0,9.0,9.0,20.2,52.0
1606048129,10.0,15.0,9.0,9.0,20.2,52.0
1606048130,10.0,15.0,9.0,9.0,20.2,52.0
1606048131,10.0,15.0,9.0,9.0,20.2,52.0
1606048132,10.0,16.0,9.0,9.0,20.2,52.0
1606048133,10.0,16.0,9.0,9.0,20.2,52.0
1606048134,10.0,15.0,9.0,9.0,20.2,52.0
1606048135,10.0,15.0,9.0,9.0,20.2,52.0
1606048136,10.0,15.0,9.0,9.0,20.2,52.0
1606048137,10.0,15.0,9.0,9.0,20.2,52.0
1606048138,10.0,15.0,9.0,10.0,20.2,52.0
1606048139,9.0,15.0,9.0,10.0,20.2,52.0
1606048140,9.0,15.0,9.0,10.0,20.2,52.0
1606048141,9.0,15.0,9.0,10.0,20.2,52.0
1606048142,8.0,15.0,9.0,10.0,20.2,52.0
1606048143,8.0,15.0,9.0,10.0,20.2,52.0
1606048144,8.0,15.0,9.0,10.0,20.2,52.0
1606048145,8.0,15.0,9.0,10.0,20.2,52.0
1606048146,8.0,15.0,9.0,9.0,20.2,52.0
1606048147,8.0,15.0,9.0,9.0,20.2,52.0
1606048148,8.0,15.0,9.0,9.0,20.3,52.1
1606048149,8.0,15.0,9.0,9.0,20.3,52.1
1606048150,8.0,16.0,9.0,9.0,20.3,52.1
1606048151,8.0,16.0,10.0,9.0,20.3,52.1
1606048152,8.0,16.0,9.0,9.0,20.3,52.1
1606048153,9.0,16.0,9.0,9.0,20.2,51.9
1606048154,9.0,15.0,10.0,9.0,20.2,51.9
1606048155,9.0,15.0,10.0,9.0,20.2,51.9
1606048156,9.0,15.0,10.0,9.0,20.2,51.9
1606048157,9.0,15.0,10.0,9.0,20.2,51.9
1606048158,9.0,15.0,10.0,9.0,20.2,51.8
1606048159,9.0,15.0,10.0,9.0,20.2,51.8
1606048160,9.0,15.0,10.0,9.0,20.2,51.8
1606048161,9.0,15.0,10.0,9.0,20.2,51.8
1606048162,9.0,15.0,10.0,9.0,20.2,51.8
1606048163,9.0,15.0,9.0,9.0,20.3,51.9
1606048164,9.0,15.0,9.0,9.0,20.3,51.9
1606048165,9.0,15.0,9.0,9.0,20.3,51.9
1606048166,9.0,15.0,9.0,9.0,20.3,51.9
1606048167,9.0,14.0,9.0,9.0,20.3,51.9
1606048168,9.0,14.0,9.0,8.0,20.2,51.7
1606048169,9.0,14.0,9.0,8.0,20.2,51.7
1606048170,9.0,14.0,9.0,8.0,20.2,51.7
1606048171,9.0,14.0,9.0,8.0,20.2,51.7
1606048172,9.0,14.0,9.0,8.0,20.2,51.7
1606048173,9.0,13.0,9.0,8.0,20.3,51.8
1606048174,9.0,14.0,9.0,8.0,20.3,51.8
1606048175,9.0,14.0,9.0,8.0,20.3,51.8
1606048176,9.0,14.0,9.0,8.0,20.3,51.8
1606048177,9.0,14.0,9.0,8.0,20.3,51.8
1606048178,9.0,14.0,9.0,8.0,20.2,51.7
1606048179,9.0,14.0,9.0,9.0,20.2,51.7
1606048180,9.0,14.0,9.0,9.0,20.2,51.7
1606048181,9.0,15.0,8.0,8.0,20.2,51.7
1606048182,9.0,15.0,8.0,9.0,20.2,51.7
1606048183,9.0,15.0,8.0,9.0,20.2,51.7
1606048184,9.0,15.0,8.0,9.0,20.2,51.7
1606048185,9.0,15.0,8.0,9.0,20.2,51.7
1606048186,9.0,15.0,8.0,9.0,20.2,51.7
1606048187,9.0,15.0,8.0,9.0,20.2,51.7
1606048188,9.0,15.0,9.0,9.0,20.2,51.7
1606048189,9.0,16.0,9.0,9.0,20.2,51.7
1606048190,9.0,16.0,9.0,9.0,20.2,51.7
1606048191,9.0,16.0,9.0,9.0,20.2,51.7
1606048192,9.0,16.0,10.0,9.0,20.2,51.7
1606048193,9.0,15.0,10.0,9.0,20.2,51.7
1606048194,9.0,15.0,10.0,9.0,20.2,51.7
1606048195,9.0,15.0,10.0,9.0,20.2,51.7
1606048196,8.0,15.0,10.0,9.0,20.2,51.7
1606048197,8.0,15.0,10.0,9.0,20.2,51.7
1606048198,8.0,15.0,11.0,9.0,20.2,51.7
1606048199,8.0,15.0,11.0,9.0,20.2,51.7
1606048200,8.0,15.0,11.0,9.0,20.2,51.7
1606048201,8.0,15.0,11.0,10.0,20.2,51.7
1606048202,8.0,14.0,10.0,10.0,20.2,51.7
1606048203,8.0,14.0,10.0,10.0,20.2,51.7
1606048204,8.0,14.0,10.0,10.0,20.2,51.7
1606048205,8.0,14.0,9.0,10.0,20.2,51.7
1606048206,8.0,14.0,9.0,9.0,20.2,51.7
1606048207,8.0,14.0,9.0,9.0,20.2,51.7
1606048208,8.0,14.0,9.0,9.0,20.2,51.7
1606048209,8.0,14.0,9.0,9.0,20.2,51.7
1606048210,8.0,14.0,9.0,9.0,20.2,51.7
1606048211,8.0,14.0,8.0,9.0,20.2,51.7
1606048212,8.0,14.0,8.0,9.0,20.2,51.7
1606048213,8.0,14.0,8.0,9.0,20.2,51.8
1606048214,8.0,14.0,8.0,9.0,20.2,51.8
1606048215,8.0,14.0,8.0,9.0,20.2,51.8
1606048216,8.0,14.0,8.0,9.0,20.2,51.8
1606048217,8.0,14.0,8.0,9.0,20.2,51.8
1606048218,8.0,14.0,9.0,9.0,20.2,51.7
1606048219,8.0,14.0,9.0,9.0,20.2,51.7
1606048220,8.0,14.0,9.0,9.0,20.2,51.7
1606048221,8.0,14.0,9.0,9.0,20.2,51.7
1606048222,8.0,15.0,9.0,9.0,20.2,51.7
1606048223,8.0,15.0,9.0,9.0,20.2,51.8
1606048224,8.0,15.0,9.0,9.0,20.2,51.8
1606048225,8.0,15.0,9.0,9.0,20.2,51.8
1606048226,8.0,15.0,9.0,9.0,20.2,51.8
1606048227,8.0,15.0,9.0,9.0,20.2,51.8
1606048228,8.0,15.0,9.0,9.0,20.2,51.8
1606048229,8.0,14.0,9.0,9.0,20.2,51.8
1606048230,8.0,14.0,9.0,9.0,20.2,51.8
1606048231,8.0,14.0,10.0,9.0,20.2,51.8
1606048232,8.0,14.0,10.0,9.0,20.2,51.8
1606048233,8.0,14.0,10.0,8.0,20.2,51.8
1606048234,8.0,14.0,10.0,8.0,20.2,51.8
1606048235,8.0,14.0,10.0,8.0,20.2,51.8
1606048236,8.0,14.0,10.0,8.0,20.2,51.8
1606048237,8.0,14.0,10.0,8.0,20.2,51.8
1606048238,8.0,14.0,9.0,8.0,20.2,51.8
1606048239,8.0,13.0,9.0,8.0,20.2,51.8
1606048240,8.0,13.0,9.0,8.0,20.2,51.8
1606048241,8.0,13.0,9.0,8.0,20.2,51.8
1606048242,8.0,13.0,9.0,8.0,20.2,51.8
1606048243,8.0,13.0,9.0,8.0,20.2,51.8
1606048244,8.0,13.0,9.0,8.0,20.2,51.8
1606048245,8.0,13.0,9.0,8.0,20.2,51.8
1606048246,8.0,13.0,8.0,8.0,20.2,51.8
1606048247,8.0,13.0,8.0,8.0,20.2,51.8
1606048248,8.0,13.0,8.0,8.0,20.2,51.8
1606048249,8.0,13.0,8.0,8.0,20.2,51.8
1606048250,8.0,13.0,9.0,8.0,20.2,51.8
1606048251,8.0,13.0,9.0,9.0,20.2,51.8
1606048252,8.0,13.0,9.0,9.0,20.2,51.8
1606048253,8.0,14.0,9.0,9.0,20.1,51.7
1606048254,8.0,14.0,9.0,9.0,20.1,51.7
1606048255,9.0,14.0,9.0,9.0,20.1,51.7
1606048256,9.0,14.0,9.0,9.0,20.1,51.7
1606048257,9.0,14.0,9.0,9.0,20.1,51.7
1606048258,9.0,14.0,9.0,8.0,20.2,51.8
1606048259,9.0,14.0,9.0,9.0,20.2,51.8
1606048260,9.0,14.0,9.0,9.0,20.2,51.8
1606048261,9.0,14.0,9.0,8.0,20.2,51.8
1606048262,9.0,14.0,9.0,8.0,20.2,51.8
1606048263,9.0,14.0,9.0,8.0,20.2,51.8
1606048264,9.0,14.0,9.0,8.0,20.2,51.8
1606048265,9.0,14.0,9.0,8.0,20.2,51.8
1606048266,9.0,14.0,9.0,8.0,20.2,51.8
1606048267,9.0,14.0,8.0,8.0,20.2,51.8
1606048268,9.0,14.0,8.0,8.0,20.2,51.8
1606048269,8.0,14.0,9.0,8.0,20.2,51.8
1606048270,8.0,14.0,8.0,8.0,20.2,51.8
1606048271,8.0,14.0,8.0,8.0,20.2,51.8
1606048272,8.0,14.0,9.0,8.0,20.2,51.8
1606048273,8.0,14.0,9.0,8.0,20.2,51.8
1606048274,8.0,14.0,8.0,8.0,20.2,51.8
1606048275,8.0,14.0,9.0,8.0,20.2,51.8
1606048276,8.0,14.0,9.0,8.0,20.2,51.8
1606048277,8.0,14.0,9.0,8.0,20.2,51.8
1606048278,8.0,14.0,9.0,8.0,20.2,51.8
1606048279,8.0,15.0,9.0,8.0,20.2,51.8
1606048280,8.0,15.0,10.0,8.0,20.2,51.8
1606048281,8.0,15.0,10.0,9.0,20.2,51.8
1606048282,8.0,15.0,10.0,9.0,20.2,51.8
1606048283,8.0,15.0,10.0,9.0,20.2,51.8
1606048284,8.0,15.0,10.0,9.0,20.2,51.8
1606048285,8.0,15.0,10.0,9.0,20.2,51.8
1606048286,8.0,15.0,10.0,9.0,20.2,51.8
1606048287,8.0,15.0,10.0,9.0,20.2,51.8
1606048288,8.0,15.0,10.0,9.0,20.2,51.8
1606048289,8.0,15.0,10.0,8.0,20.2,51.8
1606048290,8.0,15.0,9.0,8.0,20.2,51.8
1606048291,8.0,15.0,9.0,8.0,20.2,51.8
1606048292,8.0,15.0,9.0,8.0,20.2,51.8
1606048293,8.0,14.0,9.0,8.0,20.2,51.8
1606048294,8.0,14.0,9.0,8.0,20.2,51.8
1606048295,8.0,14.0,9.0,8.0,20.2,51.8
1606048296,8.0,15.0,9.0,8.0,20.2,51.8
1606048297,9.0,15.0,9.0,8.0,20.2,51.8
1606048298,9.0,15.0,9.0,8.0,20.2,51.8
1606048299,9.0,15.0,9.0,8.0,20.2,51.8
1606048300,9.0,15.0,9.0,8.0,20.2,51.8
1606048301,9.0,15.0,9.0,8.0,20.2,51.8
1606048302,9.0,15.0,9.0,8.0,20.2,51.8
1606048303,9.0,16.0,9.0,8.0,20.2,51.7
1606048304,9.0,16.0,9.0,8.0,20.2,51.7
1606048305,9.0,16.0,9.0,9.0,20.2,51.7
1606048306,9.0,16.0,9.0,9.0,20.2,51.7
1606048307,9.0,16.0,9.0,9.0,20.2,51.7
1606048308,9.0,16.0,9.0,9.0,20.2,51.6
1606048309,9.0,16.0,9.0,9.0,20.2,51.6
1606048310,8.0,16.0,8.0,9.0,20.2,51.6
1606048311,8.0,16.0,9.0,9.0,20.2,51.6
1606048312,8.0,16.0,9.0,9.0,20.2,51.6
1606048313,8.0,16.0,9.0,9.0,20.2,51.6
1606048314,8.0,16.0,9.0,10.0,20.2,51.6
1606048315,8.0,16.0,9.0,9.0,20.2,51.6
1606048316,8.0,16.0,9.0,9.0,20.2,51.6
1606048317,8.0,16.0,9.0,9.0,20.2,51.6
1606048318,8.0,16.0,10.0,9.0,20.2,51.6
1606048319,8.0,16.0,10.0,9.0,20.2,51.6
1606048320,8.0,16.0,10.0,9.0,20.2,51.6
1606048321,8.0,16.0,10.0,9.0,20.2,51.6
1606048322,8.0,17.0,10.0,9.0,20.2,51.6
1606048323,8.0,17.0,10.0,9.0,20.2,51.6
1606048324,8.0,16.0,10.0,9.0,20.2,51.6
1606048325,8.0,16.0,10.0,9.0,20.2,51.6
1606048326,8.0,16.0,10.0,9.0,20.2,51.6
1606048327,8.0,16.0,10.0,9.0,20.2,51.6
1606048328,7.888888888888889,15.88888888888889,10.0,8.88888888888889,20.2,51.58888888888889
1606048329,7.777777777777778,15.77777777777778,10.0,8.777777777777779,20.2,51.577777777777776
1606048330,7.666666666666667,15.666666666666666,10.0,8.666666666666666,20.2,51.56666666666667
1606048331,7.555555555555555,15.555555555555555,10.0,8.555555555555555,20.2,51.55555555555556
1606048332,7.444444444444445,15.444444444444445,10.0,8.444444444444445,20.2,51.54444444444445
1606048333,7.333333333333333,15.333333333333334,10.0,8.333333333333334,20.2,51.53333333333333
1606048334,7.222222222222222,15.22222222222222,10.0,8.222222222222221,20.2,51.52222222222223
1606048335,7.111111111111111,15.11111111111111,10.0,8.11111111111111,20.2,51.51111111111111
1606048336,7.0,15.0,10.0,8.0,20.2,51.5
1606048337,7.0,15.0,10.0,8.0,20.2,51.5
1606048338,8.0,15.0,10.0,8.0,20.2,51.5
1606048339,8.0,15.0,10.0,8.0,20.2,51.5
1606048340,8.0,14.0,10.0,8.0,20.2,51.5
1606048341,8.0,14.0,10.0,8.0,20.2,51.6
1606048342,8.0,14.0,11.0,8.0,20.2,51.6
1606048343,8.0,15.0,11.0,8.0,20.2,51.6
1606048344,8.0,15.0,11.0,8.0,20.2,51.6
1606048345,8.0,15.0,11.0,8.0,20.2,51.6
1606048346,8.0,15.0,11.0,8.0,20.2,51.4
1606048347,8.0,16.0,11.0,8.0,20.2,51.4
1606048348,9.0,16.0,11.0,8.0,20.2,51.4
1606048349,9.0,16.0,11.0,8.0,20.2,51.4
1606048350,9.0,16.0,11.0,8.0,20.2,51.4
1606048351,9.0,16.0,10.0,8.0,20.2,51.4
1606048352,9.0,16.0,10.0,8.0,20.2,51.4
1606048353,9.0,16.0,10.0,8.0,20.2,51.4
1606048354,9.0,15.0,10.0,8.0,20.2,51.4
1606048355,10.0,15.0,9.0,8.0,20.2,51.4
1606048356,10.0,15.0,9.0,8.0,20.2,51.4
1606048357,10.0,15.0,9.0,8.0,20.2,51.4
1606048358,10.0,15.0,9.0,8.0,20.2,51.4
1606048359,10.0,15.0,9.0,8.0,20.2,51.4
1606048360,10.0,15.0,8.0,8.0,20.2,51.4
1606048361,10.0,15.0,8.0,8.0,20.2,51.6
1606048362,9.0,15.0,8.0,8.0,20.2,51.6
1606048363,9.0,15.0,8.0,8.0,20.2,51.6
1606048364,9.0,15.0,8.0,8.0,20.2,51.6
1606048365,9.0,15.0,9.0,8.0,20.2,51.6
1606048366,9.0,15.0,9.0,8.0,20.2,51.4
1606048367,8.0,15.0,9.0,8.0,20.2,51.4
1606048368,8.0,16.0,9.0,8.0,20.2,51.4
1606048369,8.0,16.0,9.0,8.0,20.2,51.4
1606048370,8.0,16.0,9.0,9.0,20.2,51.4
1606048371,8.0,16.0,9.0,9.0,20.2,51.4
1606048372,8.0,15.0,9.0,9.0,20.2,51.4
1606048373,8.0,15.0,9.0,9.0,20.2,51.4
1606048374,8.0,15.0,9.0,10.0,20.2,51.4
1606048375,8.0,15.0,9.0,10.0,20.2,51.4
1606048376,8.0,15.0,9.0,10.0,20.2,51.4
1606048377,8.0,14.0,10.0,10.0,20.2,51.4
1606048378,8.0,14.0,9.0,10.0,20.2,51.4
1606048379,8.0,14.0,9.0,10.0,20.2,51.4
1606048380,8.0,14.0,9.0,10.0,20.2,51.4
1606048381,8.0,14.0,9.0,10.0,20.2,51.4
1606048382,8.0,14.0,9.0,10.0,20.2,51.4
1606048383,8.0,15.0,9.0,9.0,20.2,51.4
1606048384,8.0,15.0,8.0,9.0,20.2,51.4
1606048385,9.0,15.0,8.0,9.0,20.2,51.4
1606048386,9.0,15.0,8.0,9.0,20.2,51.4
1606048387,9.0,15.0,8.0,9.0,20.2,51.4
1606048388,9.0,15.0,8.0,9.0,20.2,51.4
1606048389,9.0,15.0,8.0,9.0,20.2,51.4
1606048390,9.0,15.0,8.0,9.0,20.2,51.4
1606048391,9.0,15.0,8.0,9.0,20.2,50.9
1606048392,9.0,15.0,8.0,9.0,20.2,50.9
1606048393,9.0,15.0,8.0,9.0,20.2,50.9
1606048394,9.0,15.0,8.0,9.0,20.2,50.9
1606048395,9.0,14.0,8.0,9.0,20.2,50.9
1606048396,9.0,14.0,8.0,9.0,20.3,51.5
1606048397,9.0,15.0,8.0,9.0,20.3,51.5
1606048398,9.0,15.0,9.0,9.0,20.3,51.5
1606048399,9.0,15.0,9.0,9.0,20.3,51.5
1606048400,9.0,15.0,9.0,9.0,20.3,51.5
1606048401,9.0,15.0,9.0,9.0,20.3,51.5
1606048402,9.0,16.0,9.0,9.0,20.3,51.5
1606048403,9.0,15.0,9.0,9.0,20.3,51.5
1606048404,9.0,15.0,9.0,9.0,20.3,51.5
1606048405,9.0,15.0,9.0,9.0,20.3,51.5
1606048406,9.0,15.0,9.0,9.0,20.2,51.4
1606048407,9.0,14.0,9.0,9.0,20.2,51.4
1606048408,9.0,14.0,9.0,9.0,20.2,51.4
1606048409,9.0,14.0,9.0,9.0,20.2,51.4
1606048410,9.0,14.0,9.0,9.0,20.2,51.4
1606048411,9.0,14.0,9.0,9.0,20.3,51.5
1606048412,9.0,15.0,9.0,9.0,20.3,51.5
1606048413,9.0,15.0,9.0,9.0,20.3,51.5
1606048414,8.0,15.0,9.0,9.0,20.3,51.5
1606048415,8.0,15.0,9.0,9.0,20.3,51.5
1606048416,8.0,15.0,10.0,8.0,20.2,51.4
1606048417,8.0,15.0,10.0,8.0,20.2,51.4
1606048418,8.0,15.0,10.0,8.0,20.2,51.4
1606048419,8.0,15.0,10.0,8.0,20.2,51.4
1606048420,8.0,15.0,10.0,8.0,20.2,51.4
1606048421,8.0,14.0,11.0,8.0,20.2,51.4
1606048422,8.0,14.0,11.0,8.0,20.2,51.4
1606048423,8.0,14.0,11.0,8.0,20.2,51.4
1606048424,8.0,14.0,11.0,8.0,20.2,51.4
1606048425,8.0,15.0,10.0,8.0,20.2,51.4
1606048426,8.0,15.0,10.0,8.0,20.2,51.4
1606048427,8.0,15.0,10.0,8.0,20.2,51.4
1606048428,8.0,15.0,10.0,8.0,20.2,51.4
1606048429,8.0,15.0,9.0,8.0,20.2,51.4
1606048430,8.0,15.0,9.0,8.0,20.2,51.4
1606048431,8.0,15.0,9.0,8.0,20.2,51.4
1606048432,8.0,15.0,9.0,8.0,20.2,51.4
1606048433,8.0,15.0,9.0,9.0,20.2,51.4
1606048434,8.0,15.0,8.0,9.0,20.2,51.4
1606048435,9.0,15.0,8.0,9.0,20.2,51.4
1606048436,9.0,15.0,8.0,9.0,20.2,51.5
1606048437,9.0,15.0,8.0,10.0,20.2,51.5
1606048438,9.0,15.0,8.0,10.0,20.2,51.5
1606048439,9.0,15.0,8.0,10.0,20.2,51.5
1606048440,9.0,15.0,8.0,10.0,20.2,51.5
1606048441,9.0,14.0,8.0,10.0,20.2,51.6
1606048442,9.0,14.0,9.0,10.0,20.2,51.6
1606048443,9.0,14.0,9.0,10.0,20.2,51.6
1606048444,9.0,14.0,9.0,10.0,20.2,51.6
1606048445,8.0,14.0,9.0,10.0,20.2,51.6
1606048446,8.0,14.0,9.0,10.0,20.2,51.6
1606048447,8.0,14.0,9.0,9.0,20.2,51.6
1606048448,9.0,13.0,9.0,9.0,20.2,51.6
1606048449,9.0,14.0,9.0,9.0,20.2,51.6
1606048450,9.0,14.0,9.0,9.0,20.2,51.6
1606048451,9.0,14.0,9.0,9.0,20.3,51.7
1606048452,9.0,14.0,9.0,9.0,20.3,51.7
1606048453,9.0,14.0,9.0,9.0,20.3,51.7
1606048454,9.0,14.0,9.0,9.0,20.3,51.7
1606048455,9.0,14.0,9.0,9.0,20.3,51.7
1606048456,9.0,14.0,9.0,9.0,20.3,51.7
1606048457,9.0,15.0,9.0,9.0,20.3,51.7
1606048458,9.0,15.0,9.0,9.0,20.3,51.7
1606048459,9.0,15.0,9.0,9.0,20.3,51.7
1606048460,9.0,15.0,9.0,9.0,20.3,51.7
1606048461,9.0,14.0,9.0,8.0,20.3,51.7
1606048462,9.0,14.0,9.0,8.0,20.3,51.7
1606048463,9.0,14.0,9.0,8.0,20.3,51.7
1606048464,9.0,14.0,9.0,9.0,20.3,51.7
1606048465,9.0,14.0,9.0,9.0,20.3,51.7
1606048466,9.0,14.0,9.0,9.0,20.3,51.7
1606048467,9.0,13.0,9.0,9.0,20.2,51.7
1606048468,9.0,13.0,10.0,9.0,20.2,51.7
1606048469,9.0,13.0,10.0,9.0,20.2,51.7
1606048470,9.0,12.0,10.0,9.0,20.2,51.7
1606048471,9.0,12.0,11.0,9.0,20.2,51.7
1606048472,9.0,12.0,11.0,9.0,20.2,51.7
1606048473,9.0,12.0,11.0,9.0,20.2,51.7
1606048474,9.0,12.0,11.0,9.0,20.2,51.7
1606048475,9.0,12.0,11.0,9.0,20.2,51.7
1606048476,9.0,12.0,11.0,10.0,20.2,51.7
1606048477,9.0,11.0,11.0,10.0,20.2,51.7
1606048478,9.0,11.0,10.0,10.0,20.2,51.7
1606048479,9.0,12.0,10.0,9.0,20.2,51.7
1606048480,9.0,12.0,10.0,9.0,20.2,51.7
1606048481,8.0,12.0,10.0,9.0,20.2,51.7
1606048482,8.0,12.0,10.0,9.0,20.2,51.7
1606048483,8.0,12.0,9.0,9.0,20.2,51.7
1606048484,8.0,12.0,9.0,9.0,20.2,51.7
1606048485,8.0,12.0,9.0,9.0,20.2,51.7
1606048486,8.0,12.0,9.0,9.0,20.2,51.7
1606048487,8.0,12.0,9.0,9.0,20.2,51.7
1606048488,8.0,12.0,9.0,9.0,20.2,51.7
1606048489,8.0,12.0,9.0,9.0,20.2,51.7
1606048490,8.0,12.0,9.0,9.0,20.2,51.7
1606048491,8.0,12.0,9.0,9.0,20.2,51.7
1606048492,9.0,12.0,9.0,9.0,20.2,51.6
1606048493,9.0,12.0,9.0,9.0,20.2,51.6
1606048494,9.0,12.0,9.0,9.0,20.2,51.6
1606048495,9.0,12.0,9.0,9.0,20.2,51.6
1606048496,9.0,12.0,10.0,9.0,20.2,51.6
1606048497,9.0,12.0,10.0,9.0,20.2,51.6
1606048498,9.0,12.0,10.0,9.0,20.2,51.6
1606048499,9.0,12.0,10.0,9.0,20.2,51.6
1606048500,9.0,12.0,10.0,9.0,20.2,51.6
1606048501,9.0,12.0,10.0,9.0,20.2,51.6
1606048502,9.0,12.0,10.0,9.0,20.2,51.6
1606048503,9.0,13.0,10.0,9.0,20.2,51.6
1606048504,9.0,13.0,10.0,9.0,20.2,51.6
1606048505,9.0,13.0,9.0,9.0,20.2,51.6
1606048506,9.0,14.0,9.0,9.0,20.2,51.6
1606048507,9.0,14.0,9.0,9.0,20.2,51.6
1606048508,9.0,14.0,9.0,9.0,20.2,51.6
1606048509,9.0,14.0,9.0,9.0,20.2,51.6
1606048510,9.0,14.0,8.0,9.0,20.2,51.6
1606048511,9.0,14.0,8.0,9.0,20.2,51.6
1606048512,9.0,14.0,8.0,9.0,20.2,51.6
1606048513,9.0,14.0,9.0,9.0,20.2,51.6
1606048514,9.0,14.0,9.0,8.0,20.2,51.6
1606048515,9.0,14.0,9.0,8.0,20.2,51.6
1606048516,9.0,14.0,9.0,8.0,20.2,51.6
1606048517,9.0,13.0,9.0,8.0,20.2,51.6
1606048518,9.0,13.0,9.0,8.0,20.2,51.6
1606048519,9.0,13.0,9.0,8.0,20.2,51.6
1606048520,9.0,13.0,9.0,8.0,20.2,51.6
1606048521,9.0,13.0,8.0,8.0,20.2,51.6
1606048522,8.0,13.0,8.0,9.0,20.2,51.6
1606048523,8.0,13.0,8.0,9.0,20.2,51.6
1606048524,8.0,13.0,8.0,9.0,20.2,51.6
1606048525,8.0,13.0,8.0,9.0,20.2,51.6
1606048526,8.0,13.0,8.0,9.0,20.2,51.6
1606048527,8.0,13.0,8.0,9.0,20.2,51.6
1606048528,8.0,13.0,8.0,9.0,20.2,51.6
1606048529,8.0,13.0,8.0,9.0,20.2,51.6
1606048530,8.0,13.0,9.0,9.0,20.2,51.6
1606048531,9.0,13.0,9.0,9.0,20.2,51.6
1606048532,9.0,13.0,9.0,9.0,20.2,51.5
1606048533,9.0,13.0,9.0,9.0,20.2,51.5
1606048534,9.0,13.0,9.0,9.0,20.2,51.5
1606048535,9.0,13.0,9.0,9.0,20.2,51.5
1606048536,9.0,13.0,9.0,9.0,20.2,51.5
1606048537,9.0,13.0,9.0,9.0,20.2,51.5
1606048538,9.0,13.0,9.0,9.0,20.2,51.5
1606048539,9.0,13.0,9.0,9.0,20.2,51.5
1606048540,9.0,13.0,9.0,9.0,20.2,51.5
1606048541,9.0,13.0,9.0,9.0,20.2,51.5
1606048542,9.0,13.0,9.0,9.0,20.2,51.5
1606048543,9.0,13.0,9.0,9.0,20.2,51.5
1606048544,9.0,13.0,9.0,9.0,20.2,51.5
1606048545,8.0,13.0,9.0,9.0,20.2,51.5
1606048546,8.0,13.0,9.0,9.0,20.2,51.5
1606048547,8.0,13.0,9.0,9.0,20.2,51.5
1606048548,8.0,13.0,9.0,9.0,20.2,51.5
1606048549,8.0,13.0,9.0,9.0,20.2,51.5
1606048550,8.0,13.0,9.0,9.0,20.2,51.5
1606048551,8.0,13.0,9.0,9.0,20.2,51.5
1606048552,8.0,13.0,9.0,9.0,20.2,51.5
1606048553,8.0,13.0,10.0,8.0,20.2,51.5
1606048554,9.0,13.0,10.0,8.0,20.2,51.5
1606048555,9.0,13.0,10.0,8.0,20.2,51.5
1606048556,9.0,13.0,10.0,8.0,20.2,51.5
1606048557,9.0,13.0,10.0,8.0,20.2,51.5
1606048558,9.0,13.0,10.0,8.0,20.2,51.5
1606048559,9.0,13.0,10.0,8.0,20.2,51.5
