timestamp,pm25,pm25_0,pm25_1,pm25_2,pm25_3,cal_pm25_0,cal_pm25_1,cal_pm25_2,cal_pm25_3
1604192400,26.0,66.66666666666667,0.0,85.0,45.0,31.175837,25.828362,46.026196,31.573908
1604192401,26.00027777777778,66.81481481481481,0.0,85.0,45.0,27.51958,25.828362,46.026196,31.573908
1604192402,26.000555555555554,66.96296296296296,0.0,85.0,45.0,27.51958,25.828362,46.026196,31.573908
1604192403,26.000833333333333,67.11111111111111,0.0,85.0,45.0,27.51958,25.828362,46.026196,31.573908
1604192404,26.00111111111111,67.25925925925925,0.0,85.0,45.0,27.51958,25.828362,46.026196,31.573908
1604192405,26.00138888888889,67.4074074074074,0.0,85.0,45.0,27.51958,25.828362,46.026196,31.573908
1604192406,26.001666666666665,67.55555555555556,0.0,85.0,45.0,28.9904,25.828362,46.026196,31.573908
1604192407,26.001944444444444,67.70370370370371,0.0,85.0,45.0,28.9904,25.828362,46.026196,31.573908
1604192408,26.002222222222223,67.85185185185185,0.0,85.0,45.0,28.9904,25.828362,46.026196,31.573908
1604192409,26.0025,68.0,0.0,85.0,45.0,29.653723,25.828362,46.026196,31.573908
1604192410,26.002777777777776,67.0,0.0,85.0,45.0,27.51958,25.828362,46.026196,31.573908
1604192411,26.003055555555555,67.0,0.0,85.0,45.0,27.51958,25.828362,46.026196,31.573908
1604192412,26.003333333333334,67.0,0.0,85.0,45.0,27.51958,25.828362,46.026196,31.573908
1604192413,26.003611111111113,66.0,0.0,86.0,45.0,31.175837,25.828362,42.85742,31.573908
1604192414,26.003888888888888,66.0,0.0,86.0,46.0,31.175837,25.828362,42.85742,31.55322
1604192415,26.004166666666666,66.0,0.0,86.0,46.0,31.175837,25.828362,42.85742,31.55322
1604192416,26.004444444444445,66.0,0.0,87.0,47.0,31.175837,25.828362,38.898296,28.688797
1604192417,26.004722222222224,66.0,0.0,87.0,47.0,31.175837,25.828362,38.898296,28.688797
1604192418,26.005,66.0,0.0,86.0,47.0,31.175837,25.828362,42.85742,28.688797
1604192419,26.005277777777778,66.0,0.0,86.0,47.0,31.175837,25.828362,42.85742,28.688797
1604192420,26.005555555555556,66.0,0.0,84.0,48.0,31.175837,25.828362,47.926147,30.334219
1604192421,26.00583333333333,67.0,0.0,83.0,48.0,27.51958,25.828362,47.861263,30.334219
1604192422,26.00611111111111,67.0,0.0,80.0,48.0,27.51958,25.828362,44.84015,30.334219
1604192423,26.00638888888889,67.0,0.0,78.0,48.0,27.51958,25.828362,44.718513,30.334219
1604192424,26.006666666666668,67.0,0.0,76.0,48.0,27.51958,25.828362,46.124573,30.334219
1604192425,26.006944444444443,67.0,0.0,74.0,48.0,27.51958,25.828362,42.998123,30.334219
1604192426,26.00722222222222,67.0,0.0,72.0,48.0,27.51958,25.828362,33.152107,30.334219
1604192427,26.0075,67.0,0.0,72.0,48.0,27.51958,25.828362,33.152107,30.334219
1604192428,26.00777777777778,67.0,0.0,71.0,48.0,27.51958,25.828362,31.96678,30.334219
1604192429,26.008055555555554,67.0,0.0,70.0,49.0,27.51958,25.828362,32.564823,31.188297
1604192430,26.008333333333333,67.0,0.0,70.0,49.0,27.51958,25.828362,32.564823,31.188297
1604192431,26.00861111111111,67.0,0.0,70.0,49.0,27.51958,25.828362,32.564823,31.188297
1604192432,26.00888888888889,67.0,0.0,70.0,49.0,27.51958,25.828362,32.564823,31.188297
1604192433,26.009166666666665,67.0,0.0,71.0,49.0,27.51958,25.828362,31.96678,31.188297
1604192434,26.009444444444444,68.0,0.0,71.0,49.0,29.653723,25.828362,31.96678,31.188297
1604192435,26.009722222222223,68.0,0.0,72.0,49.0,29.653723,25.828362,33.152107,31.188297
1604192436,26.01,68.0,0.0,72.0,49.0,29.653723,25.828362,33.152107,31.188297
1604192437,26.010277777777777,68.0,0.0,73.0,49.0,29.653723,25.828362,36.34462,31.188297
1604192438,26.010555555555555,68.0,0.0,73.0,49.0,29.653723,25.828362,36.34462,31.188297
1604192439,26.010833333333334,68.0,0.0,74.0,50.0,29.653723,25.828362,42.998123,31.972473
1604192440,26.011111111111113,68.0,0.0,75.0,50.0,29.653723,25.828362,46.897266,31.972473
1604192441,26.011388888888888,67.0,0.0,76.0,50.0,27.51958,25.828362,46.124573,31.972473
1604192442,26.011666666666667,67.0,0.0,77.0,50.0,27.51958,25.828362,45.31535,31.972473
1604192443,26.011944444444445,67.0,0.0,78.0,51.0,27.51958,25.828362,44.718513,32.41814
1604192444,26.01222222222222,67.0,0.0,78.0,51.0,27.51958,25.828362,44.718513,32.41814
1604192445,26.0125,67.0,0.0,81.0,52.0,27.51958,25.828362,45.720074,31.487083
1604192446,26.012777777777778,67.0,0.0,81.0,52.0,27.51958,25.828362,45.720074,31.487083
1604192447,26.013055555555557,67.0,0.0,82.0,52.0,27.51958,25.828362,46.372597,31.487083
1604192448,26.013333333333332,67.0,0.0,83.0,52.0,27.51958,25.828362,47.861263,31.487083
1604192449,26.01361111111111,66.0,0.0,83.0,52.0,31.175837,25.828362,47.861263,31.487083
1604192450,26.01388888888889,66.0,0.0,84.0,51.0,31.175837,25.828362,47.926147,32.41814
1604192451,26.014166666666668,66.0,0.0,83.0,51.0,31.175837,25.828362,47.861263,32.41814
1604192452,26.014444444444443,66.0,0.0,83.0,52.0,31.175837,25.828362,47.861263,31.487083
1604192453,26.014722222222222,66.0,0.0,82.0,51.0,31.175837,25.828362,46.372597,32.41814
1604192454,26.015,66.0,0.0,81.0,51.0,31.175837,25.828362,45.720074,32.41814
1604192455,26.01527777777778,65.0,0.0,80.0,51.0,38.23114,25.828362,44.84015,32.41814
1604192456,26.015555555555554,64.0,0.0,80.0,51.0,38.03207,25.828362,44.84015,32.41814
1604192457,26.015833333333333,64.0,0.0,71.0,51.0,38.03207,25.828362,31.96678,32.41814
1604192458,26.016111111111112,63.0,0.0,71.0,51.0,38.35149,25.828362,31.96678,32.41814
1604192459,26.01638888888889,63.0,0.0,71.0,51.0,38.35149,25.828362,31.96678,32.41814
1604192460,26.016666666666666,63.0,0.0,72.0,51.0,38.35149,25.828362,33.152107,32.41814
1604192461,26.016944444444444,63.0,0.0,73.0,52.0,38.35149,25.828362,36.34462,31.487083
1604192462,26.017222222222223,62.0,0.0,74.0,51.0,38.1595,25.828362,42.998123,32.41814
1604192463,26.0175,62.0,0.0,74.0,51.0,38.1595,25.828362,42.998123,32.41814
1604192464,26.017777777777777,62.0,0.0,75.0,51.0,38.1595,25.828362,46.897266,32.41814
1604192465,26.018055555555556,62.0,0.0,76.0,51.0,38.1595,25.828362,46.124573,32.41814
1604192466,26.018333333333334,62.0,0.0,78.0,51.0,38.1595,25.828362,44.718513,32.41814
1604192467,26.01861111111111,62.0,0.0,79.0,51.0,38.1595,25.828362,44.445107,32.41814
1604192468,26.01888888888889,62.0,0.0,80.0,51.0,38.1595,25.828362,44.84015,32.41814
1604192469,26.019166666666667,62.0,0.0,81.0,51.0,38.1595,25.828362,45.720074,32.41814
1604192470,26.019444444444446,62.0,0.0,81.0,50.0,38.1595,25.828362,45.720074,31.972473
1604192471,26.01972222222222,61.0,0.0,81.0,50.0,38.808372,25.828362,45.720074,31.972473
1604192472,26.02,61.0,0.0,82.0,50.0,38.808372,25.828362,46.372597,31.972473
1604192473,26.02027777777778,61.0,0.0,82.0,51.0,38.808372,25.828362,46.372597,32.41814
1604192474,26.020555555555557,61.0,0.0,82.0,51.0,38.808372,25.828362,46.372597,32.41814
1604192475,26.020833333333332,61.0,0.0,82.0,51.0,38.808372,25.828362,46.372597,32.41814
1604192476,26.02111111111111,61.0,0.0,83.0,51.0,38.808372,25.828362,47.861263,32.41814
1604192477,26.02138888888889,62.0,0.0,83.0,52.0,38.1595,25.828362,47.861263,31.487083
1604192478,26.02166666666667,62.0,0.0,83.0,52.0,38.1595,25.828362,47.861263,31.487083
1604192479,26.021944444444443,63.0,0.0,85.0,53.0,38.35149,25.828362,46.026196,37.064987
1604192480,26.022222222222222,63.0,0.0,86.0,54.0,38.35149,25.828362,42.85742,36.43932
1604192481,26.0225,63.0,0.0,86.0,55.0,38.35149,25.828362,42.85742,35.000477
1604192482,26.022777777777776,63.0,0.0,89.0,55.0,38.35149,25.828362,32.95744,35.000477
1604192483,26.023055555555555,63.0,0.0,89.0,55.0,38.35149,25.828362,32.95744,35.000477
1604192484,26.023333333333333,64.0,0.0,91.0,56.0,38.03207,25.828362,36.435623,34.679775
1604192485,26.023611111111112,64.0,0.0,91.0,56.0,38.03207,25.828362,36.435623,34.679775
1604192486,26.023888888888887,64.0,0.0,92.0,57.0,38.03207,25.828362,38.823906,33.968357
1604192487,26.024166666666666,64.0,0.0,91.0,57.0,38.03207,25.828362,36.435623,33.968357
1604192488,26.024444444444445,64.0,0.0,91.0,58.0,38.03207,25.828362,36.435623,32.459995
1604192489,26.024722222222223,64.0,0.0,90.0,58.0,38.03207,25.828362,34.227787,32.459995
1604192490,26.025,63.0,0.0,90.0,58.0,38.35149,25.828362,34.227787,32.459995
1604192491,26.025277777777777,63.0,0.0,87.0,58.0,38.35149,25.828362,38.898296,32.459995
1604192492,26.025555555555556,63.0,0.0,86.0,59.0,38.35149,25.828362,42.85742,32.20952
1604192493,26.025833333333335,63.0,0.0,85.0,59.0,38.35149,25.828362,46.026196,32.20952
1604192494,26.02611111111111,62.0,0.0,85.0,59.0,38.1595,25.828362,46.026196,32.20952
1604192495,26.02638888888889,62.0,0.0,84.0,59.0,38.1595,25.828362,47.926147,32.20952
1604192496,26.026666666666667,62.0,0.0,84.0,59.0,38.1595,25.828362,47.926147,32.20952
1604192497,26.026944444444446,62.0,0.0,84.0,60.0,38.1595,25.828362,47.926147,33.90716
1604192498,26.02722222222222,62.0,0.0,84.0,60.0,38.1595,25.828362,47.926147,33.90716
1604192499,26.0275,62.0,0.0,85.0,60.0,38.1595,25.828362,46.026196,33.90716
1604192500,26.02777777777778,62.0,0.0,85.0,60.0,38.1595,25.828362,46.026196,33.90716
1604192501,26.028055555555557,62.0,0.0,85.0,60.0,38.1595,25.828362,46.026196,33.90716
1604192502,26.028333333333332,62.0,0.0,85.0,60.0,38.1595,25.828362,46.026196,33.90716
1604192503,26.02861111111111,62.0,0.0,84.0,60.0,38.1595,25.828362,47.926147,33.90716
1604192504,26.02888888888889,62.0,0.0,84.0,61.0,38.1595,25.828362,47.926147,38.808372
1604192505,26.029166666666665,62.0,0.0,83.0,61.0,38.1595,25.828362,47.861263,38.808372
1604192506,26.029444444444444,62.0,0.0,83.0,61.0,38.1595,25.828362,47.861263,38.808372
1604192507,26.029722222222222,62.0,0.0,82.0,61.0,38.1595,25.828362,46.372597,38.808372
1604192508,26.03,62.0,0.0,82.0,60.0,38.1595,25.828362,46.372597,33.90716
1604192509,26.030277777777776,62.0,0.0,82.0,60.0,38.1595,25.828362,46.372597,33.90716
1604192510,26.030555555555555,61.0,0.0,83.0,59.0,38.808372,25.828362,47.861263,32.20952
1604192511,26.030833333333334,61.0,0.0,83.0,57.0,38.808372,25.828362,47.861263,33.968357
1604192512,26.031111111111112,61.0,0.0,83.0,56.0,38.808372,25.828362,47.861263,34.679775
1604192513,26.031388888888888,61.0,0.0,84.5,55.5,38.808372,25.828362,47.90731,35.425426
1604192514,26.031666666666666,61.0,0.0,86.0,55.0,38.808372,25.828362,42.85742,35.000477
1604192515,26.031944444444445,61.0,0.0,88.0,55.0,38.808372,25.828362,37.16776,35.000477
1604192516,26.032222222222224,61.0,0.0,89.0,55.0,38.808372,25.828362,32.95744,35.000477
1604192517,26.0325,61.0,0.0,91.0,54.0,38.808372,25.828362,36.435623,36.43932
1604192518,26.032777777777778,61.0,0.0,92.0,52.0,38.808372,25.828362,38.823906,31.487083
1604192519,26.033055555555556,61.0,0.0,94.0,52.0,38.808372,25.828362,34.64006,31.487083
1604192520,26.033333333333335,62.0,0.0,94.0,52.0,38.1595,25.828362,34.64006,31.487083
1604192521,26.03361111111111,62.0,0.0,98.0,52.0,38.1595,25.828362,25.081661,31.487083
1604192522,26.03388888888889,63.0,0.0,99.0,52.0,38.35149,25.828362,25.081661,31.487083
1604192523,26.034166666666668,63.0,0.0,100.0,52.0,38.35149,25.828362,25.081661,31.487083
1604192524,26.034444444444443,63.0,0.0,101.0,52.0,38.35149,25.828362,25.081661,31.487083
1604192525,26.03472222222222,64.0,0.0,101.0,52.0,38.03207,25.828362,25.081661,31.487083
1604192526,26.035,64.0,0.0,99.0,51.0,38.03207,25.828362,25.081661,32.41814
1604192527,26.03527777777778,65.0,0.0,98.0,51.0,38.23114,25.828362,25.081661,32.41814
1604192528,26.035555555555554,65.0,0.0,96.0,51.0,38.23114,25.828362,29.843079,32.41814
1604192529,26.035833333333333,65.0,0.0,95.0,50.0,38.23114,25.828362,29.843079,31.972473
1604192530,26.03611111111111,65.0,0.0,92.0,50.0,38.23114,25.828362,38.823906,31.972473
1604192531,26.03638888888889,65.0,0.0,89.0,50.0,38.23114,25.828362,32.95744,31.972473
1604192532,26.036666666666665,65.0,0.0,89.0,50.0,38.23114,25.828362,32.95744,31.972473
1604192533,26.036944444444444,65.0,0.0,84.0,50.0,38.23114,25.828362,47.926147,31.972473
1604192534,26.037222222222223,64.0,0.0,83.0,50.0,38.03207,25.828362,47.861263,31.972473
1604192535,26.0375,64.0,0.0,82.0,49.0,38.03207,25.828362,46.372597,31.188297
1604192536,26.037777777777777,63.0,0.0,82.0,49.0,38.35149,25.828362,46.372597,31.188297
1604192537,26.038055555555555,63.0,0.0,83.0,50.0,38.35149,25.828362,47.861263,31.972473
1604192538,26.038333333333334,62.0,0.0,83.0,50.0,38.1595,25.828362,47.861263,31.972473
1604192539,26.038611111111113,62.0,0.0,86.0,50.0,38.1595,25.828362,42.85742,31.972473
1604192540,26.038888888888888,62.0,0.0,88.0,50.0,38.1595,25.828362,37.16776,31.972473
1604192541,26.039166666666667,61.0,0.0,90.0,51.0,38.808372,25.828362,34.227787,32.41814
1604192542,26.039444444444445,61.0,0.0,93.0,51.0,38.808372,25.828362,37.50135,32.41814
1604192543,26.039722222222224,61.0,0.0,97.0,52.0,38.808372,25.828362,29.843079,31.487083
1604192544,26.04,61.0,0.0,99.0,52.0,38.808372,25.828362,25.081661,31.487083
1604192545,26.040277777777778,62.0,0.0,99.0,55.0,38.1595,25.828362,25.081661,35.000477
1604192546,26.040555555555557,62.0,0.0,104.0,55.0,38.1595,25.828362,29.793638,35.000477
1604192547,26.04083333333333,62.0,0.0,104.0,56.0,38.1595,25.828362,29.793638,34.679775
1604192548,26.04111111111111,63.0,0.0,105.0,57.0,38.35149,25.828362,29.793638,33.968357
1604192549,26.04138888888889,63.0,0.0,108.0,58.0,38.35149,25.828362,34.947193,32.459995
1604192550,26.041666666666668,64.0,0.0,108.0,58.0,38.03207,25.828362,34.947193,32.459995
1604192551,26.041944444444443,65.0,0.0,108.0,59.0,38.23114,25.828362,34.947193,32.20952
1604192552,26.04222222222222,65.0,0.0,109.0,59.0,38.23114,25.828362,35.518917,32.20952
1604192553,26.0425,66.0,0.0,108.0,60.0,31.175837,25.828362,34.947193,33.90716
1604192554,26.04277777777778,66.0,0.0,107.0,60.0,31.175837,25.828362,32.693993,33.90716
1604192555,26.043055555555554,67.0,0.0,106.0,60.0,27.51958,25.828362,32.693993,33.90716
1604192556,26.043333333333333,67.0,0.0,105.0,61.0,27.51958,25.828362,29.793638,38.808372
1604192557,26.04361111111111,67.0,0.0,103.0,61.0,27.51958,25.828362,29.793638,38.808372
1604192558,26.04388888888889,67.0,0.0,101.0,62.0,27.51958,25.828362,25.081661,38.1595
1604192559,26.044166666666666,67.0,0.0,100.0,62.0,27.51958,25.828362,25.081661,38.1595
1604192560,26.044444444444444,66.0,0.0,98.0,62.0,31.175837,25.828362,25.081661,38.1595
1604192561,26.044722222222223,65.0,0.0,97.0,62.0,38.23114,25.828362,29.843079,38.1595
1604192562,26.045,65.0,0.0,96.0,62.0,38.23114,25.828362,29.843079,38.1595
1604192563,26.045277777777777,64.0,0.0,96.0,62.0,38.03207,25.828362,29.843079,38.1595
1604192564,26.045555555555556,63.0,0.0,96.0,62.0,38.35149,25.828362,29.843079,38.1595
1604192565,26.045833333333334,62.0,0.0,97.0,62.0,38.1595,25.828362,29.843079,38.1595
1604192566,26.04611111111111,62.0,0.0,98.0,61.0,38.1595,25.828362,25.081661,38.808372
1604192567,26.046388888888888,61.0,0.0,99.0,61.0,38.808372,25.828362,25.081661,38.808372
1604192568,26.046666666666667,60.0,0.0,101.0,60.0,33.90716,25.828362,25.081661,33.90716
1604192569,26.046944444444446,60.0,0.0,101.0,60.0,33.90716,25.828362,25.081661,33.90716
1604192570,26.04722222222222,60.0,0.0,103.0,59.0,33.90716,25.828362,29.793638,32.20952
1604192571,26.0475,60.0,0.0,104.0,59.0,33.90716,25.828362,29.793638,32.20952
1604192572,26.047777777777778,60.0,0.0,104.0,59.0,33.90716,25.828362,29.793638,32.20952
1604192573,26.048055555555557,61.0,0.0,103.0,58.0,38.808372,25.828362,29.793638,32.459995
1604192574,26.048333333333332,61.0,0.0,100.0,58.0,38.808372,25.828362,25.081661,32.459995
1604192575,26.04861111111111,62.0,0.0,97.0,58.0,38.1595,25.828362,29.843079,32.459995
1604192576,26.04888888888889,62.0,0.0,94.0,58.0,38.1595,25.828362,34.64006,32.459995
1604192577,26.049166666666668,62.0,0.0,91.0,59.0,38.1595,25.828362,36.435623,32.20952
1604192578,26.049444444444443,62.0,0.0,88.0,59.0,38.1595,25.828362,37.16776,32.20952
1604192579,26.049722222222222,63.0,0.0,85.0,59.0,38.35149,25.828362,46.026196,32.20952
1604192580,26.05,63.0,0.0,85.0,59.0,38.35149,25.828362,46.026196,32.20952
1604192581,26.05027777777778,63.0,0.0,80.0,59.0,38.35149,25.828362,44.84015,32.20952
1604192582,26.050555555555555,63.0,0.0,78.0,59.0,38.35149,25.828362,44.718513,32.20952
1604192583,26.050833333333333,63.0,0.0,77.0,58.0,38.35149,25.828362,45.31535,32.459995
1604192584,26.051111111111112,63.0,0.0,77.0,58.0,38.35149,25.828362,45.31535,32.459995
1604192585,26.051388888888887,63.0,0.0,76.0,58.0,38.35149,25.828362,46.124573,32.459995
1604192586,26.051666666666666,64.0,0.0,76.0,57.0,38.03207,25.828362,46.124573,33.968357
1604192587,26.051944444444445,64.0,0.0,76.0,57.0,38.03207,25.828362,46.124573,33.968357
1604192588,26.052222222222223,64.0,0.0,76.0,56.0,38.03207,25.828362,46.124573,34.679775
1604192589,26.0525,64.0,0.0,76.0,52.0,38.03207,25.828362,46.124573,31.487083
1604192590,26.052777777777777,64.0,0.0,75.0,52.0,38.03207,25.828362,46.897266,31.487083
1604192591,26.053055555555556,65.0,0.0,75.0,52.0,38.23114,25.828362,46.897266,31.487083
1604192592,26.053333333333335,65.0,0.0,75.0,52.0,38.23114,25.828362,46.897266,31.487083
1604192593,26.05361111111111,65.0,0.0,74.0,52.0,38.23114,25.828362,42.998123,31.487083
1604192594,26.05388888888889,66.0,0.0,74.0,52.0,31.175837,25.828362,42.998123,31.487083
1604192595,26.054166666666667,66.0,0.0,74.0,51.0,31.175837,25.828362,42.998123,32.41814
1604192596,26.054444444444446,67.0,0.0,75.0,51.0,27.51958,25.828362,46.897266,32.41814
1604192597,26.05472222222222,67.0,0.0,75.0,51.0,27.51958,25.828362,46.897266,32.41814
1604192598,26.055,67.0,0.0,75.0,51.0,27.51958,25.828362,46.897266,32.41814
1604192599,26.05527777777778,68.0,0.0,75.0,50.0,29.653723,25.828362,46.897266,31.972473
1604192600,26.055555555555557,68.0,0.0,75.0,50.0,29.653723,25.828362,46.897266,31.972473
1604192601,26.055833333333332,69.0,0.0,75.0,50.0,31.202776,25.828362,46.897266,31.972473
1604192602,26.05611111111111,69.0,0.0,75.0,49.0,31.202776,25.828362,46.897266,31.188297
1604192603,26.05638888888889,69.0,0.0,75.0,49.0,31.202776,25.828362,46.897266,31.188297
1604192604,26.05666666666667,69.0,0.0,75.0,49.0,31.202776,25.828362,46.897266,31.188297
1604192605,26.056944444444444,69.0,0.0,75.0,49.0,31.202776,25.828362,46.897266,31.188297
1604192606,26.057222222222222,69.0,0.0,74.0,50.0,31.202776,25.828362,42.998123,31.972473
1604192607,26.0575,69.0,0.0,74.0,50.0,31.202776,25.828362,42.998123,31.972473
1604192608,26.057777777777776,69.0,0.0,75.0,51.0,31.202776,25.828362,46.897266,32.41814
1604192609,26.058055555555555,70.0,0.0,76.0,51.0,32.564823,25.828362,46.124573,32.41814
1604192610,26.058333333333334,70.0,0.0,77.0,51.0,32.564823,25.828362,45.31535,32.41814
1604192611,26.058611111111112,69.0,0.0,77.0,51.0,31.202776,25.828362,45.31535,32.41814
1604192612,26.058888888888887,69.0,0.0,77.0,52.0,31.202776,25.828362,45.31535,31.487083
1604192613,26.059166666666666,69.0,0.0,78.0,52.0,31.202776,25.828362,44.718513,31.487083
1604192614,26.059444444444445,69.0,0.0,80.0,52.0,31.202776,25.828362,44.84015,31.487083
1604192615,26.059722222222224,69.0,0.0,80.0,51.0,31.202776,25.828362,44.84015,32.41814
1604192616,26.06,68.0,0.0,81.0,51.0,29.653723,25.828362,45.720074,32.41814
1604192617,26.060277777777777,68.0,0.0,81.0,50.0,29.653723,25.828362,45.720074,31.972473
1604192618,26.060555555555556,68.0,0.0,82.0,50.0,29.653723,25.828362,46.372597,31.972473
1604192619,26.060833333333335,68.0,0.0,82.0,49.0,29.653723,25.828362,46.372597,31.188297
1604192620,26.06111111111111,67.0,0.0,82.0,49.0,27.51958,25.828362,46.372597,31.188297
1604192621,26.06138888888889,66.0,0.0,82.0,49.0,31.175837,25.828362,46.372597,31.188297
1604192622,26.061666666666667,65.0,0.0,81.0,48.0,38.23114,25.828362,45.720074,30.334219
1604192623,26.061944444444446,65.0,0.0,79.0,48.0,38.23114,25.828362,44.445107,30.334219
1604192624,26.06222222222222,65.0,0.0,77.0,48.0,38.23114,25.828362,45.31535,30.334219
1604192625,26.0625,65.0,0.0,76.0,49.0,38.23114,25.828362,46.124573,31.188297
1604192626,26.06277777777778,65.0,0.0,75.0,49.0,38.23114,25.828362,46.897266,31.188297
1604192627,26.063055555555554,65.0,0.0,75.0,50.0,38.23114,25.828362,46.897266,31.972473
1604192628,26.063333333333333,65.0,0.0,74.0,51.0,38.23114,25.828362,42.998123,32.41814
1604192629,26.06361111111111,65.0,0.0,73.0,52.0,38.23114,25.828362,36.34462,31.487083
1604192630,26.06388888888889,66.0,0.0,73.0,52.0,31.175837,25.828362,36.34462,31.487083
1604192631,26.064166666666665,66.0,0.0,73.0,53.0,31.175837,25.828362,36.34462,37.064987
1604192632,26.064444444444444,67.0,0.0,74.0,53.0,27.51958,25.828362,42.998123,37.064987
1604192633,26.064722222222223,67.0,0.0,75.0,53.0,27.51958,25.828362,46.897266,37.064987
1604192634,26.065,67.0,0.0,77.0,54.0,27.51958,25.828362,45.31535,36.43932
1604192635,26.065277777777776,67.0,0.0,79.0,54.0,27.51958,25.828362,44.445107,36.43932
1604192636,26.065555555555555,67.0,0.0,80.0,53.0,27.51958,25.828362,44.84015,37.064987
1604192637,26.065833333333334,68.0,0.0,81.0,53.0,29.653723,25.828362,45.720074,37.064987
1604192638,26.066111111111113,68.0,0.0,81.0,53.0,29.653723,25.828362,45.720074,37.064987
1604192639,26.066388888888888,68.0,0.0,83.0,52.0,29.653723,25.828362,47.861263,31.487083
1604192640,26.066666666666666,68.0,0.0,83.0,51.0,29.653723,25.828362,47.861263,32.41814
1604192641,26.066944444444445,68.0,0.0,83.0,51.0,29.653723,25.828362,47.861263,32.41814
1604192642,26.067222222222224,68.0,0.0,83.0,51.0,29.653723,25.828362,47.861263,32.41814
1604192643,26.0675,68.0,0.0,83.0,50.0,29.653723,25.828362,47.861263,31.972473
1604192644,26.067777777777778,69.0,0.0,82.0,50.0,31.202776,25.828362,46.372597,31.972473
1604192645,26.068055555555556,69.0,0.0,81.0,50.0,31.202776,25.828362,45.720074,31.972473
1604192646,26.06833333333333,68.0,0.0,81.0,51.0,29.653723,25.828362,45.720074,32.41814
1604192647,26.06861111111111,68.0,0.0,80.0,51.0,29.653723,25.828362,44.84015,32.41814
1604192648,26.06888888888889,68.0,0.0,79.0,51.0,29.653723,25.828362,44.445107,32.41814
1604192649,26.069166666666668,67.0,0.0,79.0,51.0,27.51958,25.828362,44.445107,32.41814
1604192650,26.069444444444443,67.0,0.0,79.0,51.0,27.51958,25.828362,44.445107,32.41814
1604192651,26.06972222222222,67.0,0.0,79.0,51.0,27.51958,25.828362,44.445107,32.41814
1604192652,26.07,66.0,0.0,80.0,51.0,31.175837,25.828362,44.84015,32.41814
1604192653,26.07027777777778,66.0,0.0,80.0,51.0,31.175837,25.828362,44.84015,32.41814
1604192654,26.070555555555554,65.0,0.0,81.0,51.0,38.23114,25.828362,45.720074,32.41814
1604192655,26.070833333333333,65.0,0.0,83.0,51.0,38.23114,25.828362,47.861263,32.41814
1604192656,26.07111111111111,65.0,0.0,84.0,51.0,38.23114,25.828362,47.926147,32.41814
1604192657,26.07138888888889,65.0,0.0,84.0,50.0,38.23114,25.828362,47.926147,31.972473
1604192658,26.071666666666665,65.0,0.0,87.0,50.0,38.23114,25.828362,38.898296,31.972473
1604192659,26.071944444444444,64.0,0.0,87.0,50.0,38.03207,25.828362,38.898296,31.972473
1604192660,26.072222222222223,64.0,0.0,90.0,49.0,38.03207,25.828362,34.227787,31.188297
1604192661,26.0725,63.0,0.0,91.0,50.0,38.35149,25.828362,36.435623,31.972473
1604192662,26.072777777777777,63.0,0.0,91.0,50.0,38.35149,25.828362,36.435623,31.972473
1604192663,26.073055555555555,63.0,0.0,91.0,50.0,38.35149,25.828362,36.435623,31.972473
1604192664,26.073333333333334,63.0,0.0,92.0,50.0,38.35149,25.828362,38.823906,31.972473
1604192665,26.073611111111113,64.0,0.0,92.0,51.0,38.03207,25.828362,38.823906,32.41814
1604192666,26.073888888888888,64.0,0.0,93.0,51.0,38.03207,25.828362,37.50135,32.41814
1604192667,26.074166666666667,64.0,0.0,93.0,51.0,38.03207,25.828362,37.50135,32.41814
1604192668,26.074444444444445,64.0,0.0,93.0,51.0,38.03207,25.828362,37.50135,32.41814
1604192669,26.07472222222222,65.0,0.0,93.0,52.0,38.23114,25.828362,37.50135,31.487083
1604192670,26.075,65.0,0.0,94.0,52.0,38.23114,25.828362,34.64006,31.487083
1604192671,26.075277777777778,66.0,0.0,94.0,52.0,31.175837,25.828362,34.64006,31.487083
1604192672,26.075555555555557,66.0,0.0,94.0,52.0,31.175837,25.828362,34.64006,31.487083
1604192673,26.075833333333332,67.0,0.0,95.0,52.0,27.51958,25.828362,29.843079,31.487083
1604192674,26.07611111111111,67.0,0.0,95.0,51.0,27.51958,25.828362,29.843079,32.41814
1604192675,26.07638888888889,67.0,0.0,95.0,52.0,27.51958,25.828362,29.843079,31.487083
1604192676,26.076666666666668,67.0,0.0,96.0,52.0,27.51958,25.828362,29.843079,31.487083
1604192677,26.076944444444443,67.0,0.0,96.0,52.0,27.51958,25.828362,29.843079,31.487083
1604192678,26.077222222222222,66.0,0.0,96.0,53.0,31.175837,25.828362,29.843079,37.064987
1604192679,26.0775,66.0,0.0,96.0,53.0,31.175837,25.828362,29.843079,37.064987
1604192680,26.07777777777778,65.0,0.0,97.0,53.0,38.23114,25.828362,29.843079,37.064987
1604192681,26.078055555555554,65.0,0.0,97.0,54.0,38.23114,25.828362,29.843079,36.43932
1604192682,26.078333333333333,65.0,0.0,98.0,54.0,38.23114,25.828362,25.081661,36.43932
1604192683,26.078611111111112,64.0,0.0,98.0,54.0,38.03207,25.828362,25.081661,36.43932
1604192684,26.07888888888889,63.0,0.0,97.0,54.0,38.35149,25.828362,29.843079,36.43932
1604192685,26.079166666666666,63.0,0.0,96.0,54.0,38.35149,25.828362,29.843079,36.43932
1604192686,26.079444444444444,62.0,0.0,96.0,53.0,38.1595,25.828362,29.843079,37.064987
1604192687,26.079722222222223,62.0,0.0,96.0,53.0,38.1595,25.828362,29.843079,37.064987
1604192688,26.08,61.0,0.0,96.0,52.0,38.808372,25.828362,29.843079,31.487083
1604192689,26.080277777777777,61.0,0.0,96.0,52.0,38.808372,25.828362,29.843079,31.487083
1604192690,26.080555555555556,61.0,0.0,95.0,50.0,38.808372,25.828362,29.843079,31.972473
1604192691,26.080833333333334,61.0,0.0,94.0,50.0,38.808372,25.828362,34.64006,31.972473
1604192692,26.08111111111111,61.0,0.0,94.0,49.0,38.808372,25.828362,34.64006,31.188297
1604192693,26.08138888888889,61.0,0.0,95.0,49.0,38.808372,25.828362,29.843079,31.188297
1604192694,26.081666666666667,61.0,0.0,95.0,49.0,38.808372,25.828362,29.843079,31.188297
1604192695,26.081944444444446,61.0,0.0,97.0,49.0,38.808372,25.828362,29.843079,31.188297
1604192696,26.08222222222222,61.0,0.0,98.0,49.0,38.808372,25.828362,25.081661,31.188297
1604192697,26.0825,62.0,0.0,97.0,49.0,38.1595,25.828362,29.843079,31.188297
1604192698,26.08277777777778,62.0,0.0,97.0,50.0,38.1595,25.828362,29.843079,31.972473
1604192699,26.083055555555557,62.0,0.0,97.0,50.0,38.1595,25.828362,29.843079,31.972473
1604192700,26.083333333333332,62.0,0.0,97.0,50.0,38.1595,25.828362,29.843079,31.972473
1604192701,26.08361111111111,63.0,0.0,97.0,50.0,38.35149,25.828362,29.843079,31.972473
1604192702,26.08388888888889,63.0,0.0,97.0,49.0,38.35149,25.828362,29.843079,31.188297
1604192703,26.08416666666667,63.0,0.0,96.0,49.0,38.35149,25.828362,29.843079,31.188297
1604192704,26.084444444444443,63.0,0.0,95.0,49.0,38.35149,25.828362,29.843079,31.188297
1604192705,26.084722222222222,63.0,0.0,95.0,48.0,38.35149,25.828362,29.843079,30.334219
1604192706,26.085,62.0,0.0,91.0,48.0,38.1595,25.828362,36.435623,30.334219
1604192707,26.085277777777776,62.0,0.0,90.0,48.0,38.1595,25.828362,34.227787,30.334219
1604192708,26.085555555555555,62.0,0.0,89.0,48.0,38.1595,25.828362,32.95744,30.334219
1604192709,26.085833333333333,62.0,0.0,89.0,48.0,38.1595,25.828362,32.95744,30.334219
1604192710,26.086111111111112,62.0,0.0,89.0,48.0,38.1595,25.828362,32.95744,30.334219
1604192711,26.086388888888887,62.0,0.0,88.0,48.0,38.1595,25.828362,37.16776,30.334219
1604192712,26.086666666666666,61.0,0.0,88.0,48.0,38.808372,25.828362,37.16776,30.334219
1604192713,26.086944444444445,61.0,0.0,88.0,48.0,38.808372,25.828362,37.16776,30.334219
1604192714,26.087222222222223,62.0,0.0,88.0,48.0,38.1595,25.828362,37.16776,30.334219
1604192715,26.0875,62.0,0.0,89.0,48.0,38.1595,25.828362,32.95744,30.334219
1604192716,26.087777777777777,62.0,0.0,90.0,48.0,38.1595,25.828362,34.227787,30.334219
1604192717,26.088055555555556,62.0,0.0,90.0,48.0,38.1595,25.828362,34.227787,30.334219
1604192718,26.088333333333335,62.0,0.0,91.0,47.0,38.1595,25.828362,36.435623,28.688797
1604192719,26.08861111111111,62.0,0.0,91.0,47.0,38.1595,25.828362,36.435623,28.688797
1604192720,26.08888888888889,62.0,0.0,91.0,47.0,38.1595,25.828362,36.435623,28.688797
1604192721,26.089166666666667,62.0,0.0,91.0,47.0,38.1595,25.828362,36.435623,28.688797
1604192722,26.089444444444446,63.0,0.0,92.0,46.0,38.35149,25.828362,38.823906,31.55322
1604192723,26.08972222222222,63.0,0.0,92.0,46.0,38.35149,25.828362,38.823906,31.55322
1604192724,26.09,63.0,0.0,92.0,46.0,38.35149,25.828362,38.823906,31.55322
1604192725,26.09027777777778,63.0,0.0,92.0,46.0,38.35149,25.828362,38.823906,31.55322
1604192726,26.090555555555557,63.0,0.0,91.0,46.0,38.35149,25.828362,36.435623,31.55322
1604192727,26.090833333333332,63.0,0.0,91.0,45.0,38.35149,25.828362,36.435623,31.573908
1604192728,26.09111111111111,63.0,0.0,91.0,45.0,38.35149,25.828362,36.435623,31.573908
1604192729,26.09138888888889,64.0,0.0,91.0,45.0,38.03207,25.828362,36.435623,31.573908
1604192730,26.091666666666665,64.0,0.0,90.0,45.0,38.03207,25.828362,34.227787,31.573908
1604192731,26.091944444444444,64.0,0.0,89.0,45.0,38.03207,25.828362,32.95744,31.573908
1604192732,26.092222222222222,64.0,0.0,87.0,45.0,38.03207,25.828362,38.898296,31.573908
1604192733,26.0925,63.0,0.0,87.0,45.0,38.35149,25.828362,38.898296,31.573908
1604192734,26.092777777777776,63.0,0.0,84.0,46.0,38.35149,25.828362,47.926147,31.55322
1604192735,26.093055555555555,63.0,0.0,84.0,46.0,38.35149,25.828362,47.926147,31.55322
1604192736,26.093333333333334,62.0,0.0,82.0,47.0,38.1595,25.828362,46.372597,28.688797
1604192737,26.093611111111112,62.0,0.0,80.0,48.0,38.1595,25.828362,44.84015,30.334219
1604192738,26.093888888888888,62.0,0.0,79.0,48.0,38.1595,25.828362,44.445107,30.334219
1604192739,26.094166666666666,62.0,0.0,78.0,49.0,38.1595,25.828362,44.718513,31.188297
1604192740,26.094444444444445,61.0,0.0,78.0,50.0,38.808372,25.828362,44.718513,31.972473
1604192741,26.094722222222224,61.0,0.0,77.0,50.0,38.808372,25.828362,45.31535,31.972473
1604192742,26.095,61.0,0.0,77.0,50.0,38.808372,25.828362,45.31535,31.972473
1604192743,26.095277777777778,61.0,0.0,79.0,51.0,38.808372,25.828362,44.445107,32.41814
1604192744,26.095555555555556,61.0,0.0,79.0,51.0,38.808372,25.828362,44.445107,32.41814
1604192745,26.095833333333335,61.0,0.0,82.0,51.0,38.808372,25.828362,46.372597,32.41814
1604192746,26.09611111111111,61.0,0.0,82.23076923076923,51.0,38.808372,25.828362,46.372597,32.41814
1604192747,26.09638888888889,61.0,0.0,82.46153846153847,51.0,38.808372,25.828362,46.913403,32.41814
1604192748,26.096666666666668,61.0,0.0,82.6923076923077,51.0,38.808372,25.828362,47.10048,32.41814
1604192749,26.096944444444443,61.0,0.0,82.92307692307692,51.0,38.808372,25.828362,47.988667,32.41814
1604192750,26.09722222222222,61.0,0.0,83.15384615384616,51.0,38.808372,25.828362,47.861263,32.41814
1604192751,26.0975,61.0,0.0,83.38461538461539,51.0,38.808372,25.828362,48.011906,32.41814
1604192752,26.09777777777778,61.0,0.0,83.61538461538461,51.0,38.808372,25.828362,47.931366,32.41814
1604192753,26.098055555555554,61.0,0.0,83.84615384615384,51.0,38.808372,25.828362,48.139103,32.41814
1604192754,26.098333333333333,61.0,0.0,84.07692307692308,51.0,38.808372,25.828362,47.926147,32.41814
1604192755,26.09861111111111,61.0,0.0,84.3076923076923,51.0,38.808372,25.828362,47.90731,32.41814
1604192756,26.09888888888889,61.0,0.0,84.53846153846153,51.0,38.808372,25.828362,47.90731,32.41814
1604192757,26.099166666666665,61.0,0.0,84.76923076923077,51.0,38.808372,25.828362,47.064037,32.41814
1604192758,26.099444444444444,61.0,0.0,85.0,51.0,38.808372,25.828362,46.026196,32.41814
1604192759,26.099722222222223,60.0,0.0,87.0,51.0,33.90716,25.828362,38.898296,32.41814
1604192760,26.1,60.0,0.0,89.0,50.0,33.90716,25.828362,32.95744,31.972473
1604192761,26.100277777777777,60.0,0.0,90.0,50.0,33.90716,25.828362,34.227787,31.972473
1604192762,26.100555555555555,60.0,0.0,91.0,50.0,33.90716,25.828362,36.435623,31.972473
1604192763,26.100833333333334,60.0,0.0,92.0,50.0,33.90716,25.828362,38.823906,31.972473
1604192764,26.101111111111113,59.66666666666666,0.0,92.0,49.66666666666666,31.813068,25.828362,38.823906,31.351425
1604192765,26.101388888888888,59.333333333333336,0.0,92.0,49.333333333333336,31.55513,25.828362,38.823906,31.188297
1604192766,26.101666666666667,59.0,0.0,92.0,49.0,32.20952,25.828362,38.823906,31.188297
1604192767,26.101944444444445,59.0,0.0,96.0,49.0,32.20952,25.828362,29.843079,31.188297
1604192768,26.102222222222224,58.0,0.0,96.0,49.0,32.459995,25.828362,29.843079,31.188297
1604192769,26.1025,58.0,0.0,95.0,48.0,32.459995,25.828362,29.843079,30.334219
1604192770,26.102777777777778,58.0,0.0,94.0,48.0,32.459995,25.828362,34.64006,30.334219
1604192771,26.103055555555557,58.0,0.0,94.0,48.0,32.459995,25.828362,34.64006,30.334219
1604192772,26.10333333333333,58.0,0.0,89.0,47.0,32.459995,25.828362,32.95744,28.688797
1604192773,26.10361111111111,58.0,0.0,89.0,47.0,32.459995,25.828362,32.95744,28.688797
1604192774,26.10388888888889,59.0,0.0,86.0,47.0,32.20952,25.828362,42.85742,28.688797
1604192775,26.104166666666668,59.0,0.0,80.0,47.0,32.20952,25.828362,44.84015,28.688797
1604192776,26.104444444444443,59.0,0.0,78.0,47.0,32.20952,25.828362,44.718513,28.688797
1604192777,26.10472222222222,59.0,0.0,78.0,47.0,32.20952,25.828362,44.718513,28.688797
1604192778,26.105,60.0,0.0,74.0,48.0,33.90716,25.828362,42.998123,30.334219
1604192779,26.10527777777778,60.0,0.0,73.0,48.0,33.90716,25.828362,36.34462,30.334219
1604192780,26.105555555555554,61.0,0.0,73.0,49.0,38.808372,25.828362,36.34462,31.188297
1604192781,26.105833333333333,61.0,0.0,72.0,49.0,38.808372,25.828362,33.152107,31.188297
1604192782,26.10611111111111,62.0,0.0,72.0,50.0,38.1595,25.828362,33.152107,31.972473
1604192783,26.10638888888889,62.0,0.0,72.0,50.0,38.1595,25.828362,33.152107,31.972473
1604192784,26.106666666666666,63.0,0.0,73.0,51.0,38.35149,25.828362,36.34462,32.41814
1604192785,26.106944444444444,63.0,0.0,73.0,51.0,38.35149,25.828362,36.34462,32.41814
1604192786,26.107222222222223,63.0,0.0,73.0,51.0,38.35149,25.828362,36.34462,32.41814
1604192787,26.1075,63.0,0.0,74.0,52.0,38.35149,25.828362,42.998123,31.487083
1604192788,26.107777777777777,63.0,0.0,73.0,52.0,38.35149,25.828362,36.34462,31.487083
1604192789,26.108055555555556,63.0,0.0,73.0,53.0,38.35149,25.828362,36.34462,37.064987
1604192790,26.108333333333334,62.0,0.0,73.0,53.0,38.1595,25.828362,36.34462,37.064987
1604192791,26.10861111111111,62.0,0.0,73.0,54.0,38.1595,25.828362,36.34462,36.43932
1604192792,26.108888888888888,62.0,0.0,72.0,54.0,38.1595,25.828362,33.152107,36.43932
1604192793,26.109166666666667,61.0,0.0,72.0,54.0,38.808372,25.828362,33.152107,36.43932
1604192794,26.109444444444446,61.0,0.0,72.0,54.0,38.808372,25.828362,33.152107,36.43932
1604192795,26.10972222222222,61.0,0.0,71.0,54.0,38.808372,25.828362,31.96678,36.43932
1604192796,26.11,61.0,0.0,71.0,53.0,38.808372,25.828362,31.96678,37.064987
1604192797,26.110277777777778,61.0,0.0,71.0,53.0,38.808372,25.828362,31.96678,37.064987
1604192798,26.110555555555557,61.0,0.0,71.0,52.0,38.808372,25.828362,31.96678,31.487083
1604192799,26.110833333333332,61.0,0.0,71.0,52.0,38.808372,25.828362,31.96678,31.487083
1604192800,26.11111111111111,61.0,0.0,72.0,52.0,38.808372,25.828362,33.152107,31.487083
1604192801,26.11138888888889,61.0,0.0,73.0,50.0,38.808372,25.828362,36.34462,31.972473
1604192802,26.111666666666668,61.0,0.0,79.0,50.0,38.808372,25.828362,44.445107,31.972473
1604192803,26.111944444444443,61.0,0.0,79.0,49.0,38.808372,25.828362,44.445107,31.188297
1604192804,26.112222222222222,61.0,0.0,79.0,49.0,38.808372,25.828362,44.445107,31.188297
1604192805,26.1125,61.0,0.0,78.0,49.0,38.808372,25.828362,44.718513,31.188297
1604192806,26.11277777777778,61.0,0.0,78.0,48.0,38.808372,25.828362,44.718513,30.334219
1604192807,26.113055555555555,61.0,0.0,77.0,48.0,38.808372,25.828362,45.31535,30.334219
1604192808,26.113333333333333,61.0,0.0,77.0,48.0,38.808372,25.828362,45.31535,30.334219
1604192809,26.113611111111112,61.0,0.0,77.0,50.0,38.808372,25.828362,45.31535,31.972473
1604192810,26.113888888888887,61.0,0.0,77.0,50.0,38.808372,25.828362,45.31535,31.972473
1604192811,26.114166666666666,61.0,0.0,77.0,50.0,38.808372,25.828362,45.31535,31.972473
1604192812,26.114444444444445,61.0,0.0,79.0,50.0,38.808372,25.828362,44.445107,31.972473
1604192813,26.114722222222223,61.0,0.0,79.0,50.0,38.808372,25.828362,44.445107,31.972473
1604192814,26.115,61.0,0.0,81.0,50.0,38.808372,25.828362,45.720074,31.972473
1604192815,26.115277777777777,61.0,0.0,82.0,50.0,38.808372,25.828362,46.372597,31.972473
1604192816,26.115555555555556,61.0,0.0,82.0,49.0,38.808372,25.828362,46.372597,31.188297
1604192817,26.115833333333335,61.0,0.0,84.0,49.0,38.808372,25.828362,47.926147,31.188297
1604192818,26.11611111111111,61.0,0.0,85.0,49.0,38.808372,25.828362,46.026196,31.188297
1604192819,26.11638888888889,62.0,0.0,86.0,49.0,38.1595,25.828362,42.85742,31.188297
1604192820,26.116666666666667,62.0,0.0,86.0,49.0,38.1595,25.828362,42.85742,31.188297
1604192821,26.116944444444446,62.0,0.0,86.0,49.0,38.1595,25.828362,42.85742,31.188297
1604192822,26.11722222222222,62.0,0.0,86.0,49.0,38.1595,25.828362,42.85742,31.188297
1604192823,26.1175,63.0,0.0,86.0,50.0,38.35149,25.828362,42.85742,31.972473
1604192824,26.11777777777778,63.0,0.0,85.0,50.0,38.35149,25.828362,46.026196,31.972473
1604192825,26.118055555555557,63.0,0.0,85.0,50.0,38.35149,25.828362,46.026196,31.972473
1604192826,26.118333333333332,64.0,0.0,84.0,50.0,38.03207,25.828362,47.926147,31.972473
1604192827,26.11861111111111,64.0,0.0,84.0,50.0,38.03207,25.828362,47.926147,31.972473
1604192828,26.11888888888889,64.0,0.0,84.0,51.0,38.03207,25.828362,47.926147,32.41814
1604192829,26.11916666666667,64.0,0.0,83.0,51.0,38.03207,25.828362,47.861263,32.41814
1604192830,26.119444444444444,64.0,0.0,83.0,51.0,38.03207,25.828362,47.861263,32.41814
1604192831,26.119722222222222,64.0,0.0,82.0,52.0,38.03207,25.828362,46.372597,31.487083
1604192832,26.12,64.0,0.0,82.0,52.0,38.03207,25.828362,46.372597,31.487083
1604192833,26.120277777777776,64.0,0.0,82.0,52.0,38.03207,25.828362,46.372597,31.487083
1604192834,26.120555555555555,63.0,0.0,81.0,53.0,38.35149,25.828362,45.720074,37.064987
1604192835,26.120833333333334,63.0,0.0,81.0,53.0,38.35149,25.828362,45.720074,37.064987
1604192836,26.121111111111112,62.0,0.0,81.0,54.0,38.1595,25.828362,45.720074,36.43932
1604192837,26.121388888888887,62.0,0.0,80.0,54.0,38.1595,25.828362,44.84015,36.43932
1604192838,26.121666666666666,61.0,0.0,80.0,54.0,38.808372,25.828362,44.84015,36.43932
1604192839,26.121944444444445,61.0,0.0,80.0,54.0,38.808372,25.828362,44.84015,36.43932
1604192840,26.122222222222224,61.0,0.0,80.0,55.0,38.808372,25.828362,44.84015,35.000477
1604192841,26.1225,60.0,0.0,81.0,55.0,33.90716,25.828362,45.720074,35.000477
1604192842,26.122777777777777,60.0,0.0,81.0,55.0,33.90716,25.828362,45.720074,35.000477
1604192843,26.123055555555556,60.0,0.0,81.0,55.0,33.90716,25.828362,45.720074,35.000477
1604192844,26.123333333333335,59.0,0.0,83.0,56.0,32.20952,25.828362,47.861263,34.679775
1604192845,26.12361111111111,59.0,0.0,84.0,55.0,32.20952,25.828362,47.926147,35.000477
1604192846,26.12388888888889,59.0,0.0,84.0,56.0,32.20952,25.828362,47.926147,34.679775
1604192847,26.124166666666667,59.0,0.0,84.0,56.0,32.20952,25.828362,47.926147,34.679775
1604192848,26.124444444444446,59.0,0.0,86.0,56.0,32.20952,25.828362,42.85742,34.679775
1604192849,26.12472222222222,59.0,0.0,86.0,56.0,32.20952,25.828362,42.85742,34.679775
1604192850,26.125,60.0,0.0,85.0,55.0,33.90716,25.828362,46.026196,35.000477
1604192851,26.12527777777778,60.0,0.0,85.0,56.0,33.90716,25.828362,46.026196,34.679775
1604192852,26.125555555555554,61.0,0.0,82.0,55.0,38.808372,25.828362,46.372597,35.000477
1604192853,26.125833333333333,61.0,0.0,82.0,55.0,38.808372,25.828362,46.372597,35.000477
1604192854,26.12611111111111,61.0,0.0,80.0,54.0,38.808372,25.828362,44.84015,36.43932
1604192855,26.12638888888889,62.0,0.0,75.0,54.0,38.1595,25.828362,46.897266,36.43932
1604192856,26.126666666666665,62.0,0.0,75.0,54.0,38.1595,25.828362,46.897266,36.43932
1604192857,26.126944444444444,62.0,0.0,71.0,53.0,38.1595,25.828362,31.96678,37.064987
1604192858,26.127222222222223,62.0,0.0,70.0,53.0,38.1595,25.828362,32.564823,37.064987
1604192859,26.1275,62.0,0.0,68.0,53.0,38.1595,25.828362,29.653723,37.064987
1604192860,26.127777777777776,63.0,0.0,68.0,53.0,38.35149,25.828362,29.653723,37.064987
1604192861,26.128055555555555,63.0,0.0,68.0,53.0,38.35149,25.828362,29.653723,37.064987
1604192862,26.128333333333334,63.0,0.0,68.0,53.0,38.35149,25.828362,29.653723,37.064987
1604192863,26.128611111111113,63.0,0.0,68.0,53.0,38.35149,25.828362,29.653723,37.064987
1604192864,26.128888888888888,63.0,0.0,69.0,52.0,38.35149,25.828362,31.202776,31.487083
1604192865,26.129166666666666,63.0,0.0,70.0,52.0,38.35149,25.828362,32.564823,31.487083
1604192866,26.129444444444445,64.0,0.0,70.0,52.0,38.03207,25.828362,32.564823,31.487083
1604192867,26.129722222222224,64.0,0.0,71.0,51.0,38.03207,25.828362,31.96678,32.41814
1604192868,26.13,64.0,0.0,71.0,51.0,38.03207,25.828362,31.96678,32.41814
1604192869,26.130277777777778,64.0,0.0,71.0,50.0,38.03207,25.828362,31.96678,31.972473
1604192870,26.130555555555556,64.0,0.0,71.0,50.0,38.03207,25.828362,31.96678,31.972473
1604192871,26.13083333333333,64.0,0.0,72.0,49.0,38.03207,25.828362,33.152107,31.188297
1604192872,26.13111111111111,64.0,0.0,73.0,49.0,38.03207,25.828362,36.34462,31.188297
1604192873,26.13138888888889,63.0,0.0,73.0,48.0,38.35149,25.828362,36.34462,30.334219
1604192874,26.131666666666668,63.0,0.0,74.0,48.0,38.35149,25.828362,42.998123,30.334219
1604192875,26.131944444444443,63.0,0.0,76.0,47.0,38.35149,25.828362,46.124573,28.688797
1604192876,26.13222222222222,62.0,0.0,78.0,47.0,38.1595,25.828362,44.718513,28.688797
1604192877,26.1325,62.0,0.0,80.0,47.0,38.1595,25.828362,44.84015,28.688797
1604192878,26.13277777777778,61.0,0.0,82.0,47.0,38.808372,25.828362,46.372597,28.688797
1604192879,26.133055555555554,61.0,0.0,82.0,47.0,38.808372,25.828362,46.372597,28.688797
1604192880,26.133333333333333,61.0,0.0,86.0,47.0,38.808372,25.828362,42.85742,28.688797
1604192881,26.13361111111111,61.0,0.0,86.0,47.0,38.808372,25.828362,42.85742,28.688797
1604192882,26.13388888888889,61.0,0.0,87.0,47.0,38.808372,25.828362,38.898296,28.688797
1604192883,26.134166666666665,61.0,0.0,89.0,48.0,38.808372,25.828362,32.95744,30.334219
1604192884,26.134444444444444,61.0,0.0,89.0,48.0,38.808372,25.828362,32.95744,30.334219
1604192885,26.134722222222223,61.0,0.0,88.0,48.0,38.808372,25.828362,37.16776,30.334219
1604192886,26.135,61.0,0.0,87.0,49.0,38.808372,25.828362,38.898296,31.188297
1604192887,26.135277777777777,62.0,0.0,85.0,50.0,38.1595,25.828362,46.026196,31.972473
1604192888,26.135555555555555,62.0,0.0,85.0,51.0,38.1595,25.828362,46.026196,32.41814
1604192889,26.135833333333334,63.0,0.0,84.0,52.0,38.35149,25.828362,47.926147,31.487083
1604192890,26.136111111111113,63.0,0.0,83.0,52.0,38.35149,25.828362,47.861263,31.487083
1604192891,26.136388888888888,63.0,0.0,83.0,53.0,38.35149,25.828362,47.861263,37.064987
1604192892,26.136666666666667,64.0,0.0,83.0,53.0,38.03207,25.828362,47.861263,37.064987
1604192893,26.136944444444445,64.0,0.0,82.0,54.0,38.03207,25.828362,46.372597,36.43932
1604192894,26.13722222222222,65.0,0.0,82.0,56.0,38.23114,25.828362,46.372597,34.679775
1604192895,26.1375,65.0,0.0,82.0,56.0,38.23114,25.828362,46.372597,34.679775
1604192896,26.137777777777778,65.0,0.0,83.0,57.0,38.23114,25.828362,47.861263,33.968357
1604192897,26.138055555555557,65.0,0.0,84.0,58.0,38.23114,25.828362,47.926147,32.459995
1604192898,26.138333333333332,65.0,0.0,87.0,58.0,38.23114,25.828362,38.898296,32.459995
1604192899,26.13861111111111,65.0,0.0,87.0,59.0,38.23114,25.828362,38.898296,32.20952
1604192900,26.13888888888889,65.0,0.0,89.0,59.0,38.23114,25.828362,32.95744,32.20952
1604192901,26.139166666666668,65.0,0.0,89.0,60.0,38.23114,25.828362,32.95744,33.90716
1604192902,26.139444444444443,64.0,0.0,90.0,61.0,38.03207,25.828362,34.227787,38.808372
1604192903,26.139722222222222,64.0,0.0,90.0,61.0,38.03207,25.828362,34.227787,38.808372
1604192904,26.14,64.0,0.0,91.0,62.0,38.03207,25.828362,36.435623,38.1595
1604192905,26.14027777777778,64.0,0.0,91.0,62.0,38.03207,25.828362,36.435623,38.1595
1604192906,26.140555555555554,64.0,0.0,90.0,62.0,38.03207,25.828362,34.227787,38.1595
1604192907,26.140833333333333,63.0,0.0,89.0,61.0,38.35149,25.828362,32.95744,38.808372
1604192908,26.141111111111112,63.0,0.0,89.0,61.0,38.35149,25.828362,32.95744,38.808372
1604192909,26.14138888888889,62.0,0.0,89.0,60.0,38.1595,25.828362,32.95744,33.90716
1604192910,26.141666666666666,62.0,0.0,88.0,60.0,38.1595,25.828362,37.16776,33.90716
1604192911,26.141944444444444,62.0,0.0,88.0,59.0,38.1595,25.828362,37.16776,32.20952
1604192912,26.142222222222223,62.0,0.0,87.0,59.0,38.1595,25.828362,38.898296,32.20952
1604192913,26.1425,62.0,0.0,87.0,58.0,38.1595,25.828362,38.898296,32.459995
1604192914,26.142777777777777,62.0,0.0,87.0,58.0,38.1595,25.828362,38.898296,32.459995
1604192915,26.143055555555556,63.0,0.0,87.0,59.0,38.35149,25.828362,38.898296,32.20952
1604192916,26.143333333333334,63.0,0.0,87.0,59.0,38.35149,25.828362,38.898296,32.20952
1604192917,26.14361111111111,64.0,0.0,88.0,59.0,38.03207,25.828362,37.16776,32.20952
1604192918,26.14388888888889,65.0,0.0,87.0,60.0,38.23114,25.828362,38.898296,33.90716
1604192919,26.144166666666667,66.0,0.0,87.0,60.0,31.175837,25.828362,38.898296,33.90716
1604192920,26.144444444444446,67.0,0.0,88.0,61.0,27.51958,25.828362,37.16776,38.808372
1604192921,26.14472222222222,67.0,0.0,88.0,61.0,27.51958,25.828362,37.16776,38.808372
1604192922,26.145,68.0,0.0,88.0,61.0,29.653723,25.828362,37.16776,38.808372
1604192923,26.14527777777778,68.0,0.0,88.0,60.0,29.653723,25.828362,37.16776,33.90716
1604192924,26.145555555555557,69.0,0.0,89.0,60.0,31.202776,25.828362,32.95744,33.90716
1604192925,26.145833333333332,69.0,0.0,89.0,60.0,31.202776,25.828362,32.95744,33.90716
1604192926,26.14611111111111,68.0,0.0,89.0,59.0,29.653723,25.828362,32.95744,32.20952
1604192927,26.14638888888889,68.0,0.0,89.0,59.0,29.653723,25.828362,32.95744,32.20952
1604192928,26.14666666666667,68.0,0.0,90.0,58.0,29.653723,25.828362,34.227787,32.459995
1604192929,26.146944444444443,68.0,0.0,90.0,58.0,29.653723,25.828362,34.227787,32.459995
1604192930,26.147222222222222,68.0,0.0,90.0,57.0,29.653723,25.828362,34.227787,33.968357
1604192931,26.1475,67.0,0.0,91.0,57.0,27.51958,25.828362,36.435623,33.968357
1604192932,26.147777777777776,67.0,0.0,91.0,57.0,27.51958,25.828362,36.435623,33.968357
1604192933,26.148055555555555,68.0,0.0,92.0,56.0,29.653723,25.828362,38.823906,34.679775
1604192934,26.148333333333333,68.0,0.0,92.0,56.0,29.653723,25.828362,38.823906,34.679775
1604192935,26.148611111111112,68.0,0.0,93.0,55.0,29.653723,25.828362,37.50135,35.000477
1604192936,26.148888888888887,68.0,0.0,93.0,55.0,29.653723,25.828362,37.50135,35.000477
1604192937,26.149166666666666,69.0,0.0,93.0,54.0,31.202776,25.828362,37.50135,36.43932
1604192938,26.149444444444445,69.0,0.0,92.0,54.0,31.202776,25.828362,38.823906,36.43932
1604192939,26.149722222222223,69.0,0.0,92.0,53.0,31.202776,25.828362,38.823906,37.064987
1604192940,26.15,69.0,0.0,93.0,53.0,31.202776,25.828362,37.50135,37.064987
1604192941,26.150277777777777,69.0,0.0,93.0,52.0,31.202776,25.828362,37.50135,31.487083
1604192942,26.150555555555556,69.0,0.0,93.0,52.0,31.202776,25.828362,37.50135,31.487083
1604192943,26.150833333333335,69.0,0.0,93.0,52.0,31.202776,25.828362,37.50135,31.487083
1604192944,26.15111111111111,69.0,0.0,93.0,52.0,31.202776,25.828362,37.50135,31.487083
1604192945,26.15138888888889,68.0,0.0,92.0,51.0,29.653723,25.828362,38.823906,32.41814
1604192946,26.151666666666667,68.0,0.0,93.0,51.0,29.653723,25.828362,37.50135,32.41814
1604192947,26.151944444444446,67.0,0.0,93.0,51.0,27.51958,25.828362,37.50135,32.41814
1604192948,26.15222222222222,66.0,0.0,94.0,51.0,31.175837,25.828362,34.64006,32.41814
1604192949,26.1525,66.0,0.0,96.0,51.0,31.175837,25.828362,29.843079,32.41814
1604192950,26.15277777777778,65.0,0.0,97.0,51.0,38.23114,25.828362,29.843079,32.41814
1604192951,26.153055555555557,65.0,0.0,97.0,52.0,38.23114,25.828362,29.843079,31.487083
1604192952,26.153333333333332,64.0,0.0,98.0,52.0,38.03207,25.828362,25.081661,31.487083
1604192953,26.15361111111111,64.0,0.0,98.0,52.0,38.03207,25.828362,25.081661,31.487083
1604192954,26.15388888888889,64.0,0.0,99.0,53.0,38.03207,25.828362,25.081661,37.064987
1604192955,26.154166666666665,64.0,0.0,98.0,53.0,38.03207,25.828362,25.081661,37.064987
1604192956,26.154444444444444,64.0,0.0,99.0,54.0,38.03207,25.828362,25.081661,36.43932
1604192957,26.154722222222222,64.0,0.0,99.0,54.0,38.03207,25.828362,25.081661,36.43932
1604192958,26.155,64.0,0.0,99.0,54.0,38.03207,25.828362,25.081661,36.43932
1604192959,26.155277777777776,64.0,0.0,99.0,54.0,38.03207,25.828362,25.081661,36.43932
1604192960,26.155555555555555,65.0,0.0,100.0,54.0,38.23114,25.828362,25.081661,36.43932
1604192961,26.155833333333334,66.0,0.0,100.0,54.0,31.175837,25.828362,25.081661,36.43932
1604192962,26.156111111111112,66.0,0.0,101.0,54.0,31.175837,25.828362,25.081661,36.43932
1604192963,26.156388888888888,67.0,0.0,101.0,53.0,27.51958,25.828362,25.081661,37.064987
1604192964,26.156666666666666,67.0,0.0,102.0,53.0,27.51958,25.828362,29.793638,37.064987
1604192965,26.156944444444445,67.0,0.0,102.0,50.0,27.51958,25.828362,29.793638,31.972473
1604192966,26.157222222222224,67.0,0.0,102.0,49.0,27.51958,25.828362,29.793638,31.188297
1604192967,26.1575,68.0,0.0,90.0,49.0,29.653723,25.828362,34.227787,31.188297
1604192968,26.157777777777778,68.0,0.0,88.0,49.0,29.653723,25.828362,37.16776,31.188297
1604192969,26.158055555555556,68.0,0.0,87.0,49.0,29.653723,25.828362,38.898296,31.188297
1604192970,26.158333333333335,68.0,0.0,86.0,49.0,29.653723,25.828362,42.85742,31.188297
1604192971,26.15861111111111,68.0,0.0,86.0,49.0,29.653723,25.828362,42.85742,31.188297
1604192972,26.15888888888889,68.0,0.0,86.0,49.0,29.653723,25.828362,42.85742,31.188297
1604192973,26.159166666666668,68.0,0.0,85.0,50.0,29.653723,25.828362,46.026196,31.972473
1604192974,26.159444444444443,68.0,0.0,85.0,50.0,29.653723,25.828362,46.026196,31.972473
1604192975,26.15972222222222,68.0,0.0,86.0,50.0,29.653723,25.828362,42.85742,31.972473
1604192976,26.16,68.0,0.0,86.0,50.0,29.653723,25.828362,42.85742,31.972473
1604192977,26.16027777777778,68.0,0.0,87.0,51.0,29.653723,25.828362,38.898296,32.41814
1604192978,26.160555555555554,68.0,0.0,89.0,51.0,29.653723,25.828362,32.95744,32.41814
1604192979,26.160833333333333,69.0,0.0,89.0,51.0,31.202776,25.828362,32.95744,32.41814
1604192980,26.16111111111111,68.0,0.0,89.0,52.0,29.653723,25.828362,32.95744,31.487083
1604192981,26.16138888888889,68.0,0.0,90.0,52.0,29.653723,25.828362,34.227787,31.487083
1604192982,26.161666666666665,68.0,0.0,91.0,52.0,29.653723,25.828362,36.435623,31.487083
1604192983,26.161944444444444,68.0,0.0,93.0,53.0,29.653723,25.828362,37.50135,37.064987
1604192984,26.162222222222223,68.0,0.0,96.0,53.0,29.653723,25.828362,29.843079,37.064987
1604192985,26.1625,69.0,0.0,97.0,53.0,31.202776,25.828362,29.843079,37.064987
1604192986,26.162777777777777,69.0,0.0,98.0,54.0,31.202776,25.828362,25.081661,36.43932
1604192987,26.163055555555555,69.0,0.0,98.0,54.0,31.202776,25.828362,25.081661,36.43932
1604192988,26.163333333333334,69.0,0.0,100.0,54.0,31.202776,25.828362,25.081661,36.43932
1604192989,26.163611111111113,69.0,0.0,100.0,54.0,31.202776,25.828362,25.081661,36.43932
1604192990,26.163888888888888,70.0,0.0,101.0,53.0,32.564823,25.828362,25.081661,37.064987
1604192991,26.164166666666667,70.0,0.0,101.0,53.0,32.564823,25.828362,25.081661,37.064987
1604192992,26.164444444444445,70.0,0.0,98.0,52.0,32.564823,25.828362,25.081661,31.487083
1604192993,26.164722222222224,71.0,0.0,98.0,52.0,31.96678,25.828362,25.081661,31.487083
1604192994,26.165,71.0,0.0,96.0,52.0,31.96678,25.828362,29.843079,31.487083
1604192995,26.165277777777778,71.0,0.0,95.0,51.0,31.96678,25.828362,29.843079,32.41814
1604192996,26.165555555555557,71.0,0.0,95.0,50.0,31.96678,25.828362,29.843079,31.972473
1604192997,26.16583333333333,71.0,0.0,94.0,50.0,31.96678,25.828362,34.64006,31.972473
1604192998,26.16611111111111,71.0,0.0,94.0,50.0,31.96678,25.828362,34.64006,31.972473
1604192999,26.16638888888889,72.0,0.0,94.0,50.0,33.152107,25.828362,34.64006,31.972473
1604193000,26.166666666666668,72.0,0.0,94.0,49.0,33.152107,25.828362,34.64006,31.188297
1604193001,26.166944444444443,73.0,0.0,96.0,49.0,36.34462,25.828362,29.843079,31.188297
1604193002,26.16722222222222,73.0,0.0,96.0,49.0,36.34462,25.828362,29.843079,31.188297
1604193003,26.1675,74.0,0.0,96.0,50.0,42.998123,25.828362,29.843079,31.972473
1604193004,26.16777777777778,74.0,0.0,98.0,50.0,42.998123,25.828362,25.081661,31.972473
1604193005,26.168055555555554,75.0,0.0,98.0,51.0,46.897266,25.828362,25.081661,32.41814
1604193006,26.168333333333333,76.0,0.0,99.0,51.0,46.124573,25.828362,25.081661,32.41814
1604193007,26.16861111111111,77.0,0.0,99.0,52.0,45.31535,25.828362,25.081661,31.487083
1604193008,26.16888888888889,77.0,0.0,100.0,52.0,45.31535,25.828362,25.081661,31.487083
1604193009,26.169166666666666,77.0,0.0,100.0,52.0,45.31535,25.828362,25.081661,31.487083
1604193010,26.169444444444444,77.0,0.0,100.0,52.0,45.31535,25.828362,25.081661,31.487083
1604193011,26.169722222222223,77.0,0.0,100.0,52.0,45.31535,25.828362,25.081661,31.487083
1604193012,26.17,77.0,0.0,102.0,52.0,45.31535,25.828362,29.793638,31.487083
1604193013,26.170277777777777,76.0,0.0,103.0,52.0,46.124573,25.828362,29.793638,31.487083
1604193014,26.170555555555556,75.0,0.0,105.0,51.0,46.897266,25.828362,29.793638,32.41814
1604193015,26.170833333333334,75.0,0.0,106.0,51.0,46.897266,25.828362,32.693993,32.41814
1604193016,26.17111111111111,73.0,0.0,106.0,50.0,36.34462,25.828362,32.693993,31.972473
1604193017,26.171388888888888,73.0,0.0,106.0,50.0,36.34462,25.828362,32.693993,31.972473
1604193018,26.171666666666667,72.0,0.0,107.0,50.0,33.152107,25.828362,32.693993,31.972473
1604193019,26.171944444444446,71.0,0.0,106.0,49.0,31.96678,25.828362,32.693993,31.188297
1604193020,26.17222222222222,71.0,0.0,106.0,49.0,31.96678,25.828362,32.693993,31.188297
1604193021,26.1725,71.0,0.0,107.0,49.0,31.96678,25.828362,32.693993,31.188297
1604193022,26.172777777777778,71.0,0.0,105.0,49.0,31.96678,25.828362,29.793638,31.188297
1604193023,26.173055555555557,71.0,0.0,105.0,49.0,31.96678,25.828362,29.793638,31.188297
1604193024,26.173333333333332,71.0,0.0,100.0,49.0,31.96678,25.828362,25.081661,31.188297
1604193025,26.17361111111111,71.0,0.0,98.0,49.0,31.96678,25.828362,25.081661,31.188297
1604193026,26.17388888888889,71.0,0.0,97.0,49.0,31.96678,25.828362,29.843079,31.188297
1604193027,26.174166666666668,71.0,0.0,95.0,48.0,31.96678,25.828362,29.843079,30.334219
1604193028,26.174444444444443,71.0,0.0,95.0,48.0,31.96678,25.828362,29.843079,30.334219
1604193029,26.174722222222222,71.0,0.0,92.0,48.0,31.96678,25.828362,38.823906,30.334219
1604193030,26.175,71.0,0.0,90.0,48.0,31.96678,25.828362,34.227787,30.334219
1604193031,26.17527777777778,71.0,0.0,88.0,48.0,31.96678,25.828362,37.16776,30.334219
1604193032,26.175555555555555,70.0,0.0,86.0,47.0,32.564823,25.828362,42.85742,28.688797
1604193033,26.175833333333333,70.0,0.0,86.0,47.0,32.564823,25.828362,42.85742,28.688797
1604193034,26.176111111111112,69.0,0.0,86.0,47.0,31.202776,25.828362,42.85742,28.688797
1604193035,26.176388888888887,68.0,0.0,85.0,47.0,29.653723,25.828362,46.026196,28.688797
1604193036,26.176666666666666,68.0,0.0,84.0,47.0,29.653723,25.828362,47.926147,28.688797
1604193037,26.176944444444445,67.0,0.0,85.0,47.0,27.51958,25.828362,46.026196,28.688797
1604193038,26.177222222222223,67.0,0.0,85.0,48.0,27.51958,25.828362,46.026196,30.334219
1604193039,26.1775,66.0,0.0,86.0,48.0,31.175837,25.828362,42.85742,30.334219
1604193040,26.177777777777777,66.0,0.0,87.0,48.0,31.175837,25.828362,38.898296,30.334219
1604193041,26.178055555555556,67.0,0.0,87.0,48.0,27.51958,25.828362,38.898296,30.334219
1604193042,26.178333333333335,66.0,0.0,87.0,49.0,31.175837,25.828362,38.898296,31.188297
1604193043,26.17861111111111,67.0,0.0,89.0,49.0,27.51958,25.828362,32.95744,31.188297
1604193044,26.17888888888889,67.0,0.0,89.0,50.0,27.51958,25.828362,32.95744,31.972473
1604193045,26.179166666666667,67.0,0.0,90.0,50.0,27.51958,25.828362,34.227787,31.972473
1604193046,26.179444444444446,67.0,0.0,90.0,50.0,27.51958,25.828362,34.227787,31.972473
1604193047,26.17972222222222,67.0,0.0,90.0,50.0,27.51958,25.828362,34.227787,31.972473
1604193048,26.18,67.0,0.0,89.0,50.0,27.51958,25.828362,32.95744,31.972473
1604193049,26.18027777777778,66.0,0.0,88.0,50.0,31.175837,25.828362,37.16776,31.972473
1604193050,26.180555555555557,66.0,0.0,86.0,50.0,31.175837,25.828362,42.85742,31.972473
1604193051,26.180833333333332,66.0,0.0,86.0,50.0,31.175837,25.828362,42.85742,31.972473
1604193052,26.18111111111111,65.0,0.0,85.0,49.0,38.23114,25.828362,46.026196,31.188297
1604193053,26.18138888888889,65.0,0.0,84.0,49.0,38.23114,25.828362,47.926147,31.188297
1604193054,26.18166666666667,65.0,0.0,84.0,49.0,38.23114,25.828362,47.926147,31.188297
1604193055,26.181944444444444,65.0,0.0,83.0,49.0,38.23114,25.828362,47.861263,31.188297
1604193056,26.182222222222222,65.0,0.0,82.0,49.0,38.23114,25.828362,46.372597,31.188297
1604193057,26.1825,66.0,0.0,82.0,49.0,31.175837,25.828362,46.372597,31.188297
1604193058,26.182777777777776,66.0,0.0,83.0,49.0,31.175837,25.828362,47.861263,31.188297
1604193059,26.183055555555555,66.0,0.0,85.0,49.0,31.175837,25.828362,46.026196,31.188297
1604193060,26.183333333333334,66.0,0.0,87.0,50.0,31.175837,25.828362,38.898296,31.972473
1604193061,26.183611111111112,66.0,0.0,89.0,50.0,31.175837,25.828362,32.95744,31.972473
1604193062,26.183888888888887,66.0,0.0,89.0,51.0,31.175837,25.828362,32.95744,32.41814
1604193063,26.184166666666666,66.0,0.0,93.0,51.0,31.175837,25.828362,37.50135,32.41814
1604193064,26.184444444444445,65.0,0.0,95.0,52.0,38.23114,25.828362,29.843079,31.487083
1604193065,26.184722222222224,65.0,0.0,95.0,52.0,38.23114,25.828362,29.843079,31.487083
1604193066,26.185,65.0,0.0,97.0,52.0,38.23114,25.828362,29.843079,31.487083
1604193067,26.185277777777777,65.0,0.0,99.0,52.0,38.23114,25.828362,25.081661,31.487083
1604193068,26.185555555555556,65.0,0.0,100.0,52.0,38.23114,25.828362,25.081661,31.487083
1604193069,26.185833333333335,64.0,0.0,100.0,51.0,38.03207,25.828362,25.081661,32.41814
1604193070,26.18611111111111,64.0,0.0,100.0,51.0,38.03207,25.828362,25.081661,32.41814
1604193071,26.18638888888889,64.0,0.0,100.0,51.0,38.03207,25.828362,25.081661,32.41814
1604193072,26.186666666666667,64.0,0.0,100.0,50.0,38.03207,25.828362,25.081661,31.972473
1604193073,26.186944444444446,64.0,0.0,100.0,50.0,38.03207,25.828362,25.081661,31.972473
1604193074,26.18722222222222,64.0,0.0,101.0,50.0,38.03207,25.828362,25.081661,31.972473
1604193075,26.1875,64.0,0.0,101.0,49.0,38.03207,25.828362,25.081661,31.188297
1604193076,26.18777777777778,65.0,0.0,106.0,49.0,38.23114,25.828362,32.693993,31.188297
1604193077,26.188055555555554,65.0,0.0,108.0,48.0,38.23114,25.828362,34.947193,30.334219
1604193078,26.188333333333333,65.0,0.0,108.0,48.0,38.23114,25.828362,34.947193,30.334219
1604193079,26.18861111111111,65.0,0.0,111.0,48.0,38.23114,25.828362,35.64185,30.334219
1604193080,26.18888888888889,65.0,0.0,113.0,48.0,38.23114,25.828362,35.488384,30.334219
1604193081,26.189166666666665,65.0,0.0,119.0,48.0,38.23114,25.828362,35.20983,30.334219
1604193082,26.189444444444444,65.0,0.0,123.0,47.0,38.23114,25.828362,46.43706,28.688797
1604193083,26.189722222222223,65.0,0.0,126.0,47.0,38.23114,25.828362,47.869053,28.688797
1604193084,26.19,65.0,0.0,126.0,47.0,38.23114,25.828362,47.869053,28.688797
1604193085,26.190277777777776,66.0,0.0,127.0,47.0,31.175837,25.828362,49.94644,28.688797
1604193086,26.190555555555555,66.0,0.0,127.0,48.0,31.175837,25.828362,49.94644,30.334219
1604193087,26.190833333333334,66.0,0.0,125.0,48.0,31.175837,25.828362,47.869053,30.334219
1604193088,26.191111111111113,67.0,0.0,124.0,48.0,27.51958,25.828362,47.338963,30.334219
1604193089,26.191388888888888,67.0,0.0,122.0,48.0,27.51958,25.828362,45.568817,30.334219
1604193090,26.191666666666666,68.0,0.0,120.0,48.0,29.653723,25.828362,43.61851,30.334219
1604193091,26.191944444444445,69.0,0.0,117.0,48.0,31.202776,25.828362,35.20983,30.334219
1604193092,26.192222222222224,69.0,0.0,115.0,48.0,31.202776,25.828362,34.720493,30.334219
1604193093,26.1925,70.0,0.0,113.0,49.0,32.564823,25.828362,35.488384,31.188297
1604193094,26.192777777777778,70.0,0.0,112.0,49.0,32.564823,25.828362,35.538506,31.188297
1604193095,26.193055555555556,70.0,0.0,112.0,49.0,32.564823,25.828362,35.538506,31.188297
1604193096,26.193333333333335,70.0,0.0,111.0,49.0,32.564823,25.828362,35.64185,31.188297
1604193097,26.19361111111111,70.0,0.0,112.0,49.0,32.564823,25.828362,35.538506,31.188297
1604193098,26.19388888888889,70.0,0.0,113.0,50.0,32.564823,25.828362,35.488384,31.972473
1604193099,26.194166666666668,70.0,0.0,114.0,50.0,32.564823,25.828362,34.720493,31.972473
1604193100,26.194444444444443,69.0,0.0,114.0,50.0,31.202776,25.828362,34.720493,31.972473
1604193101,26.19472222222222,69.0,0.0,117.0,50.0,31.202776,25.828362,35.20983,31.972473
1604193102,26.195,68.0,0.0,116.0,50.0,29.653723,25.828362,35.20983,31.972473
1604193103,26.19527777777778,67.0,0.0,115.0,50.0,27.51958,25.828362,34.720493,31.972473
1604193104,26.195555555555554,67.35714285714286,0.0,114.92857142857144,50.0,27.51958,25.828362,34.720493,31.972473
1604193105,26.195833333333333,67.71428571428571,0.0,114.85714285714286,50.0,28.9904,25.828362,34.720493,31.972473
1604193106,26.19611111111111,68.07142857142857,0.0,114.78571428571428,50.0,29.653723,25.828362,34.720493,31.972473
1604193107,26.19638888888889,68.42857142857143,0.0,114.71428571428572,50.0,29.653723,25.828362,34.720493,31.972473
1604193108,26.196666666666665,68.78571428571429,0.0,114.64285714285714,50.0,31.202776,25.828362,34.720493,31.972473
1604193109,26.196944444444444,69.14285714285714,0.0,114.57142857142856,50.0,31.202776,25.828362,34.720493,31.972473
1604193110,26.197222222222223,69.5,0.0,114.5,50.0,31.805754,25.828362,34.720493,31.972473
1604193111,26.1975,69.85714285714286,0.0,114.42857142857144,50.0,31.95629,25.828362,34.720493,31.972473
1604193112,26.197777777777777,70.21428571428571,0.0,114.35714285714286,50.0,32.564823,25.828362,34.720493,31.972473
1604193113,26.198055555555555,70.57142857142857,0.0,114.28571428571428,50.0,32.753067,25.828362,34.720493,31.972473
1604193114,26.198333333333334,70.92857142857143,0.0,114.21428571428572,50.0,32.91595,25.828362,34.720493,31.972473
1604193115,26.198611111111113,71.28571428571429,0.0,114.14285714285714,50.0,31.857058,25.828362,34.720493,31.972473
1604193116,26.198888888888888,71.64285714285714,0.0,114.07142857142856,50.0,32.422646,25.828362,34.720493,31.972473
1604193117,26.199166666666667,72.0,0.0,114.0,50.0,33.152107,25.828362,34.720493,31.972473
1604193118,26.199444444444445,72.0,0.0,113.0,50.0,33.152107,25.828362,35.488384,31.972473
1604193119,26.19972222222222,72.0,0.0,113.0,49.0,33.152107,25.828362,35.488384,31.188297
