timestamp,cal_pm25_fa
1606584240,77.69369
1606584241,77.69369
1606584242,77.69369
1606584243,77.69369
1606584244,77.69369
1606584245,77.69369
1606584246,77.69369
1606584247,77.03065
1606584248,77.69369
1606584249,77.03065
1606584250,77.03065
1606584251,77.03065
1606584252,77.03065
1606584253,77.03065
1606584254,77.03065
1606584255,77.03065
1606584256,77.03065
1606584257,76.40428
1606584258,76.40428
1606584259,77.03065
1606584260,77.03065
1606584261,77.03065
1606584262,77.03065
1606584263,77.03065
1606584264,77.03065
1606584265,77.03065
1606584266,77.03065
1606584267,77.03065
1606584268,77.03065
1606584269,76.40428
1606584270,76.17027
1606584271,76.17027
1606584272,76.17027
1606584273,76.17027
1606584274,76.17027
1606584275,76.17027
1606584276,76.17027
1606584277,76.40428
1606584278,76.40428
1606584279,76.40428
1606584280,76.40428
1606584281,76.40428
1606584282,76.17027
1606584283,76.40428
1606584284,76.17027
1606584285,76.17027
1606584286,76.17027
1606584287,75.72385
1606584288,75.63554
1606584289,75.63554
1606584290,75.63554
1606584291,75.63554
1606584292,75.72385
1606584293,76.17027
1606584294,76.17027
1606584295,76.17027
1606584296,77.03065
1606584297,77.03065
1606584298,77.69369
1606584299,77.69369
1606584300,77.69369
1606584301,77.69369
1606584302,77.69369
1606584303,77.69369
1606584304,77.69369
1606584305,77.69369
1606584306,77.69369
1606584307,77.69369
1606584308,77.69369
1606584309,77.69369
1606584310,77.69369
1606584311,77.69369
1606584312,77.69369
1606584313,77.69369
1606584314,77.69369
1606584315,77.69369
1606584316,77.69369
1606584317,77.69369
1606584318,77.69369
1606584319,77.69369
1606584320,77.69369
1606584321,77.69369
1606584322,77.69369
1606584323,77.69369
1606584324,77.69369
1606584325,77.69369
1606584326,77.03065
1606584327,77.03065
1606584328,77.03065
1606584329,77.03065
1606584330,77.03065
1606584331,77.03065
1606584332,77.03065
1606584333,77.03065
1606584334,77.03065
1606584335,77.03065
1606584336,77.03065
1606584337,77.03065
1606584338,77.03065
1606584339,77.03065
1606584340,77.03065
1606584341,77.03065
1606584342,77.03065
1606584343,77.03065
1606584344,77.03065
1606584345,77.03065
1606584346,77.69369
1606584347,77.03065
1606584348,77.03065
1606584349,77.69369
1606584350,77.69369
1606584351,77.03065
1606584352,77.69369
1606584353,77.69369
1606584354,77.69369
1606584355,77.69369
1606584356,77.69369
1606584357,77.69369
1606584358,77.69369
1606584359,77.69369
1606584360,77.69369
1606584361,77.69369
1606584362,77.69369
1606584363,77.69369
1606584364,77.69369
1606584365,77.69369
1606584366,77.69369
1606584367,77.69369
1606584368,77.69369
1606584369,77.69369
1606584370,77.69369
1606584371,78.9497
1606584372,77.69369
1606584373,77.69369
1606584374,77.69369
1606584375,77.69369
1606584376,77.69369
1606584377,77.69369
1606584378,77.69369
1606584379,77.69369
1606584380,77.69369
1606584381,77.69369
1606584382,77.69369
1606584383,77.69369
1606584384,77.69369
1606584385,77.69369
1606584386,77.69369
1606584387,77.03065
1606584388,77.69369
1606584389,77.69369
1606584390,77.69369
1606584391,77.03065
1606584392,77.69369
1606584393,77.69369
1606584394,77.69369
1606584395,77.03065
1606584396,77.03065
1606584397,77.03065
1606584398,77.03065
1606584399,77.03065
1606584400,76.40428
1606584401,76.40428
1606584402,76.40428
1606584403,76.40428
1606584404,76.17027
1606584405,76.40428
1606584406,76.40428
1606584407,76.40428
1606584408,76.40428
1606584409,77.03065
1606584410,77.69369
1606584411,77.69369
1606584412,77.69369
1606584413,77.69369
1606584414,77.69369
1606584415,77.69369
1606584416,77.69369
1606584417,77.69369
1606584418,77.69369
1606584419,77.69369
1606584420,77.69369
1606584421,77.69369
1606584422,77.69369
1606584423,77.69369
1606584424,77.69369
1606584425,77.69369
1606584426,77.69369
1606584427,77.69369
1606584428,77.69369
1606584429,77.69369
1606584430,77.69369
1606584431,77.69369
1606584432,77.69369
1606584433,77.69369
1606584434,77.69369
1606584435,77.69369
1606584436,77.69369
1606584437,77.69369
1606584438,77.69369
1606584439,77.69369
1606584440,77.69369
1606584441,77.69369
1606584442,77.69369
1606584443,77.69369
1606584444,77.69369
1606584445,77.69369
1606584446,77.69369
1606584447,77.69369
1606584448,77.69369
1606584449,77.69369
1606584450,77.69369
1606584451,77.69369
1606584452,77.69369
1606584453,77.69369
1606584454,77.69369
1606584455,77.69369
1606584456,77.69369
1606584457,77.69369
1606584458,77.69369
1606584459,77.69369
1606584460,77.69369
1606584461,77.69369
1606584462,77.69369
1606584463,77.69369
1606584464,77.69369
1606584465,77.03065
1606584466,77.03065
1606584467,77.69369
1606584468,77.03065
1606584469,77.03065
1606584470,76.40428
1606584471,77.03065
1606584472,77.03065
1606584473,77.03065
1606584474,77.69369
1606584475,77.69369
1606584476,77.69369
1606584477,77.69369
1606584478,77.69369
1606584479,77.69369
1606584480,77.69369
1606584481,77.69369
1606584482,77.69369
1606584483,77.69369
1606584484,77.69369
1606584485,77.69369
1606584486,77.69369
1606584487,77.69369
1606584488,77.69369
1606584489,77.69369
1606584490,77.69369
1606584491,77.03065
1606584492,76.40428
1606584493,76.40428
1606584494,76.17027
1606584495,76.17027
1606584496,75.72385
1606584497,76.17027
1606584498,75.72385
1606584499,75.72385
1606584500,75.72385
1606584501,75.63554
1606584502,75.71741
1606584503,75.71741
1606584504,75.71741
1606584505,75.63554
1606584506,75.63554
1606584507,75.71741
1606584508,75.71741
1606584509,75.63554
1606584510,75.72385
1606584511,75.72385
1606584512,76.17027
1606584513,76.17027
1606584514,76.17027
1606584515,76.17027
1606584516,76.17027
1606584517,76.17027
1606584518,76.17027
1606584519,76.17027
1606584520,76.17027
1606584521,76.17027
1606584522,76.17027
1606584523,76.17027
1606584524,76.17027
1606584525,76.17027
1606584526,76.40428
1606584527,76.17027
1606584528,76.40428
1606584529,76.40428
1606584530,76.40428
1606584531,76.17027
1606584532,76.40428
1606584533,76.17027
1606584534,76.17027
1606584535,76.17027
1606584536,76.17027
1606584537,76.17027
1606584538,76.17027
1606584539,76.17027
1606584540,76.40428
1606584541,76.40428
1606584542,77.03065
1606584543,77.69369
1606584544,77.69369
1606584545,77.69369
1606584546,77.69369
1606584547,77.69369
1606584548,77.69369
1606584549,77.69369
1606584550,77.03065
1606584551,77.03065
1606584552,77.03065
1606584553,77.03065
1606584554,77.03065
1606584555,77.03065
1606584556,77.03065
1606584557,76.40428
1606584558,76.40428
1606584559,76.40428
1606584560,77.03065
1606584561,77.69369
1606584562,77.03065
1606584563,77.69369
1606584564,77.69369
1606584565,77.03065
1606584566,77.69369
1606584567,77.69369
1606584568,77.03065
1606584569,77.03065
1606584570,77.03065
1606584571,77.03065
1606584572,76.40428
1606584573,77.03065
1606584574,77.03065
1606584575,76.40428
1606584576,76.40428
1606584577,77.03065
1606584578,77.03065
1606584579,77.03065
1606584580,77.03065
1606584581,77.03065
1606584582,77.03065
1606584583,76.40428
1606584584,76.40428
1606584585,76.17027
1606584586,76.17027
1606584587,76.17027
1606584588,76.17027
1606584589,76.17027
1606584590,76.17027
1606584591,76.17027
1606584592,76.17027
1606584593,76.17027
1606584594,76.17027
1606584595,75.72385
1606584596,75.72385
1606584597,75.63554
1606584598,75.71741
1606584599,75.02997
1606584600,75.71741
1606584601,75.02997
1606584602,75.02997
1606584603,75.02997
1606584604,75.02997
1606584605,75.02997
1606584606,75.71741
1606584607,75.71741
1606584608,75.63554
1606584609,75.63554
1606584610,75.71741
1606584611,75.71741
1606584612,75.71741
1606584613,75.71741
1606584614,75.71741
1606584615,75.71741
1606584616,75.71741
1606584617,75.71741
1606584618,75.71741
1606584619,75.63554
1606584620,75.72385
1606584621,76.17027
1606584622,76.17027
1606584623,76.17027
1606584624,77.03065
1606584625,77.03065
1606584626,77.03065
1606584627,77.03065
1606584628,77.69369
1606584629,77.69369
1606584630,77.03065
1606584631,77.03065
1606584632,76.40428
1606584633,76.17027
1606584634,76.17027
1606584635,75.72385
1606584636,75.63554
1606584637,75.63554
1606584638,75.63554
1606584639,75.63554
1606584640,75.63554
1606584641,75.63554
1606584642,75.72385
1606584643,76.17027
1606584644,76.17027
1606584645,76.40428
1606584646,76.40428
1606584647,77.03065
1606584648,77.03065
1606584649,77.69369
1606584650,77.69369
1606584651,77.69369
1606584652,77.69369
1606584653,77.69369
1606584654,77.69369
1606584655,77.69369
1606584656,77.69369
1606584657,77.69369
1606584658,77.69369
1606584659,77.69369
1606584660,77.69369
1606584661,77.69369
1606584662,77.69369
1606584663,77.69369
1606584664,77.69369
1606584665,77.69369
1606584666,77.69369
1606584667,77.69369
1606584668,77.69369
1606584669,77.69369
1606584670,77.69369
1606584671,77.69369
1606584672,77.69369
1606584673,77.03065
1606584674,77.03065
1606584675,76.40428
1606584676,77.03065
1606584677,76.40428
1606584678,76.40428
1606584679,75.72385
1606584680,76.17027
1606584681,75.72385
1606584682,76.17027
1606584683,75.72385
1606584684,75.72385
1606584685,75.72385
1606584686,76.17027
1606584687,75.72385
1606584688,76.17027
1606584689,76.17027
1606584690,75.72385
1606584691,76.17027
1606584692,76.17027
1606584693,76.17027
1606584694,76.17027
1606584695,76.40428
1606584696,76.40428
1606584697,76.40428
1606584698,76.40428
1606584699,77.03065
1606584700,77.03065
1606584701,77.03065
1606584702,77.03065
1606584703,76.40428
1606584704,77.03065
1606584705,77.03065
1606584706,77.03065
1606584707,76.40428
1606584708,76.17027
1606584709,76.17027
1606584710,76.17027
1606584711,75.72385
1606584712,75.72385
1606584713,75.72385
1606584714,75.72385
1606584715,75.63554
1606584716,75.72385
1606584717,76.17027
1606584718,76.17027
1606584719,76.17027
1606584720,76.17027
1606584721,76.40428
1606584722,76.40428
1606584723,77.03065
1606584724,77.03065
1606584725,76.40428
1606584726,76.40428
1606584727,76.17027
1606584728,76.17027
1606584729,76.17027
1606584730,76.17027
1606584731,75.72385
1606584732,75.63554
1606584733,75.71741
1606584734,75.71741
1606584735,75.02997
1606584736,75.71741
1606584737,75.71741
1606584738,75.02997
1606584739,75.02997
1606584740,75.02997
1606584741,75.02997
1606584742,75.71741
1606584743,75.71741
1606584744,75.71741
1606584745,75.63554
1606584746,75.63554
1606584747,75.71741
1606584748,75.71741
1606584749,75.71741
1606584750,75.63554
1606584751,75.72385
1606584752,76.17027
1606584753,76.17027
1606584754,76.17027
1606584755,76.17027
1606584756,76.17027
1606584757,76.40428
1606584758,77.03065
1606584759,76.40428
1606584760,77.03065
1606584761,76.40428
1606584762,76.40428
1606584763,76.17027
1606584764,76.40428
1606584765,76.17027
1606584766,76.17027
1606584767,76.17027
1606584768,75.72385
1606584769,75.72385
1606584770,75.71741
1606584771,75.71741
1606584772,75.71741
1606584773,75.71741
1606584774,75.71741
1606584775,75.71741
1606584776,75.71741
1606584777,75.71741
1606584778,75.63554
1606584779,75.71741
1606584780,75.71741
1606584781,75.71741
1606584782,75.71741
1606584783,75.02997
1606584784,75.02997
1606584785,75.02997
1606584786,75.71741
1606584787,75.71741
1606584788,75.63554
1606584789,75.63554
1606584790,75.63554
1606584791,75.63554
1606584792,75.63554
1606584793,75.63554
1606584794,75.72385
1606584795,75.72385
1606584796,75.63554
1606584797,75.72385
1606584798,75.72385
1606584799,75.72385
1606584800,75.72385
1606584801,75.72385
1606584802,75.72385
1606584803,75.72385
1606584804,76.17027
1606584805,76.17027
1606584806,76.17027
1606584807,76.40428
1606584808,76.40428
1606584809,76.40428
1606584810,77.03065
1606584811,77.03065
1606584812,77.03065
1606584813,77.03065
1606584814,77.03065
1606584815,77.03065
1606584816,77.03065
1606584817,77.03065
1606584818,76.40428
1606584819,76.40428
1606584820,76.40428
1606584821,76.40428
1606584822,76.40428
1606584823,77.03065
1606584824,76.40428
1606584825,77.03065
1606584826,77.03065
1606584827,77.03065
1606584828,77.03065
1606584829,77.03065
1606584830,77.03065
1606584831,76.40428
1606584832,76.40428
1606584833,77.03065
1606584834,76.40428
1606584835,77.03065
1606584836,76.40428
1606584837,76.40428
1606584838,76.40428
1606584839,76.40428
1606584840,77.03065
1606584841,77.03065
1606584842,77.03065
1606584843,77.69369
1606584844,77.69369
1606584845,77.69369
1606584846,77.69369
1606584847,77.69369
1606584848,77.69369
1606584849,77.69369
1606584850,77.69369
1606584851,77.03065
1606584852,77.03065
1606584853,77.03065
1606584854,77.03065
1606584855,77.03065
1606584856,76.40428
1606584857,76.17027
1606584858,76.17027
1606584859,76.17027
1606584860,75.72385
1606584861,75.63554
1606584862,75.63554
1606584863,75.63554
1606584864,75.63554
1606584865,75.63554
1606584866,75.63554
1606584867,75.63554
1606584868,75.63554
1606584869,75.72385
1606584870,77.03065
1606584871,77.03065
1606584872,77.03065
1606584873,77.03065
1606584874,77.03065
1606584875,77.03065
1606584876,76.40428
1606584877,76.17027
1606584878,76.17027
1606584879,76.17027
1606584880,76.17027
1606584881,75.72385
1606584882,75.72385
1606584883,75.72385
1606584884,75.72385
1606584885,75.72385
1606584886,76.17027
1606584887,76.17027
1606584888,76.40428
1606584889,77.03065
1606584890,77.03065
1606584891,77.03065
1606584892,77.69369
1606584893,77.69369
1606584894,77.69369
1606584895,77.69369
1606584896,77.03065
1606584897,77.03065
1606584898,76.40428
1606584899,76.40428
1606584900,76.17027
1606584901,76.17027
1606584902,76.17027
1606584903,76.17027
1606584904,76.17027
1606584905,76.17027
1606584906,75.72385
1606584907,76.17027
1606584908,76.17027
1606584909,76.17027
1606584910,76.17027
1606584911,76.17027
1606584912,76.17027
1606584913,76.17027
1606584914,76.17027
1606584915,77.03065
1606584916,77.03065
1606584917,77.03065
1606584918,77.03065
1606584919,77.03065
1606584920,77.03065
1606584921,77.69369
1606584922,77.69369
1606584923,77.69369
1606584924,77.69369
1606584925,77.69369
1606584926,77.69369
1606584927,77.69369
1606584928,77.03065
1606584929,77.03065
1606584930,76.40428
1606584931,76.40428
1606584932,76.17027
1606584933,76.17027
1606584934,76.17027
1606584935,75.72385
1606584936,75.72385
1606584937,75.63554
1606584938,75.63554
1606584939,75.71741
1606584940,75.63554
1606584941,75.71741
1606584942,75.71741
1606584943,75.63554
1606584944,75.63554
1606584945,75.63554
1606584946,75.72385
1606584947,76.17027
1606584948,76.17027
1606584949,76.40428
1606584950,76.40428
1606584951,77.03065
1606584952,77.03065
1606584953,77.69369
1606584954,77.69369
1606584955,77.69369
1606584956,77.69369
1606584957,77.69369
1606584958,77.69369
1606584959,77.69369
1606584960,77.03065
1606584961,77.03065
1606584962,77.03065
1606584963,76.40428
1606584964,76.40428
1606584965,76.40428
1606584966,77.03065
1606584967,77.03065
1606584968,76.40428
1606584969,76.40428
1606584970,77.03065
1606584971,77.03065
1606584972,77.03065
1606584973,77.69369
1606584974,77.69369
1606584975,77.69369
1606584976,77.69369
1606584977,77.69369
1606584978,77.69369
1606584979,77.69369
1606584980,77.69369
1606584981,77.03065
1606584982,77.03065
1606584983,76.40428
1606584984,77.03065
1606584985,76.40428
1606584986,76.40428
1606584987,76.40428
1606584988,76.40428
1606584989,76.40428
1606584990,76.17027
1606584991,76.40428
1606584992,76.40428
1606584993,76.40428
1606584994,76.17027
1606584995,76.17027
1606584996,76.17027
1606584997,76.17027
1606584998,76.17027
1606584999,76.17027
1606585000,76.17027
1606585001,76.17027
1606585002,76.17027
1606585003,76.17027
1606585004,76.17027
1606585005,76.40428
1606585006,76.17027
1606585007,76.40428
1606585008,76.40428
1606585009,76.17027
1606585010,76.17027
1606585011,76.17027
1606585012,76.17027
1606585013,75.72385
1606585014,76.17027
1606585015,76.17027
1606585016,76.17027
1606585017,76.17027
1606585018,76.17027
1606585019,75.72385
1606585020,76.17027
1606585021,76.17027
1606585022,76.17027
1606585023,76.40428
1606585024,76.17027
1606585025,76.17027
1606585026,76.17027
1606585027,76.17027
1606585028,76.17027
1606585029,76.40428
1606585030,76.17027
1606585031,76.40428
1606585032,76.40428
1606585033,76.40428
1606585034,76.17027
1606585035,76.40428
1606585036,76.17027
1606585037,76.17027
1606585038,76.17027
1606585039,76.17027
1606585040,76.40428
1606585041,76.17027
1606585042,76.17027
1606585043,75.72385
1606585044,75.72385
1606585045,75.72385
1606585046,75.63554
1606585047,75.72385
1606585048,76.17027
1606585049,76.17027
1606585050,76.17027
1606585051,76.40428
1606585052,77.03065
1606585053,77.03065
1606585054,77.69369
1606585055,77.69369
1606585056,77.69369
1606585057,77.69369
1606585058,77.69369
1606585059,77.69369
1606585060,77.69369
1606585061,77.03065
1606585062,77.03065
1606585063,77.03065
1606585064,77.03065
1606585065,77.03065
1606585066,77.03065
1606585067,76.40428
1606585068,77.03065
1606585069,77.03065
1606585070,77.03065
1606585071,76.40428
1606585072,76.40428
1606585073,76.40428
1606585074,76.17027
1606585075,76.17027
1606585076,76.17027
1606585077,76.40428
1606585078,76.17027
1606585079,76.17027
1606585080,76.17027
1606585081,76.17027
1606585082,76.17027
1606585083,76.17027
1606585084,76.40428
1606585085,76.17027
1606585086,76.40428
1606585087,76.17027
1606585088,76.17027
1606585089,76.40428
1606585090,76.40428
1606585091,76.17027
1606585092,76.17027
1606585093,76.17027
1606585094,75.71741
1606585095,75.63554
1606585096,75.02997
1606585097,75.02997
1606585098,75.02997
1606585099,75.02997
1606585100,75.02997
1606585101,75.02997
1606585102,75.02997
1606585103,75.02997
1606585104,75.02997
1606585105,66.78484
1606585106,75.02997
1606585107,75.02997
1606585108,66.78484
1606585109,66.78484
1606585110,66.78484
1606585111,66.78484
1606585112,66.78484
1606585113,66.78484
1606585114,66.78484
1606585115,66.78484
1606585116,66.78484
1606585117,66.78484
1606585118,66.78484
1606585119,75.02997
1606585120,75.02997
1606585121,75.02997
1606585122,75.02997
1606585123,75.02997
1606585124,75.71741
1606585125,75.71741
1606585126,75.71741
1606585127,75.63554
1606585128,75.63554
1606585129,75.72385
1606585130,75.71741
1606585131,75.71741
1606585132,75.71741
1606585133,75.71741
1606585134,75.71741
1606585135,75.02997
1606585136,75.71741
1606585137,75.71741
1606585138,75.71741
1606585139,75.63554
1606585140,75.63554
1606585141,75.63554
1606585142,75.63554
1606585143,75.63554
1606585144,75.63554
1606585145,75.63554
1606585146,75.63554
1606585147,75.63554
1606585148,75.63554
1606585149,75.72385
1606585150,75.72385
1606585151,75.72385
1606585152,75.63554
1606585153,75.72385
1606585154,75.72385
1606585155,75.72385
1606585156,75.63554
1606585157,75.63554
1606585158,75.63554
1606585159,75.72385
1606585160,75.72385
1606585161,75.72385
1606585162,76.17027
1606585163,76.17027
1606585164,76.17027
1606585165,76.17027
1606585166,76.17027
1606585167,76.17027
1606585168,76.17027
1606585169,76.17027
1606585170,76.17027
1606585171,76.17027
1606585172,76.17027
1606585173,75.72385
1606585174,75.72385
1606585175,75.63554
1606585176,75.63554
1606585177,75.63554
1606585178,75.63554
1606585179,75.63554
1606585180,75.63554
1606585181,75.63554
1606585182,75.63554
1606585183,75.63554
1606585184,75.71741
1606585185,75.71741
1606585186,75.71741
1606585187,75.02997
1606585188,75.02997
1606585189,75.02997
1606585190,75.02997
1606585191,75.02997
1606585192,75.02997
1606585193,75.02997
1606585194,75.02997
1606585195,75.71741
1606585196,75.71741
1606585197,75.63554
1606585198,75.72385
1606585199,75.72385
1606585200,75.72385
1606585201,76.17027
1606585202,76.17027
1606585203,76.17027
1606585204,76.17027
1606585205,76.17027
1606585206,76.17027
1606585207,76.17027
1606585208,76.17027
1606585209,75.72385
1606585210,76.17027
1606585211,75.72385
1606585212,75.72385
1606585213,75.72385
1606585214,75.63554
1606585215,75.71741
1606585216,75.71741
1606585217,75.71741
1606585218,75.71741
1606585219,75.71741
1606585220,75.71741
1606585221,75.71741
1606585222,75.63554
1606585223,75.71741
1606585224,75.63554
1606585225,75.71741
1606585226,75.63554
1606585227,75.71741
1606585228,75.63554
1606585229,75.63554
1606585230,75.63554
1606585231,75.72385
1606585232,75.72385
1606585233,76.17027
1606585234,76.17027
1606585235,76.17027
1606585236,76.17027
1606585237,76.17027
1606585238,76.17027
1606585239,76.17027
1606585240,76.17027
1606585241,76.17027
1606585242,75.63554
1606585243,75.72385
1606585244,75.63554
1606585245,75.63554
1606585246,75.71741
1606585247,75.71741
1606585248,75.71741
1606585249,75.71741
1606585250,75.71741
1606585251,75.71741
1606585252,75.71741
1606585253,75.71741
1606585254,75.71741
1606585255,75.63554
1606585256,75.63554
1606585257,75.63554
1606585258,75.63554
1606585259,75.72385
1606585260,75.63554
1606585261,75.72385
1606585262,75.72385
1606585263,75.72385
1606585264,76.17027
1606585265,76.17027
1606585266,76.17027
1606585267,75.72385
1606585268,76.17027
1606585269,75.72385
1606585270,75.72385
1606585271,75.72385
1606585272,75.72385
1606585273,75.63554
1606585274,75.71741
1606585275,75.02997
1606585276,75.02997
1606585277,75.71741
1606585278,75.02997
1606585279,75.02997
1606585280,75.02997
1606585281,75.02997
1606585282,75.02997
1606585283,75.71741
1606585284,75.71741
1606585285,75.63554
1606585286,75.72385
1606585287,75.72385
1606585288,75.72385
1606585289,75.72385
1606585290,75.72385
1606585291,75.72385
1606585292,75.72385
1606585293,75.72385
1606585294,75.72385
1606585295,75.72385
1606585296,75.63554
1606585297,75.72385
1606585298,75.63554
1606585299,75.71741
1606585300,75.02997
1606585301,75.02997
1606585302,75.02997
1606585303,75.02997
1606585304,75.02997
1606585305,66.78484
1606585306,66.78484
1606585307,66.78484
1606585308,66.78484
1606585309,66.78484
1606585310,66.78484
1606585311,66.78484
1606585312,66.78484
1606585313,66.78484
1606585314,66.78484
1606585315,66.78484
1606585316,66.78484
1606585317,75.02997
1606585318,75.02997
1606585319,75.02997
1606585320,75.71741
1606585321,75.71741
1606585322,75.63554
1606585323,75.63554
1606585324,75.63554
1606585325,75.63554
1606585326,75.63554
1606585327,75.63554
1606585328,75.63554
1606585329,75.63554
1606585330,75.72385
1606585331,75.72385
1606585332,75.72385
1606585333,76.17027
1606585334,75.72385
1606585335,75.72385
1606585336,75.72385
1606585337,75.72385
1606585338,75.63554
1606585339,75.63554
1606585340,75.63554
1606585341,75.71741
1606585342,75.63554
1606585343,75.63554
1606585344,75.63554
1606585345,75.71741
1606585346,75.63554
1606585347,75.63554
1606585348,75.71741
1606585349,75.71741
1606585350,75.71741
1606585351,75.71741
1606585352,75.02997
1606585353,75.02997
1606585354,75.02997
1606585355,75.02997
1606585356,75.02997
1606585357,75.71741
1606585358,75.71741
1606585359,75.71741
1606585360,75.71741
1606585361,75.71741
1606585362,75.63554
1606585363,75.63554
1606585364,75.71741
1606585365,75.63554
1606585366,75.63554
1606585367,75.63554
1606585368,75.63554
1606585369,75.71741
1606585370,75.71741
1606585371,75.71741
1606585372,75.71741
1606585373,75.71741
1606585374,75.71741
1606585375,75.71741
1606585376,75.71741
1606585377,75.63554
1606585378,75.63554
1606585379,75.72385
1606585380,75.72385
1606585381,75.72385
1606585382,75.72385
1606585383,75.72385
1606585384,75.72385
1606585385,75.72385
1606585386,75.63554
1606585387,75.63554
1606585388,75.71741
1606585389,75.71741
1606585390,75.71741
1606585391,75.71741
1606585392,75.71741
1606585393,75.71741
1606585394,75.63554
1606585395,75.72385
1606585396,75.72385
1606585397,75.72385
1606585398,75.72385
1606585399,75.72385
1606585400,75.72385
1606585401,75.63554
1606585402,75.63554
1606585403,75.63554
1606585404,75.63554
1606585405,75.71741
1606585406,75.71741
1606585407,75.71741
1606585408,75.71741
1606585409,75.71741
1606585410,75.63554
1606585411,75.63554
1606585412,75.63554
1606585413,75.72385
1606585414,75.72385
1606585415,75.72385
1606585416,76.17027
1606585417,75.63554
1606585418,75.63554
1606585419,75.63554
1606585420,75.71741
1606585421,75.71741
1606585422,75.02997
1606585423,75.02997
1606585424,75.02997
1606585425,75.02997
1606585426,75.71741
1606585427,75.71741
1606585428,75.71741
1606585429,75.71741
1606585430,75.71741
1606585431,75.63554
1606585432,75.63554
1606585433,75.63554
1606585434,75.72385
1606585435,75.72385
1606585436,75.72385
1606585437,75.72385
1606585438,75.72385
1606585439,75.72385
1606585440,75.72385
1606585441,75.72385
1606585442,75.72385
1606585443,75.72385
1606585444,76.17027
1606585445,75.72385
1606585446,75.63554
1606585447,75.63554
1606585448,75.63554
1606585449,75.71741
1606585450,75.71741
1606585451,75.71741
1606585452,75.71741
1606585453,75.02997
1606585454,75.02997
1606585455,75.02997
1606585456,75.02997
1606585457,75.02997
1606585458,75.02997
1606585459,75.02997
1606585460,75.71741
1606585461,75.71741
1606585462,75.63554
1606585463,75.63554
1606585464,75.63554
1606585465,75.72385
1606585466,75.72385
1606585467,75.72385
1606585468,75.72385
1606585469,75.63554
1606585470,75.63554
1606585471,75.63554
1606585472,75.63554
1606585473,75.63554
1606585474,75.63554
1606585475,75.72385
1606585476,75.72385
1606585477,76.17027
1606585478,75.72385
1606585479,76.17027
1606585480,76.17027
1606585481,76.17027
1606585482,76.17027
1606585483,76.17027
1606585484,75.72385
1606585485,75.72385
1606585486,75.72385
1606585487,75.63554
1606585488,75.63554
1606585489,75.63554
1606585490,75.71741
1606585491,75.71741
1606585492,75.71741
1606585493,75.71741
1606585494,75.71741
1606585495,75.71741
1606585496,75.71741
1606585497,75.02997
1606585498,75.71741
1606585499,75.71741
1606585500,75.71741
1606585501,75.63554
1606585502,75.63554
1606585503,75.63554
1606585504,75.72385
1606585505,75.72385
1606585506,75.72385
1606585507,75.72385
1606585508,75.72385
1606585509,75.72385
1606585510,75.72385
1606585511,75.72385
1606585512,76.17027
1606585513,75.72385
1606585514,75.72385
1606585515,76.17027
1606585516,75.72385
1606585517,75.72385
1606585518,75.72385
1606585519,75.63554
1606585520,75.72385
1606585521,76.17027
1606585522,76.17027
1606585523,76.17027
1606585524,75.72385
1606585525,75.72385
1606585526,75.72385
1606585527,75.72385
1606585528,75.72385
1606585529,75.72385
1606585530,75.72385
1606585531,75.72385
1606585532,75.71741
1606585533,75.71741
1606585534,75.02997
1606585535,75.02997
1606585536,75.02997
1606585537,66.78484
1606585538,75.72385
1606585539,75.72385
1606585540,76.17027
1606585541,75.72385
1606585542,75.72385
1606585543,75.72385
1606585544,75.72385
1606585545,75.72385
1606585546,75.72385
1606585547,75.71741
1606585548,75.63554
1606585549,75.71741
1606585550,75.71741
1606585551,75.71741
1606585552,75.02997
1606585553,75.71741
1606585554,75.71741
1606585555,75.71741
1606585556,75.71741
1606585557,75.71741
1606585558,75.02997
1606585559,75.02997
1606585560,75.71741
1606585561,75.63554
1606585562,75.63554
1606585563,75.63554
1606585564,75.63554
1606585565,75.63554
1606585566,75.71741
1606585567,75.63554
1606585568,75.63554
1606585569,75.63554
1606585570,75.63554
1606585571,75.63554
1606585572,75.63554
1606585573,75.72385
1606585574,75.72385
1606585575,75.72385
1606585576,76.17027
1606585577,76.17027
1606585578,76.17027
1606585579,76.17027
1606585580,76.17027
1606585581,76.40428
1606585582,76.40428
1606585583,77.03065
1606585584,76.40428
1606585585,76.40428
1606585586,76.40428
1606585587,76.40428
1606585588,76.40428
1606585589,77.03065
1606585590,77.03065
1606585591,77.03065
1606585592,77.03065
1606585593,76.40428
1606585594,76.40428
1606585595,75.72385
1606585596,75.72385
1606585597,75.63554
1606585598,75.71741
1606585599,75.02997
1606585600,75.02997
1606585601,75.02997
1606585602,75.02997
1606585603,75.02997
1606585604,75.71741
1606585605,75.71741
1606585606,75.63554
1606585607,75.72385
1606585608,75.72385
1606585609,76.17027
1606585610,76.17027
1606585611,76.17027
1606585612,76.17027
1606585613,76.17027
1606585614,76.17027
1606585615,76.40428
1606585616,76.17027
1606585617,76.40428
1606585618,76.40428
1606585619,76.40428
1606585620,76.17027
1606585621,75.72385
1606585622,75.63554
1606585623,75.71741
1606585624,75.71741
1606585625,75.71741
1606585626,75.63554
1606585627,75.71741
1606585628,75.71741
1606585629,75.71741
1606585630,75.71741
1606585631,75.71741
1606585632,75.72385
1606585633,75.72385
1606585634,75.72385
1606585635,75.72385
1606585636,75.72385
1606585637,75.72385
1606585638,75.72385
1606585639,75.72385
1606585640,75.72385
1606585641,75.72385
1606585642,75.72385
1606585643,75.63554
1606585644,75.63554
1606585645,75.72385
1606585646,75.72385
1606585647,75.72385
1606585648,76.17027
1606585649,76.17027
1606585650,75.63554
1606585651,75.63554
1606585652,75.72385
1606585653,75.72385
1606585654,76.17027
1606585655,76.17027
1606585656,76.17027
1606585657,76.17027
1606585658,75.72385
1606585659,75.63554
1606585660,75.63554
1606585661,75.63554
1606585662,75.63554
1606585663,75.71741
1606585664,75.71741
1606585665,75.02997
1606585666,75.02997
1606585667,75.02997
1606585668,75.02997
1606585669,75.02997
1606585670,75.02997
1606585671,75.02997
1606585672,75.71741
1606585673,75.71741
1606585674,75.71741
1606585675,75.71741
1606585676,75.71741
1606585677,75.63554
1606585678,75.63554
1606585679,75.71741
1606585680,75.71741
1606585681,75.71741
1606585682,75.71741
1606585683,75.02997
1606585684,75.02997
1606585685,75.02997
1606585686,75.02997
1606585687,75.02997
1606585688,75.02997
1606585689,75.02997
1606585690,75.02997
1606585691,75.02997
1606585692,75.02997
1606585693,75.02997
1606585694,75.02997
1606585695,75.02997
1606585696,75.02997
1606585697,75.02997
1606585698,75.02997
1606585699,75.71741
1606585700,75.71741
1606585701,75.71741
1606585702,75.63554
1606585703,75.63554
1606585704,75.72385
1606585705,75.72385
1606585706,76.17027
1606585707,76.17027
1606585708,76.17027
1606585709,76.40428
1606585710,76.17027
1606585711,76.40428
1606585712,76.40428
1606585713,76.40428
1606585714,76.40428
1606585715,76.40428
1606585716,76.40428
1606585717,76.40428
1606585718,76.40428
1606585719,76.40428
1606585720,76.40428
1606585721,76.40428
1606585722,76.17027
1606585723,76.17027
1606585724,76.17027
1606585725,75.72385
1606585726,75.63554
1606585727,75.63554
1606585728,75.71741
1606585729,75.71741
1606585730,75.71741
1606585731,75.71741
1606585732,75.71741
1606585733,75.63554
1606585734,75.72385
1606585735,76.17027
1606585736,76.17027
1606585737,76.17027
1606585738,76.40428
1606585739,76.40428
1606585740,77.03065
1606585741,77.03065
1606585742,77.03065
1606585743,76.40428
1606585744,76.40428
1606585745,76.17027
1606585746,76.17027
1606585747,76.17027
1606585748,76.17027
1606585749,76.17027
1606585750,75.72385
1606585751,75.63554
1606585752,75.63554
1606585753,75.63554
1606585754,75.63554
1606585755,75.63554
1606585756,75.63554
1606585757,75.63554
1606585758,75.71741
1606585759,75.63554
1606585760,75.71741
1606585761,75.71741
1606585762,75.71741
1606585763,75.71741
1606585764,75.02997
1606585765,75.02997
1606585766,75.02997
1606585767,75.02997
1606585768,75.02997
1606585769,75.02997
1606585770,75.02997
1606585771,66.78484
1606585772,66.78484
1606585773,66.78484
1606585774,66.78484
1606585775,66.78484
1606585776,66.78484
1606585777,66.78484
1606585778,66.78484
1606585779,66.78484
1606585780,66.78484
1606585781,66.78484
1606585782,75.02997
1606585783,75.63554
1606585784,75.63554
1606585785,75.63554
1606585786,75.72385
1606585787,75.63554
1606585788,75.63554
1606585789,75.63554
1606585790,75.71741
1606585791,75.71741
1606585792,75.02997
1606585793,75.02997
1606585794,66.78484
1606585795,75.02997
1606585796,66.78484
1606585797,66.78484
1606585798,75.02997
1606585799,75.02997
1606585800,75.02997
1606585801,75.02997
1606585802,75.02997
1606585803,75.02997
1606585804,75.71741
1606585805,75.71741
1606585806,75.63554
1606585807,75.71741
1606585808,75.71741
1606585809,75.63554
1606585810,75.71741
1606585811,75.71741
1606585812,75.71741
1606585813,75.71741
1606585814,75.71741
1606585815,75.02997
1606585816,75.02997
1606585817,75.02997
1606585818,75.02997
1606585819,75.02997
1606585820,75.02997
1606585821,75.02997
1606585822,75.02997
1606585823,66.78484
1606585824,66.78484
1606585825,66.78484
1606585826,66.78484
1606585827,66.78484
1606585828,66.78484
1606585829,66.78484
1606585830,75.02997
1606585831,75.02997
1606585832,75.71741
1606585833,75.71741
1606585834,75.63554
1606585835,75.63554
1606585836,75.72385
1606585837,76.17027
1606585838,76.17027
1606585839,76.17027
1606585840,76.40428
1606585841,76.40428
1606585842,77.03065
1606585843,77.03065
1606585844,77.03065
1606585845,77.03065
1606585846,77.03065
1606585847,77.03065
1606585848,77.03065
1606585849,76.40428
1606585850,76.40428
1606585851,76.17027
1606585852,76.17027
1606585853,76.17027
1606585854,76.17027
1606585855,76.17027
1606585856,76.17027
1606585857,76.40428
1606585858,77.03065
1606585859,77.03065
1606585860,77.03065
1606585861,77.69369
1606585862,77.69369
1606585863,77.69369
1606585864,77.69369
1606585865,77.69369
1606585866,77.69369
1606585867,77.69369
1606585868,77.69369
1606585869,77.69369
1606585870,77.03065
1606585871,77.03065
1606585872,77.03065
1606585873,77.03065
1606585874,77.03065
1606585875,77.03065
1606585876,77.03065
1606585877,77.03065
1606585878,77.03065
1606585879,77.03065
1606585880,77.03065
1606585881,76.40428
1606585882,76.40428
1606585883,76.17027
1606585884,76.17027
1606585885,75.72385
1606585886,75.63554
1606585887,75.63554
1606585888,75.63554
1606585889,75.71741
1606585890,75.71741
1606585891,75.63554
1606585892,75.63554
1606585893,75.72385
1606585894,76.17027
1606585895,76.17027
1606585896,76.17027
1606585897,76.17027
1606585898,76.40428
1606585899,77.03065
1606585900,77.03065
1606585901,77.03065
1606585902,76.40428
1606585903,77.03065
1606585904,77.03065
1606585905,77.03065
1606585906,76.40428
1606585907,76.40428
1606585908,76.40428
1606585909,76.40428
1606585910,76.40428
1606585911,76.40428
1606585912,76.40428
1606585913,76.17027
1606585914,76.17027
1606585915,76.17027
1606585916,76.17027
1606585917,76.17027
1606585918,75.72385
1606585919,76.17027
1606585920,76.17027
1606585921,75.72385
1606585922,76.17027
1606585923,76.17027
1606585924,76.17027
1606585925,76.17027
1606585926,76.40428
1606585927,76.40428
1606585928,77.03065
1606585929,77.03065
1606585930,77.03065
1606585931,77.03065
1606585932,77.03065
1606585933,77.69369
1606585934,77.69369
1606585935,77.69369
1606585936,77.69369
1606585937,77.69369
1606585938,77.69369
1606585939,77.69369
1606585940,77.69369
1606585941,77.69369
1606585942,77.69369
1606585943,77.69369
1606585944,77.69369
1606585945,77.03065
1606585946,77.03065
1606585947,76.40428
1606585948,76.40428
1606585949,76.17027
1606585950,76.17027
1606585951,76.17027
1606585952,76.17027
1606585953,76.17027
1606585954,76.17027
1606585955,76.17027
1606585956,76.17027
1606585957,76.40428
1606585958,76.40428
1606585959,77.03065
1606585960,77.03065
1606585961,77.03065
1606585962,76.40428
1606585963,77.03065
1606585964,77.03065
1606585965,76.40428
1606585966,77.03065
1606585967,77.03065
1606585968,77.69369
1606585969,77.69369
1606585970,77.69369
1606585971,77.69369
1606585972,77.69369
1606585973,77.03065
1606585974,77.03065
1606585975,77.03065
1606585976,77.69369
1606585977,77.03065
1606585978,77.03065
1606585979,77.03065
1606585980,77.03065
1606585981,76.40428
1606585982,76.40428
1606585983,76.40428
1606585984,76.40428
1606585985,76.40428
1606585986,76.40428
1606585987,76.40428
1606585988,76.40428
1606585989,77.03065
1606585990,77.03065
1606585991,77.69369
1606585992,77.69369
1606585993,77.69369
1606585994,77.69369
1606585995,77.69369
1606585996,77.69369
1606585997,77.69369
1606585998,77.69369
1606585999,77.69369
1606586000,77.69369
1606586001,77.69369
1606586002,77.69369
1606586003,77.69369
1606586004,77.69369
1606586005,77.69369
1606586006,77.69369
1606586007,77.69369
1606586008,77.69369
1606586009,77.69369
1606586010,77.69369
1606586011,77.69369
1606586012,77.69369
1606586013,77.69369
1606586014,77.69369
1606586015,77.69369
1606586016,77.69369
1606586017,77.69369
1606586018,77.69369
1606586019,77.69369
1606586020,77.03065
1606586021,77.03065
1606586022,77.03065
1606586023,76.40428
1606586024,76.40428
1606586025,76.17027
1606586026,76.17027
1606586027,76.17027
1606586028,76.17027
1606586029,76.17027
1606586030,76.17027
1606586031,76.17027
1606586032,76.17027
1606586033,76.17027
1606586034,76.17027
1606586035,76.17027
1606586036,76.40428
1606586037,76.40428
1606586038,76.40428
1606586039,76.17027
1606586040,76.17027
1606586041,76.17027
1606586042,75.72385
1606586043,75.72385
1606586044,75.72385
1606586045,75.72385
1606586046,75.63554
1606586047,75.71741
1606586048,75.71741
1606586049,75.71741
1606586050,75.71741
1606586051,75.63554
1606586052,75.72385
1606586053,75.72385
1606586054,75.72385
1606586055,75.72385
1606586056,75.72385
1606586057,75.72385
1606586058,75.72385
1606586059,75.72385
1606586060,75.72385
1606586061,76.17027
1606586062,76.17027
1606586063,76.40428
1606586064,77.03065
1606586065,77.03065
1606586066,77.03065
1606586067,77.69369
1606586068,77.03065
1606586069,77.03065
1606586070,77.03065
1606586071,77.03065
1606586072,77.03065
1606586073,76.40428
1606586074,76.17027
1606586075,76.17027
1606586076,76.17027
1606586077,75.72385
1606586078,75.72385
1606586079,75.72385
1606586080,75.72385
1606586081,75.63554
1606586082,75.72385
1606586083,75.72385
1606586084,75.72385
1606586085,75.72385
1606586086,75.72385
1606586087,75.72385
1606586088,75.63554
1606586089,75.63554
1606586090,75.71741
1606586091,75.71741
1606586092,75.02997
1606586093,75.02997
1606586094,75.02997
1606586095,75.02997
1606586096,75.02997
1606586097,75.02997
1606586098,75.02997
1606586099,75.02997
1606586100,75.02997
1606586101,75.02997
1606586102,75.02997
1606586103,75.71741
1606586104,75.71741
1606586105,75.71741
1606586106,75.02997
1606586107,75.71741
1606586108,75.71741
1606586109,75.71741
1606586110,75.71741
1606586111,75.71741
1606586112,75.71741
1606586113,75.63554
1606586114,75.71741
1606586115,75.63554
1606586116,75.71741
1606586117,75.63554
1606586118,75.63554
1606586119,75.71741
1606586120,75.71741
1606586121,75.71741
1606586122,75.02997
1606586123,75.71741
1606586124,75.71741
1606586125,75.63554
1606586126,75.71741
1606586127,75.63554
1606586128,75.63554
1606586129,75.72385
1606586130,76.17027
1606586131,76.17027
1606586132,77.03065
1606586133,77.03065
1606586134,77.03065
1606586135,77.69369
1606586136,77.69369
1606586137,77.69369
1606586138,77.69369
1606586139,77.69369
1606586140,77.69369
1606586141,77.03065
1606586142,77.03065
1606586143,77.03065
1606586144,76.40428
1606586145,76.17027
1606586146,76.17027
1606586147,75.72385
1606586148,75.72385
1606586149,75.72385
1606586150,75.72385
1606586151,75.63554
1606586152,75.63554
1606586153,75.72385
1606586154,75.72385
1606586155,75.72385
1606586156,76.17027
1606586157,76.17027
1606586158,76.40428
1606586159,76.40428
1606586160,77.03065
1606586161,77.69369
1606586162,77.69369
1606586163,77.69369
1606586164,77.69369
1606586165,77.69369
1606586166,77.03065
1606586167,77.03065
1606586168,76.40428
1606586169,76.17027
1606586170,75.72385
1606586171,75.63554
1606586172,75.02997
1606586173,75.02997
1606586174,66.78484
1606586175,66.78484
1606586176,66.78484
1606586177,66.78484
1606586178,66.78484
1606586179,66.78484
1606586180,66.78484
1606586181,66.78484
1606586182,66.78484
1606586183,66.78484
1606586184,66.78484
1606586185,66.78484
1606586186,66.78484
1606586187,66.78484
1606586188,66.78484
1606586189,66.78484
1606586190,66.78484
1606586191,66.78484
1606586192,66.78484
1606586193,66.78484
1606586194,66.78484
1606586195,66.78484
1606586196,66.78484
1606586197,66.78484
1606586198,66.78484
1606586199,66.78484
1606586200,66.78484
1606586201,66.78484
1606586202,66.78484
1606586203,66.78484
1606586204,66.78484
1606586205,66.78484
1606586206,66.78484
1606586207,66.78484
1606586208,66.78484
1606586209,66.78484
1606586210,66.78484
1606586211,66.78484
1606586212,66.78484
1606586213,66.78484
1606586214,66.78484
1606586215,66.78484
1606586216,66.78484
1606586217,66.78484
1606586218,75.02997
1606586219,66.78484
1606586220,66.78484
1606586221,66.78484
1606586222,66.78484
1606586223,66.78484
1606586224,66.78484
1606586225,66.78484
1606586226,66.78484
1606586227,66.78484
1606586228,66.78484
1606586229,66.78484
1606586230,66.78484
1606586231,66.78484
1606586232,66.78484
1606586233,66.78484
1606586234,66.78484
1606586235,66.78484
1606586236,66.78484
1606586237,66.78484
1606586238,66.78484
1606586239,66.78484
1606586240,66.78484
1606586241,66.78484
1606586242,66.78484
1606586243,66.78484
1606586244,66.78484
1606586245,75.02997
1606586246,75.02997
1606586247,75.02997
1606586248,75.63554
1606586249,75.63554
1606586250,76.17027
1606586251,76.17027
1606586252,76.17027
1606586253,76.40428
1606586254,76.40428
1606586255,76.40428
1606586256,76.40428
1606586257,76.40428
1606586258,76.40428
1606586259,76.40428
1606586260,76.40428
1606586261,76.40428
1606586262,76.40428
1606586263,76.17027
1606586264,76.17027
1606586265,76.40428
1606586266,76.17027
1606586267,76.17027
1606586268,76.40428
1606586269,76.17027
1606586270,76.17027
1606586271,76.17027
1606586272,76.17027
1606586273,76.17027
1606586274,76.17027
1606586275,76.17027
1606586276,76.17027
1606586277,75.72385
1606586278,75.72385
1606586279,75.63554
1606586280,75.63554
1606586281,75.71741
1606586282,75.02997
1606586283,75.02997
1606586284,75.71741
1606586285,75.02997
1606586286,75.02997
1606586287,75.02997
1606586288,75.02997
1606586289,66.78484
1606586290,66.78484
1606586291,66.78484
1606586292,66.78484
1606586293,66.78484
1606586294,66.78484
1606586295,66.78484
1606586296,66.78484
1606586297,75.02997
1606586298,75.02997
1606586299,75.71741
1606586300,75.63554
1606586301,75.63554
1606586302,76.17027
1606586303,76.17027
1606586304,76.17027
1606586305,76.40428
1606586306,76.17027
1606586307,76.40428
1606586308,76.40428
1606586309,76.40428
1606586310,76.40428
1606586311,76.40428
1606586312,76.40428
1606586313,77.03065
1606586314,77.03065
1606586315,77.03065
1606586316,77.03065
1606586317,77.03065
1606586318,77.03065
1606586319,77.03065
1606586320,77.03065
1606586321,76.40428
1606586322,76.40428
1606586323,76.17027
1606586324,76.17027
1606586325,76.17027
1606586326,76.17027
1606586327,75.72385
1606586328,75.72385
1606586329,75.72385
1606586330,75.63554
1606586331,75.63554
1606586332,75.71741
1606586333,75.71741
1606586334,75.71741
1606586335,75.71741
1606586336,75.02997
1606586337,75.71741
1606586338,75.02997
1606586339,75.02997
1606586340,75.71741
1606586341,75.71741
1606586342,75.02997
1606586343,75.71741
1606586344,75.63554
1606586345,75.71741
1606586346,75.71741
1606586347,75.63554
1606586348,75.63554
1606586349,75.72385
1606586350,75.72385
1606586351,75.72385
1606586352,75.72385
1606586353,75.72385
1606586354,75.72385
1606586355,75.72385
1606586356,75.72385
1606586357,75.72385
1606586358,75.72385
1606586359,75.72385
1606586360,75.72385
1606586361,75.72385
1606586362,75.72385
1606586363,75.72385
1606586364,75.72385
1606586365,75.72385
1606586366,75.72385
1606586367,75.63554
1606586368,75.72385
1606586369,75.63554
1606586370,75.63554
1606586371,75.63554
1606586372,75.71741
1606586373,75.63554
1606586374,75.63554
1606586375,75.63554
1606586376,75.02997
1606586377,75.02997
1606586378,75.02997
1606586379,75.02997
1606586380,75.02997
1606586381,75.02997
1606586382,75.02997
1606586383,75.02997
1606586384,75.02997
1606586385,75.02997
1606586386,75.02997
1606586387,75.02997
1606586388,75.02997
1606586389,75.02997
1606586390,75.02997
1606586391,75.02997
1606586392,75.02997
1606586393,66.78484
1606586394,66.78484
1606586395,66.78484
1606586396,66.78484
1606586397,66.78484
1606586398,66.78484
1606586399,66.78484
